-- MySQL dump 10.13  Distrib 8.0.31, for Win64 (x86_64)
--
-- Host: 127.0.0.1    Database: foodhive-nest
-- ------------------------------------------------------
-- Server version	8.0.30

/*!40101 SET @OLD_CHARACTER_SET_CLIENT=@@CHARACTER_SET_CLIENT */;
/*!40101 SET @OLD_CHARACTER_SET_RESULTS=@@CHARACTER_SET_RESULTS */;
/*!40101 SET @OLD_COLLATION_CONNECTION=@@COLLATION_CONNECTION */;
/*!50503 SET NAMES utf8 */;
/*!40103 SET @OLD_TIME_ZONE=@@TIME_ZONE */;
/*!40103 SET TIME_ZONE='+00:00' */;
/*!40014 SET @OLD_UNIQUE_CHECKS=@@UNIQUE_CHECKS, UNIQUE_CHECKS=0 */;
/*!40014 SET @OLD_FOREIGN_KEY_CHECKS=@@FOREIGN_KEY_CHECKS, FOREIGN_KEY_CHECKS=0 */;
/*!40101 SET @OLD_SQL_MODE=@@SQL_MODE, SQL_MODE='NO_AUTO_VALUE_ON_ZERO' */;
/*!40111 SET @OLD_SQL_NOTES=@@SQL_NOTES, SQL_NOTES=0 */;

--
-- Table structure for table `activations`
--

DROP TABLE IF EXISTS `activations`;
/*!40101 SET @saved_cs_client     = @@character_set_client */;
/*!50503 SET character_set_client = utf8mb4 */;
CREATE TABLE `activations` (
  `id` bigint unsigned NOT NULL AUTO_INCREMENT,
  `user_id` bigint unsigned NOT NULL,
  `code` varchar(120) CHARACTER SET utf8mb4 COLLATE utf8mb4_unicode_ci NOT NULL,
  `completed` tinyint(1) NOT NULL DEFAULT '0',
  `completed_at` timestamp NULL DEFAULT NULL,
  `created_at` timestamp NULL DEFAULT NULL,
  `updated_at` timestamp NULL DEFAULT NULL,
  PRIMARY KEY (`id`),
  KEY `activations_user_id_index` (`user_id`)
) ENGINE=InnoDB AUTO_INCREMENT=4 DEFAULT CHARSET=utf8mb4 COLLATE=utf8mb4_unicode_ci;
/*!40101 SET character_set_client = @saved_cs_client */;

--
-- Dumping data for table `activations`
--

LOCK TABLES `activations` WRITE;
/*!40000 ALTER TABLE `activations` DISABLE KEYS */;
INSERT INTO `activations` VALUES (1,1,'uLSsHipe0tEKOPKnLMdtiby9m2iP0pGN',1,'2023-03-05 23:43:00','2023-03-05 23:43:00','2023-03-05 23:43:01'),(2,2,'0bRZxFI2o4W4fPNselauJm2O8AySq9lD',1,'2023-06-14 23:09:26','2023-06-14 23:09:26','2023-06-14 23:09:26'),(3,3,'iMoqNKwTDfUz0NcxtKuA7jCnMeDNTcC9',1,'2023-06-15 00:17:53','2023-06-15 00:17:53','2023-06-15 00:17:53');
/*!40000 ALTER TABLE `activations` ENABLE KEYS */;
UNLOCK TABLES;

--
-- Table structure for table `admin_notifications`
--

DROP TABLE IF EXISTS `admin_notifications`;
/*!40101 SET @saved_cs_client     = @@character_set_client */;
/*!50503 SET character_set_client = utf8mb4 */;
CREATE TABLE `admin_notifications` (
  `id` bigint unsigned NOT NULL AUTO_INCREMENT,
  `title` varchar(191) CHARACTER SET utf8mb4 COLLATE utf8mb4_unicode_ci NOT NULL,
  `action_label` varchar(191) CHARACTER SET utf8mb4 COLLATE utf8mb4_unicode_ci DEFAULT NULL,
  `action_url` varchar(191) CHARACTER SET utf8mb4 COLLATE utf8mb4_unicode_ci DEFAULT NULL,
  `description` varchar(400) CHARACTER SET utf8mb4 COLLATE utf8mb4_unicode_ci NOT NULL,
  `read_at` timestamp NULL DEFAULT NULL,
  `created_at` timestamp NULL DEFAULT NULL,
  `updated_at` timestamp NULL DEFAULT NULL,
  PRIMARY KEY (`id`)
) ENGINE=InnoDB DEFAULT CHARSET=utf8mb4 COLLATE=utf8mb4_unicode_ci;
/*!40101 SET character_set_client = @saved_cs_client */;

--
-- Dumping data for table `admin_notifications`
--

LOCK TABLES `admin_notifications` WRITE;
/*!40000 ALTER TABLE `admin_notifications` DISABLE KEYS */;
/*!40000 ALTER TABLE `admin_notifications` ENABLE KEYS */;
UNLOCK TABLES;

--
-- Table structure for table `ads`
--

DROP TABLE IF EXISTS `ads`;
/*!40101 SET @saved_cs_client     = @@character_set_client */;
/*!50503 SET character_set_client = utf8mb4 */;
CREATE TABLE `ads` (
  `id` bigint unsigned NOT NULL AUTO_INCREMENT,
  `name` varchar(255) CHARACTER SET utf8mb4 COLLATE utf8mb4_unicode_ci NOT NULL,
  `expired_at` datetime DEFAULT NULL,
  `location` varchar(120) CHARACTER SET utf8mb4 COLLATE utf8mb4_unicode_ci DEFAULT NULL,
  `key` varchar(120) CHARACTER SET utf8mb4 COLLATE utf8mb4_unicode_ci NOT NULL,
  `image` varchar(255) CHARACTER SET utf8mb4 COLLATE utf8mb4_unicode_ci DEFAULT NULL,
  `url` varchar(255) CHARACTER SET utf8mb4 COLLATE utf8mb4_unicode_ci DEFAULT NULL,
  `clicked` bigint NOT NULL DEFAULT '0',
  `order` int DEFAULT '0',
  `status` varchar(60) CHARACTER SET utf8mb4 COLLATE utf8mb4_unicode_ci NOT NULL DEFAULT 'published',
  `created_at` timestamp NULL DEFAULT NULL,
  `updated_at` timestamp NULL DEFAULT NULL,
  PRIMARY KEY (`id`),
  UNIQUE KEY `ads_key_unique` (`key`)
) ENGINE=InnoDB AUTO_INCREMENT=13 DEFAULT CHARSET=utf8mb4 COLLATE=utf8mb4_unicode_ci;
/*!40101 SET character_set_client = @saved_cs_client */;

--
-- Dumping data for table `ads`
--

LOCK TABLES `ads` WRITE;
/*!40000 ALTER TABLE `ads` DISABLE KEYS */;
INSERT INTO `ads` VALUES (1,'Everyday Fresh','2028-03-06 00:00:00','not_set','IZ6WU8KUALYD','promotion/1.png','/products',0,1,'published','2023-03-05 23:43:01','2023-03-05 23:43:01'),(2,'Make your Breakfast','2028-03-06 00:00:00','not_set','ILSFJVYFGCPZ','promotion/2.png','/products',0,2,'published','2023-03-05 23:43:01','2023-03-05 23:43:01'),(3,'The best Organic','2028-03-06 00:00:00','not_set','ILSDKVYFGXPH','promotion/3.png','/products',0,3,'published','2023-03-05 23:43:01','2023-03-05 23:43:01'),(4,'Bring nature into your home','2028-03-06 00:00:00','not_set','IZ6WU8KUALYG','promotion/4.png','/products',0,4,'published','2023-03-05 23:43:01','2023-03-05 23:43:01'),(5,'Delivered to your home','2028-03-06 00:00:00','banner-big','IZ6WU8KUALYH','promotion/5.png','/products',0,5,'published','2023-03-05 23:43:01','2023-03-05 23:43:01'),(6,'Save 17% on Oganic Juice','2028-03-06 00:00:00','no_set','IZ6WU8KUALYI','promotion/6.png','/products',0,6,'published','2023-03-05 23:43:01','2023-03-05 23:43:01'),(7,'Everyday Fresh & Clean with Our Products','2028-03-06 00:00:00','item-style-4','IZ6WU8KUALYJ','promotion/7.png','/products',0,7,'published','2023-03-05 23:43:01','2023-03-05 23:43:01'),(8,'The best Organic Products Online','2028-03-06 00:00:00','item-style-5','IZ6WU8KUALYK','promotion/8.png','/products',0,8,'published','2023-03-05 23:43:01','2023-03-05 23:43:01'),(9,'Everyday Fresh with Our Products','2028-03-06 00:00:00','item-style-2','IZ6WU8KUALYL','promotion/9.png',NULL,0,9,'published','2023-03-05 23:43:01','2023-03-05 23:43:01'),(10,'100% guaranteed all Fresh items','2028-03-06 00:00:00','item-style-2','IZ6WU8KUALYM','promotion/10.png',NULL,0,10,'published','2023-03-05 23:43:01','2023-03-05 23:43:01'),(11,'Special grocery sale off this month','2028-03-06 00:00:00','item-style-2','IZ6WU8KUALYN','promotion/11.png',NULL,0,11,'published','2023-03-05 23:43:01','2023-03-05 23:43:01'),(12,'Enjoy 15% OFF for all vegetable and fruit','2028-03-06 00:00:00','item-style-2','IZ6WU8KUALYO','promotion/12.png',NULL,0,12,'published','2023-03-05 23:43:01','2023-03-05 23:43:01');
/*!40000 ALTER TABLE `ads` ENABLE KEYS */;
UNLOCK TABLES;

--
-- Table structure for table `ads_translations`
--

DROP TABLE IF EXISTS `ads_translations`;
/*!40101 SET @saved_cs_client     = @@character_set_client */;
/*!50503 SET character_set_client = utf8mb4 */;
CREATE TABLE `ads_translations` (
  `lang_code` varchar(191) CHARACTER SET utf8mb4 COLLATE utf8mb4_unicode_ci NOT NULL,
  `ads_id` bigint unsigned NOT NULL,
  `name` varchar(255) CHARACTER SET utf8mb4 COLLATE utf8mb4_unicode_ci DEFAULT NULL,
  `image` varchar(255) CHARACTER SET utf8mb4 COLLATE utf8mb4_unicode_ci DEFAULT NULL,
  `url` varchar(255) CHARACTER SET utf8mb4 COLLATE utf8mb4_unicode_ci DEFAULT NULL,
  PRIMARY KEY (`lang_code`,`ads_id`)
) ENGINE=InnoDB DEFAULT CHARSET=utf8mb4 COLLATE=utf8mb4_unicode_ci;
/*!40101 SET character_set_client = @saved_cs_client */;

--
-- Dumping data for table `ads_translations`
--

LOCK TABLES `ads_translations` WRITE;
/*!40000 ALTER TABLE `ads_translations` DISABLE KEYS */;
INSERT INTO `ads_translations` VALUES ('vi',1,'Tươi mỗi ngày','promotion/1.png','/vi/products'),('vi',2,'Nấu bữa sáng của bạn','promotion/2.png','/vi/products'),('vi',3,'Hữu cơ tốt nhất','promotion/3.png','/vi/products'),('vi',4,'Mang thiên nhiên vào ngôi nhà của bạn','promotion/4.png','/vi/products'),('vi',5,'Giao tận nhà','promotion/5.png','/vi/products'),('vi',6,'Tiết kiệm 17% khi mua nước ép hữu cơ','promotion/6.png','/vi/products'),('vi',7,'Tươi và Sạch hàng ngày với các sản phẩm của chúng tôi','promotion/7.png','/vi/products'),('vi',8,'Các sản phẩm hữu cơ tốt nhất trực tuyến','promotion/8.png','/vi/products'),('vi',9,'Tươi mới mỗi ngày với các sản phẩm của chúng tôi','promotion/9.png','/vi/products'),('vi',10,'100% đảm bảo tất cả các mặt hàng tươi','promotion/10.png','/vi/products'),('vi',11,'Giảm giá hàng tạp hóa đặc biệt trong tháng này','promotion/11.png','/vi/products'),('vi',12,'GIẢM GIÁ 15% cho tất cả rau và trái cây','promotion/12.png','/vi/products');
/*!40000 ALTER TABLE `ads_translations` ENABLE KEYS */;
UNLOCK TABLES;

--
-- Table structure for table `audit_histories`
--

DROP TABLE IF EXISTS `audit_histories`;
/*!40101 SET @saved_cs_client     = @@character_set_client */;
/*!50503 SET character_set_client = utf8mb4 */;
CREATE TABLE `audit_histories` (
  `id` bigint unsigned NOT NULL AUTO_INCREMENT,
  `user_id` bigint unsigned NOT NULL,
  `module` varchar(60) CHARACTER SET utf8mb4 COLLATE utf8mb4_unicode_ci NOT NULL,
  `request` text CHARACTER SET utf8mb4 COLLATE utf8mb4_unicode_ci,
  `action` varchar(120) CHARACTER SET utf8mb4 COLLATE utf8mb4_unicode_ci NOT NULL,
  `user_agent` text CHARACTER SET utf8mb4 COLLATE utf8mb4_unicode_ci,
  `ip_address` varchar(39) CHARACTER SET utf8mb4 COLLATE utf8mb4_unicode_ci DEFAULT NULL,
  `reference_user` bigint unsigned NOT NULL,
  `reference_id` bigint unsigned NOT NULL,
  `reference_name` varchar(255) CHARACTER SET utf8mb4 COLLATE utf8mb4_unicode_ci NOT NULL,
  `type` varchar(20) CHARACTER SET utf8mb4 COLLATE utf8mb4_unicode_ci NOT NULL,
  `created_at` timestamp NULL DEFAULT NULL,
  `updated_at` timestamp NULL DEFAULT NULL,
  PRIMARY KEY (`id`),
  KEY `audit_histories_user_id_index` (`user_id`),
  KEY `audit_histories_module_index` (`module`)
) ENGINE=InnoDB AUTO_INCREMENT=45 DEFAULT CHARSET=utf8mb4 COLLATE=utf8mb4_unicode_ci;
/*!40101 SET character_set_client = @saved_cs_client */;

--
-- Dumping data for table `audit_histories`
--

LOCK TABLES `audit_histories` WRITE;
/*!40000 ALTER TABLE `audit_histories` DISABLE KEYS */;
INSERT INTO `audit_histories` VALUES (1,1,'to the system',NULL,'logged in','Mozilla/5.0 (Windows NT 10.0; Win64; x64) AppleWebKit/537.36 (KHTML, like Gecko) Chrome/114.0.0.0 Safari/537.36','::1',0,1,'System Admin','info','2023-06-14 23:02:57','2023-06-14 23:02:57'),(2,1,'user','{\"first_name\":\"David\",\"last_name\":\"Lee\",\"email\":\"david.lee@wilstech.com\",\"submit\":\"save\",\"role_id\":\"2\"}','created','Mozilla/5.0 (Windows NT 10.0; Win64; x64) AppleWebKit/537.36 (KHTML, like Gecko) Chrome/114.0.0.0 Safari/537.36','::1',1,2,'David Lee','info','2023-06-14 23:09:26','2023-06-14 23:09:26'),(3,1,'user','{\"first_name\":\"MOA\",\"last_name\":\"Agriculture\",\"email\":\"adminmoa@example.com\",\"submit\":\"save\",\"role_id\":\"2\"}','created','Mozilla/5.0 (Windows NT 10.0; Win64; x64) AppleWebKit/537.36 (KHTML, like Gecko) Chrome/114.0.0.0 Safari/537.36','::1',1,3,'MOA Agriculture','info','2023-06-15 00:17:53','2023-06-15 00:17:53'),(4,1,'country','{\"name\":\"Malaysia\",\"code\":\"MY\",\"nationality\":\"Malaysian\",\"order\":\"0\",\"is_default\":\"1\",\"submit\":\"save\",\"status\":\"published\"}','created','Mozilla/5.0 (Windows NT 10.0; Win64; x64) AppleWebKit/537.36 (KHTML, like Gecko) Chrome/114.0.0.0 Safari/537.36','::1',1,1,'Malaysia','info','2023-06-15 08:29:37','2023-06-15 08:29:37'),(5,1,'state','{\"name\":\"Kuala Lumpur\",\"abbreviation\":\"KL\",\"country_id\":\"1\",\"order\":\"0\",\"is_default\":\"1\",\"submit\":\"save\",\"status\":\"published\"}','created','Mozilla/5.0 (Windows NT 10.0; Win64; x64) AppleWebKit/537.36 (KHTML, like Gecko) Chrome/114.0.0.0 Safari/537.36','::1',1,1,'Kuala Lumpur','info','2023-06-15 08:30:21','2023-06-15 08:30:21'),(6,1,'city','{\"name\":\"Kuala Lumpur\",\"country_id\":\"1\",\"state_id\":\"1\",\"order\":\"0\",\"is_default\":\"1\",\"submit\":\"save\",\"status\":\"published\"}','created','Mozilla/5.0 (Windows NT 10.0; Win64; x64) AppleWebKit/537.36 (KHTML, like Gecko) Chrome/114.0.0.0 Safari/537.36','::1',1,1,'Kuala Lumpur','info','2023-06-15 08:30:53','2023-06-15 08:30:53'),(7,1,'simple-slider-item','{\"simple_slider_id\":\"1\",\"title\":\"Don\\u2019t miss amazing<br \\/> grocery deals\",\"link\":\"\\/products\",\"description\":\"Sign up for the daily newsletter\",\"order\":\"1\",\"image\":\"sliders\\/1-1-1.png\",\"tablet_image\":null,\"mobile_image\":null}','updated','Mozilla/5.0 (Windows NT 10.0; Win64; x64) AppleWebKit/537.36 (KHTML, like Gecko) Chrome/114.0.0.0 Safari/537.36','::1',1,1,'Don’t miss amazing<br /> grocery deals','primary','2023-06-15 08:36:08','2023-06-15 08:36:08'),(8,1,'simple-slider-item','{\"simple_slider_id\":\"1\",\"title\":\"Fresh Vegetables<br \\/>\\t\\t\\t\\t\\t\\t\\t\\t\\t\\tBig discount\",\"link\":\"\\/products\",\"description\":\"Save up to 50% off on your first order\",\"order\":\"2\",\"image\":\"sliders\\/1-2-1.png\",\"tablet_image\":null,\"mobile_image\":null}','updated','Mozilla/5.0 (Windows NT 10.0; Win64; x64) AppleWebKit/537.36 (KHTML, like Gecko) Chrome/114.0.0.0 Safari/537.36','::1',1,2,'Fresh Vegetables<br />										Big discount','primary','2023-06-15 08:36:30','2023-06-15 08:36:30'),(9,1,'simple-slider','{\"name\":\"Home slider 1\",\"key\":\"home-slider-1\",\"description\":null,\"submit\":\"save\",\"language\":\"en_US\",\"ref_from\":null,\"simple_slider_style\":\"style-4\",\"status\":\"published\"}','updated','Mozilla/5.0 (Windows NT 10.0; Win64; x64) AppleWebKit/537.36 (KHTML, like Gecko) Chrome/114.0.0.0 Safari/537.36','::1',1,1,'Home slider 1','primary','2023-06-15 08:36:51','2023-06-15 08:36:51'),(10,1,'customer','{\"name\":\"Prof. Rudolph Wolf\",\"email\":\"vendor@botble.com\",\"is_vendor\":\"1\",\"phone\":\"+14253717443\",\"dob\":\"1977-02-21\",\"submit\":\"save\",\"status\":\"activated\",\"avatar\":\"stores\\/farmers-market-concept-illustration-vector.jpg\"}','updated','Mozilla/5.0 (Windows NT 10.0; Win64; x64) AppleWebKit/537.36 (KHTML, like Gecko) Chrome/114.0.0.0 Safari/537.36','::1',1,2,'Prof. Rudolph Wolf','primary','2023-06-15 08:43:09','2023-06-15 08:43:09'),(11,1,'global-option','{\"_method\":\"DELETE\"}','deleted','Mozilla/5.0 (Windows NT 10.0; Win64; x64) AppleWebKit/537.36 (KHTML, like Gecko) Chrome/114.0.0.0 Safari/537.36','::1',1,2,'RAM','danger','2023-06-15 09:42:21','2023-06-15 09:42:21'),(12,1,'plugin-order','{\"description\":\"test note\"}','updated','Mozilla/5.0 (Windows NT 10.0; Win64; x64) AppleWebKit/537.36 (KHTML, like Gecko) Chrome/114.0.0.0 Safari/537.36','::1',1,31,'ID: 31','primary','2023-06-15 09:43:52','2023-06-15 09:43:52'),(13,1,'menu','{\"name\":\"Main menu\",\"deleted_nodes\":\"2 3 4 5 6 7 9 10 11 12 15 16 20 19 18\",\"menu_nodes\":\"[{\\\"menuItem\\\":{\\\"id\\\":1,\\\"menu_id\\\":1,\\\"parent_id\\\":0,\\\"reference_id\\\":null,\\\"reference_type\\\":null,\\\"url\\\":\\\"\\/\\\",\\\"icon_font\\\":\\\"fi-rs-home\\\",\\\"position\\\":0,\\\"title\\\":\\\"Home\\\",\\\"css_class\\\":null,\\\"target\\\":\\\"_self\\\",\\\"has_child\\\":1,\\\"icon_image\\\":\\\"\\\",\\\"metadata\\\":[],\\\"children\\\":[]},\\\"children\\\":[]},{\\\"menuItem\\\":{\\\"id\\\":8,\\\"menu_id\\\":1,\\\"parent_id\\\":0,\\\"reference_id\\\":null,\\\"reference_type\\\":null,\\\"url\\\":\\\"\\/products\\\",\\\"icon_font\\\":null,\\\"position\\\":1,\\\"title\\\":\\\"Shop\\\",\\\"css_class\\\":null,\\\"target\\\":\\\"_self\\\",\\\"has_child\\\":1,\\\"icon_image\\\":\\\"\\\",\\\"metadata\\\":[],\\\"children\\\":[]},\\\"children\\\":[]},{\\\"menuItem\\\":{\\\"id\\\":13,\\\"menu_id\\\":1,\\\"parent_id\\\":0,\\\"reference_id\\\":null,\\\"reference_type\\\":null,\\\"url\\\":\\\"\\/stores\\\",\\\"icon_font\\\":null,\\\"position\\\":2,\\\"title\\\":\\\"Stores\\\",\\\"css_class\\\":null,\\\"target\\\":\\\"_self\\\",\\\"has_child\\\":1,\\\"icon_image\\\":\\\"\\\",\\\"metadata\\\":[],\\\"children\\\":[]},\\\"children\\\":[{\\\"menuItem\\\":{\\\"id\\\":14,\\\"menu_id\\\":1,\\\"parent_id\\\":13,\\\"reference_id\\\":null,\\\"reference_type\\\":null,\\\"url\\\":\\\"\\/stores\\\",\\\"icon_font\\\":null,\\\"position\\\":0,\\\"title\\\":\\\"Stores - Grid\\\",\\\"css_class\\\":null,\\\"target\\\":\\\"_self\\\",\\\"has_child\\\":0,\\\"icon_image\\\":\\\"\\\",\\\"metadata\\\":[]}}]},{\\\"menuItem\\\":{\\\"id\\\":17,\\\"menu_id\\\":1,\\\"parent_id\\\":0,\\\"reference_id\\\":null,\\\"reference_type\\\":null,\\\"url\\\":\\\"\\/products\\/seeds-of-change-organic-quinoe\\\",\\\"icon_font\\\":null,\\\"position\\\":3,\\\"title\\\":\\\"Product\\\",\\\"css_class\\\":null,\\\"target\\\":\\\"_self\\\",\\\"has_child\\\":1,\\\"icon_image\\\":\\\"\\\",\\\"metadata\\\":[],\\\"children\\\":[]},\\\"children\\\":[]},{\\\"menuItem\\\":{\\\"id\\\":21,\\\"menu_id\\\":1,\\\"parent_id\\\":0,\\\"reference_id\\\":5,\\\"reference_type\\\":\\\"Botble\\\\\\\\Page\\\\\\\\Models\\\\\\\\Page\\\",\\\"url\\\":\\\"\\/blog\\\",\\\"icon_font\\\":null,\\\"position\\\":4,\\\"title\\\":\\\"Blog\\\",\\\"css_class\\\":null,\\\"target\\\":\\\"_self\\\",\\\"has_child\\\":1,\\\"icon_image\\\":\\\"\\\",\\\"metadata\\\":[],\\\"children\\\":[]},\\\"children\\\":[{\\\"menuItem\\\":{\\\"id\\\":22,\\\"menu_id\\\":1,\\\"parent_id\\\":21,\\\"reference_id\\\":5,\\\"reference_type\\\":\\\"Botble\\\\\\\\Page\\\\\\\\Models\\\\\\\\Page\\\",\\\"url\\\":\\\"\\/blog\\\",\\\"icon_font\\\":null,\\\"position\\\":0,\\\"title\\\":\\\"Blog Grid\\\",\\\"css_class\\\":null,\\\"target\\\":\\\"_self\\\",\\\"has_child\\\":0,\\\"icon_image\\\":\\\"\\\",\\\"metadata\\\":[]}},{\\\"menuItem\\\":{\\\"id\\\":23,\\\"menu_id\\\":1,\\\"parent_id\\\":21,\\\"reference_id\\\":13,\\\"reference_type\\\":\\\"Botble\\\\\\\\Page\\\\\\\\Models\\\\\\\\Page\\\",\\\"url\\\":\\\"\\/blog-list\\\",\\\"icon_font\\\":null,\\\"position\\\":0,\\\"title\\\":\\\"Blog List\\\",\\\"css_class\\\":null,\\\"target\\\":\\\"_self\\\",\\\"has_child\\\":0,\\\"icon_image\\\":\\\"\\\",\\\"metadata\\\":[]}},{\\\"menuItem\\\":{\\\"id\\\":24,\\\"menu_id\\\":1,\\\"parent_id\\\":21,\\\"reference_id\\\":14,\\\"reference_type\\\":\\\"Botble\\\\\\\\Page\\\\\\\\Models\\\\\\\\Page\\\",\\\"url\\\":\\\"\\/blog-big\\\",\\\"icon_font\\\":null,\\\"position\\\":0,\\\"title\\\":\\\"Blog Big\\\",\\\"css_class\\\":null,\\\"target\\\":\\\"_self\\\",\\\"has_child\\\":0,\\\"icon_image\\\":\\\"\\\",\\\"metadata\\\":[]}},{\\\"menuItem\\\":{\\\"id\\\":25,\\\"menu_id\\\":1,\\\"parent_id\\\":21,\\\"reference_id\\\":15,\\\"reference_type\\\":\\\"Botble\\\\\\\\Page\\\\\\\\Models\\\\\\\\Page\\\",\\\"url\\\":\\\"\\/blog-wide\\\",\\\"icon_font\\\":null,\\\"position\\\":0,\\\"title\\\":\\\"Blog Wide\\\",\\\"css_class\\\":null,\\\"target\\\":\\\"_self\\\",\\\"has_child\\\":0,\\\"icon_image\\\":\\\"\\\",\\\"metadata\\\":[]}},{\\\"menuItem\\\":{\\\"id\\\":26,\\\"menu_id\\\":1,\\\"parent_id\\\":21,\\\"reference_id\\\":null,\\\"reference_type\\\":null,\\\"url\\\":\\\"\\/blog\\/4-expert-tips-on-how-to-choose-the-right-mens-wallet\\\",\\\"icon_font\\\":null,\\\"position\\\":0,\\\"title\\\":\\\"Single Post\\\",\\\"css_class\\\":null,\\\"target\\\":\\\"_self\\\",\\\"has_child\\\":1,\\\"icon_image\\\":\\\"\\\",\\\"metadata\\\":[]},\\\"children\\\":[{\\\"menuItem\\\":{\\\"id\\\":27,\\\"menu_id\\\":1,\\\"parent_id\\\":26,\\\"reference_id\\\":null,\\\"reference_type\\\":null,\\\"url\\\":\\\"\\/blog\\/4-expert-tips-on-how-to-choose-the-right-mens-wallet\\\",\\\"icon_font\\\":null,\\\"position\\\":0,\\\"title\\\":\\\"Single Post Right Sidebar\\\",\\\"css_class\\\":null,\\\"target\\\":\\\"_self\\\",\\\"has_child\\\":0,\\\"icon_image\\\":\\\"\\\",\\\"metadata\\\":[]}},{\\\"menuItem\\\":{\\\"id\\\":28,\\\"menu_id\\\":1,\\\"parent_id\\\":26,\\\"reference_id\\\":null,\\\"reference_type\\\":null,\\\"url\\\":\\\"\\/blog\\/sexy-clutches-how-to-buy-amp-wear-a-designer-clutch-bag\\\",\\\"icon_font\\\":null,\\\"position\\\":0,\\\"title\\\":\\\"Single Post Left Sidebar\\\",\\\"css_class\\\":null,\\\"target\\\":\\\"_self\\\",\\\"has_child\\\":0,\\\"icon_image\\\":\\\"\\\",\\\"metadata\\\":[]}},{\\\"menuItem\\\":{\\\"id\\\":29,\\\"menu_id\\\":1,\\\"parent_id\\\":26,\\\"reference_id\\\":null,\\\"reference_type\\\":null,\\\"url\\\":\\\"\\/blog\\/the-top-2020-handbag-trends-to-know\\\",\\\"icon_font\\\":null,\\\"position\\\":0,\\\"title\\\":\\\"Single Post Full Width\\\",\\\"css_class\\\":null,\\\"target\\\":\\\"_self\\\",\\\"has_child\\\":0,\\\"icon_image\\\":\\\"\\\",\\\"metadata\\\":[]}},{\\\"menuItem\\\":{\\\"id\\\":30,\\\"menu_id\\\":1,\\\"parent_id\\\":26,\\\"reference_id\\\":null,\\\"reference_type\\\":null,\\\"url\\\":\\\"\\/blog\\/how-to-match-the-color-of-your-handbag-with-an-outfit\\\",\\\"icon_font\\\":null,\\\"position\\\":0,\\\"title\\\":\\\"Single Post with Product Listing\\\",\\\"css_class\\\":null,\\\"target\\\":\\\"_self\\\",\\\"has_child\\\":0,\\\"icon_image\\\":\\\"\\\",\\\"metadata\\\":[]}}]}]},{\\\"menuItem\\\":{\\\"id\\\":31,\\\"menu_id\\\":1,\\\"parent_id\\\":0,\\\"reference_id\\\":18,\\\"reference_type\\\":\\\"Botble\\\\\\\\Page\\\\\\\\Models\\\\\\\\Page\\\",\\\"url\\\":\\\"\\/faq\\\",\\\"icon_font\\\":null,\\\"position\\\":5,\\\"title\\\":\\\"FAQ\\\",\\\"css_class\\\":null,\\\"target\\\":\\\"_self\\\",\\\"has_child\\\":0,\\\"icon_image\\\":\\\"\\\",\\\"metadata\\\":[],\\\"children\\\":[]}},{\\\"menuItem\\\":{\\\"id\\\":32,\\\"menu_id\\\":1,\\\"parent_id\\\":0,\\\"reference_id\\\":6,\\\"reference_type\\\":\\\"Botble\\\\\\\\Page\\\\\\\\Models\\\\\\\\Page\\\",\\\"url\\\":\\\"\\/contact\\\",\\\"icon_font\\\":null,\\\"position\\\":6,\\\"title\\\":\\\"Contact\\\",\\\"css_class\\\":null,\\\"target\\\":\\\"_self\\\",\\\"has_child\\\":0,\\\"icon_image\\\":\\\"\\\",\\\"metadata\\\":[],\\\"children\\\":[]}}]\",\"menu_id\":\"1\",\"title\":\"Contact\",\"url\":\"\\/blog\\/how-to-match-the-color-of-your-handbag-with-an-outfit\",\"icon_font\":null,\"icon_image\":null,\"css_class\":null,\"target\":\"_self\",\"locations\":[\"main-menu\"],\"submit\":\"save\",\"language\":\"en_US\",\"ref_from\":null,\"status\":\"published\"}','updated','Mozilla/5.0 (Windows NT 10.0; Win64; x64) AppleWebKit/537.36 (KHTML, like Gecko) Chrome/114.0.0.0 Safari/537.36','::1',1,1,'Main menu','primary','2023-06-15 10:33:29','2023-06-15 10:33:29'),(14,1,'menu_location','{\"name\":\"Main menu\",\"deleted_nodes\":\"2 3 4 5 6 7 9 10 11 12 15 16 20 19 18\",\"menu_nodes\":\"[{\\\"menuItem\\\":{\\\"id\\\":1,\\\"menu_id\\\":1,\\\"parent_id\\\":0,\\\"reference_id\\\":null,\\\"reference_type\\\":null,\\\"url\\\":\\\"\\/\\\",\\\"icon_font\\\":\\\"fi-rs-home\\\",\\\"position\\\":0,\\\"title\\\":\\\"Home\\\",\\\"css_class\\\":null,\\\"target\\\":\\\"_self\\\",\\\"has_child\\\":1,\\\"icon_image\\\":\\\"\\\",\\\"metadata\\\":[],\\\"children\\\":[]},\\\"children\\\":[]},{\\\"menuItem\\\":{\\\"id\\\":8,\\\"menu_id\\\":1,\\\"parent_id\\\":0,\\\"reference_id\\\":null,\\\"reference_type\\\":null,\\\"url\\\":\\\"\\/products\\\",\\\"icon_font\\\":null,\\\"position\\\":1,\\\"title\\\":\\\"Shop\\\",\\\"css_class\\\":null,\\\"target\\\":\\\"_self\\\",\\\"has_child\\\":1,\\\"icon_image\\\":\\\"\\\",\\\"metadata\\\":[],\\\"children\\\":[]},\\\"children\\\":[]},{\\\"menuItem\\\":{\\\"id\\\":13,\\\"menu_id\\\":1,\\\"parent_id\\\":0,\\\"reference_id\\\":null,\\\"reference_type\\\":null,\\\"url\\\":\\\"\\/stores\\\",\\\"icon_font\\\":null,\\\"position\\\":2,\\\"title\\\":\\\"Stores\\\",\\\"css_class\\\":null,\\\"target\\\":\\\"_self\\\",\\\"has_child\\\":1,\\\"icon_image\\\":\\\"\\\",\\\"metadata\\\":[],\\\"children\\\":[]},\\\"children\\\":[{\\\"menuItem\\\":{\\\"id\\\":14,\\\"menu_id\\\":1,\\\"parent_id\\\":13,\\\"reference_id\\\":null,\\\"reference_type\\\":null,\\\"url\\\":\\\"\\/stores\\\",\\\"icon_font\\\":null,\\\"position\\\":0,\\\"title\\\":\\\"Stores - Grid\\\",\\\"css_class\\\":null,\\\"target\\\":\\\"_self\\\",\\\"has_child\\\":0,\\\"icon_image\\\":\\\"\\\",\\\"metadata\\\":[]}}]},{\\\"menuItem\\\":{\\\"id\\\":17,\\\"menu_id\\\":1,\\\"parent_id\\\":0,\\\"reference_id\\\":null,\\\"reference_type\\\":null,\\\"url\\\":\\\"\\/products\\/seeds-of-change-organic-quinoe\\\",\\\"icon_font\\\":null,\\\"position\\\":3,\\\"title\\\":\\\"Product\\\",\\\"css_class\\\":null,\\\"target\\\":\\\"_self\\\",\\\"has_child\\\":1,\\\"icon_image\\\":\\\"\\\",\\\"metadata\\\":[],\\\"children\\\":[]},\\\"children\\\":[]},{\\\"menuItem\\\":{\\\"id\\\":21,\\\"menu_id\\\":1,\\\"parent_id\\\":0,\\\"reference_id\\\":5,\\\"reference_type\\\":\\\"Botble\\\\\\\\Page\\\\\\\\Models\\\\\\\\Page\\\",\\\"url\\\":\\\"\\/blog\\\",\\\"icon_font\\\":null,\\\"position\\\":4,\\\"title\\\":\\\"Blog\\\",\\\"css_class\\\":null,\\\"target\\\":\\\"_self\\\",\\\"has_child\\\":1,\\\"icon_image\\\":\\\"\\\",\\\"metadata\\\":[],\\\"children\\\":[]},\\\"children\\\":[{\\\"menuItem\\\":{\\\"id\\\":22,\\\"menu_id\\\":1,\\\"parent_id\\\":21,\\\"reference_id\\\":5,\\\"reference_type\\\":\\\"Botble\\\\\\\\Page\\\\\\\\Models\\\\\\\\Page\\\",\\\"url\\\":\\\"\\/blog\\\",\\\"icon_font\\\":null,\\\"position\\\":0,\\\"title\\\":\\\"Blog Grid\\\",\\\"css_class\\\":null,\\\"target\\\":\\\"_self\\\",\\\"has_child\\\":0,\\\"icon_image\\\":\\\"\\\",\\\"metadata\\\":[]}},{\\\"menuItem\\\":{\\\"id\\\":23,\\\"menu_id\\\":1,\\\"parent_id\\\":21,\\\"reference_id\\\":13,\\\"reference_type\\\":\\\"Botble\\\\\\\\Page\\\\\\\\Models\\\\\\\\Page\\\",\\\"url\\\":\\\"\\/blog-list\\\",\\\"icon_font\\\":null,\\\"position\\\":0,\\\"title\\\":\\\"Blog List\\\",\\\"css_class\\\":null,\\\"target\\\":\\\"_self\\\",\\\"has_child\\\":0,\\\"icon_image\\\":\\\"\\\",\\\"metadata\\\":[]}},{\\\"menuItem\\\":{\\\"id\\\":24,\\\"menu_id\\\":1,\\\"parent_id\\\":21,\\\"reference_id\\\":14,\\\"reference_type\\\":\\\"Botble\\\\\\\\Page\\\\\\\\Models\\\\\\\\Page\\\",\\\"url\\\":\\\"\\/blog-big\\\",\\\"icon_font\\\":null,\\\"position\\\":0,\\\"title\\\":\\\"Blog Big\\\",\\\"css_class\\\":null,\\\"target\\\":\\\"_self\\\",\\\"has_child\\\":0,\\\"icon_image\\\":\\\"\\\",\\\"metadata\\\":[]}},{\\\"menuItem\\\":{\\\"id\\\":25,\\\"menu_id\\\":1,\\\"parent_id\\\":21,\\\"reference_id\\\":15,\\\"reference_type\\\":\\\"Botble\\\\\\\\Page\\\\\\\\Models\\\\\\\\Page\\\",\\\"url\\\":\\\"\\/blog-wide\\\",\\\"icon_font\\\":null,\\\"position\\\":0,\\\"title\\\":\\\"Blog Wide\\\",\\\"css_class\\\":null,\\\"target\\\":\\\"_self\\\",\\\"has_child\\\":0,\\\"icon_image\\\":\\\"\\\",\\\"metadata\\\":[]}},{\\\"menuItem\\\":{\\\"id\\\":26,\\\"menu_id\\\":1,\\\"parent_id\\\":21,\\\"reference_id\\\":null,\\\"reference_type\\\":null,\\\"url\\\":\\\"\\/blog\\/4-expert-tips-on-how-to-choose-the-right-mens-wallet\\\",\\\"icon_font\\\":null,\\\"position\\\":0,\\\"title\\\":\\\"Single Post\\\",\\\"css_class\\\":null,\\\"target\\\":\\\"_self\\\",\\\"has_child\\\":1,\\\"icon_image\\\":\\\"\\\",\\\"metadata\\\":[]},\\\"children\\\":[{\\\"menuItem\\\":{\\\"id\\\":27,\\\"menu_id\\\":1,\\\"parent_id\\\":26,\\\"reference_id\\\":null,\\\"reference_type\\\":null,\\\"url\\\":\\\"\\/blog\\/4-expert-tips-on-how-to-choose-the-right-mens-wallet\\\",\\\"icon_font\\\":null,\\\"position\\\":0,\\\"title\\\":\\\"Single Post Right Sidebar\\\",\\\"css_class\\\":null,\\\"target\\\":\\\"_self\\\",\\\"has_child\\\":0,\\\"icon_image\\\":\\\"\\\",\\\"metadata\\\":[]}},{\\\"menuItem\\\":{\\\"id\\\":28,\\\"menu_id\\\":1,\\\"parent_id\\\":26,\\\"reference_id\\\":null,\\\"reference_type\\\":null,\\\"url\\\":\\\"\\/blog\\/sexy-clutches-how-to-buy-amp-wear-a-designer-clutch-bag\\\",\\\"icon_font\\\":null,\\\"position\\\":0,\\\"title\\\":\\\"Single Post Left Sidebar\\\",\\\"css_class\\\":null,\\\"target\\\":\\\"_self\\\",\\\"has_child\\\":0,\\\"icon_image\\\":\\\"\\\",\\\"metadata\\\":[]}},{\\\"menuItem\\\":{\\\"id\\\":29,\\\"menu_id\\\":1,\\\"parent_id\\\":26,\\\"reference_id\\\":null,\\\"reference_type\\\":null,\\\"url\\\":\\\"\\/blog\\/the-top-2020-handbag-trends-to-know\\\",\\\"icon_font\\\":null,\\\"position\\\":0,\\\"title\\\":\\\"Single Post Full Width\\\",\\\"css_class\\\":null,\\\"target\\\":\\\"_self\\\",\\\"has_child\\\":0,\\\"icon_image\\\":\\\"\\\",\\\"metadata\\\":[]}},{\\\"menuItem\\\":{\\\"id\\\":30,\\\"menu_id\\\":1,\\\"parent_id\\\":26,\\\"reference_id\\\":null,\\\"reference_type\\\":null,\\\"url\\\":\\\"\\/blog\\/how-to-match-the-color-of-your-handbag-with-an-outfit\\\",\\\"icon_font\\\":null,\\\"position\\\":0,\\\"title\\\":\\\"Single Post with Product Listing\\\",\\\"css_class\\\":null,\\\"target\\\":\\\"_self\\\",\\\"has_child\\\":0,\\\"icon_image\\\":\\\"\\\",\\\"metadata\\\":[]}}]}]},{\\\"menuItem\\\":{\\\"id\\\":31,\\\"menu_id\\\":1,\\\"parent_id\\\":0,\\\"reference_id\\\":18,\\\"reference_type\\\":\\\"Botble\\\\\\\\Page\\\\\\\\Models\\\\\\\\Page\\\",\\\"url\\\":\\\"\\/faq\\\",\\\"icon_font\\\":null,\\\"position\\\":5,\\\"title\\\":\\\"FAQ\\\",\\\"css_class\\\":null,\\\"target\\\":\\\"_self\\\",\\\"has_child\\\":0,\\\"icon_image\\\":\\\"\\\",\\\"metadata\\\":[],\\\"children\\\":[]}},{\\\"menuItem\\\":{\\\"id\\\":32,\\\"menu_id\\\":1,\\\"parent_id\\\":0,\\\"reference_id\\\":6,\\\"reference_type\\\":\\\"Botble\\\\\\\\Page\\\\\\\\Models\\\\\\\\Page\\\",\\\"url\\\":\\\"\\/contact\\\",\\\"icon_font\\\":null,\\\"position\\\":6,\\\"title\\\":\\\"Contact\\\",\\\"css_class\\\":null,\\\"target\\\":\\\"_self\\\",\\\"has_child\\\":0,\\\"icon_image\\\":\\\"\\\",\\\"metadata\\\":[],\\\"children\\\":[]}}]\",\"menu_id\":\"1\",\"title\":\"Contact\",\"url\":\"\\/blog\\/how-to-match-the-color-of-your-handbag-with-an-outfit\",\"icon_font\":null,\"icon_image\":null,\"css_class\":null,\"target\":\"_self\",\"locations\":[\"main-menu\"],\"submit\":\"save\",\"language\":\"en_US\",\"ref_from\":null,\"status\":\"published\"}','created','Mozilla/5.0 (Windows NT 10.0; Win64; x64) AppleWebKit/537.36 (KHTML, like Gecko) Chrome/114.0.0.0 Safari/537.36','::1',1,1,'ID: 1','info','2023-06-15 10:33:29','2023-06-15 10:33:29'),(15,1,'menu_node','{\"name\":\"Main menu\",\"deleted_nodes\":\"2 3 4 5 6 7 9 10 11 12 15 16 20 19 18\",\"menu_nodes\":\"[{\\\"menuItem\\\":{\\\"id\\\":1,\\\"menu_id\\\":1,\\\"parent_id\\\":0,\\\"reference_id\\\":null,\\\"reference_type\\\":null,\\\"url\\\":\\\"\\/\\\",\\\"icon_font\\\":\\\"fi-rs-home\\\",\\\"position\\\":0,\\\"title\\\":\\\"Home\\\",\\\"css_class\\\":null,\\\"target\\\":\\\"_self\\\",\\\"has_child\\\":1,\\\"icon_image\\\":\\\"\\\",\\\"metadata\\\":[],\\\"children\\\":[]},\\\"children\\\":[]},{\\\"menuItem\\\":{\\\"id\\\":8,\\\"menu_id\\\":1,\\\"parent_id\\\":0,\\\"reference_id\\\":null,\\\"reference_type\\\":null,\\\"url\\\":\\\"\\/products\\\",\\\"icon_font\\\":null,\\\"position\\\":1,\\\"title\\\":\\\"Shop\\\",\\\"css_class\\\":null,\\\"target\\\":\\\"_self\\\",\\\"has_child\\\":1,\\\"icon_image\\\":\\\"\\\",\\\"metadata\\\":[],\\\"children\\\":[]},\\\"children\\\":[]},{\\\"menuItem\\\":{\\\"id\\\":13,\\\"menu_id\\\":1,\\\"parent_id\\\":0,\\\"reference_id\\\":null,\\\"reference_type\\\":null,\\\"url\\\":\\\"\\/stores\\\",\\\"icon_font\\\":null,\\\"position\\\":2,\\\"title\\\":\\\"Stores\\\",\\\"css_class\\\":null,\\\"target\\\":\\\"_self\\\",\\\"has_child\\\":1,\\\"icon_image\\\":\\\"\\\",\\\"metadata\\\":[],\\\"children\\\":[]},\\\"children\\\":[{\\\"menuItem\\\":{\\\"id\\\":14,\\\"menu_id\\\":1,\\\"parent_id\\\":13,\\\"reference_id\\\":null,\\\"reference_type\\\":null,\\\"url\\\":\\\"\\/stores\\\",\\\"icon_font\\\":null,\\\"position\\\":0,\\\"title\\\":\\\"Stores - Grid\\\",\\\"css_class\\\":null,\\\"target\\\":\\\"_self\\\",\\\"has_child\\\":0,\\\"icon_image\\\":\\\"\\\",\\\"metadata\\\":[]}}]},{\\\"menuItem\\\":{\\\"id\\\":17,\\\"menu_id\\\":1,\\\"parent_id\\\":0,\\\"reference_id\\\":null,\\\"reference_type\\\":null,\\\"url\\\":\\\"\\/products\\/seeds-of-change-organic-quinoe\\\",\\\"icon_font\\\":null,\\\"position\\\":3,\\\"title\\\":\\\"Product\\\",\\\"css_class\\\":null,\\\"target\\\":\\\"_self\\\",\\\"has_child\\\":1,\\\"icon_image\\\":\\\"\\\",\\\"metadata\\\":[],\\\"children\\\":[]},\\\"children\\\":[]},{\\\"menuItem\\\":{\\\"id\\\":21,\\\"menu_id\\\":1,\\\"parent_id\\\":0,\\\"reference_id\\\":5,\\\"reference_type\\\":\\\"Botble\\\\\\\\Page\\\\\\\\Models\\\\\\\\Page\\\",\\\"url\\\":\\\"\\/blog\\\",\\\"icon_font\\\":null,\\\"position\\\":4,\\\"title\\\":\\\"Blog\\\",\\\"css_class\\\":null,\\\"target\\\":\\\"_self\\\",\\\"has_child\\\":1,\\\"icon_image\\\":\\\"\\\",\\\"metadata\\\":[],\\\"children\\\":[]},\\\"children\\\":[{\\\"menuItem\\\":{\\\"id\\\":22,\\\"menu_id\\\":1,\\\"parent_id\\\":21,\\\"reference_id\\\":5,\\\"reference_type\\\":\\\"Botble\\\\\\\\Page\\\\\\\\Models\\\\\\\\Page\\\",\\\"url\\\":\\\"\\/blog\\\",\\\"icon_font\\\":null,\\\"position\\\":0,\\\"title\\\":\\\"Blog Grid\\\",\\\"css_class\\\":null,\\\"target\\\":\\\"_self\\\",\\\"has_child\\\":0,\\\"icon_image\\\":\\\"\\\",\\\"metadata\\\":[]}},{\\\"menuItem\\\":{\\\"id\\\":23,\\\"menu_id\\\":1,\\\"parent_id\\\":21,\\\"reference_id\\\":13,\\\"reference_type\\\":\\\"Botble\\\\\\\\Page\\\\\\\\Models\\\\\\\\Page\\\",\\\"url\\\":\\\"\\/blog-list\\\",\\\"icon_font\\\":null,\\\"position\\\":0,\\\"title\\\":\\\"Blog List\\\",\\\"css_class\\\":null,\\\"target\\\":\\\"_self\\\",\\\"has_child\\\":0,\\\"icon_image\\\":\\\"\\\",\\\"metadata\\\":[]}},{\\\"menuItem\\\":{\\\"id\\\":24,\\\"menu_id\\\":1,\\\"parent_id\\\":21,\\\"reference_id\\\":14,\\\"reference_type\\\":\\\"Botble\\\\\\\\Page\\\\\\\\Models\\\\\\\\Page\\\",\\\"url\\\":\\\"\\/blog-big\\\",\\\"icon_font\\\":null,\\\"position\\\":0,\\\"title\\\":\\\"Blog Big\\\",\\\"css_class\\\":null,\\\"target\\\":\\\"_self\\\",\\\"has_child\\\":0,\\\"icon_image\\\":\\\"\\\",\\\"metadata\\\":[]}},{\\\"menuItem\\\":{\\\"id\\\":25,\\\"menu_id\\\":1,\\\"parent_id\\\":21,\\\"reference_id\\\":15,\\\"reference_type\\\":\\\"Botble\\\\\\\\Page\\\\\\\\Models\\\\\\\\Page\\\",\\\"url\\\":\\\"\\/blog-wide\\\",\\\"icon_font\\\":null,\\\"position\\\":0,\\\"title\\\":\\\"Blog Wide\\\",\\\"css_class\\\":null,\\\"target\\\":\\\"_self\\\",\\\"has_child\\\":0,\\\"icon_image\\\":\\\"\\\",\\\"metadata\\\":[]}},{\\\"menuItem\\\":{\\\"id\\\":26,\\\"menu_id\\\":1,\\\"parent_id\\\":21,\\\"reference_id\\\":null,\\\"reference_type\\\":null,\\\"url\\\":\\\"\\/blog\\/4-expert-tips-on-how-to-choose-the-right-mens-wallet\\\",\\\"icon_font\\\":null,\\\"position\\\":0,\\\"title\\\":\\\"Single Post\\\",\\\"css_class\\\":null,\\\"target\\\":\\\"_self\\\",\\\"has_child\\\":1,\\\"icon_image\\\":\\\"\\\",\\\"metadata\\\":[]},\\\"children\\\":[{\\\"menuItem\\\":{\\\"id\\\":27,\\\"menu_id\\\":1,\\\"parent_id\\\":26,\\\"reference_id\\\":null,\\\"reference_type\\\":null,\\\"url\\\":\\\"\\/blog\\/4-expert-tips-on-how-to-choose-the-right-mens-wallet\\\",\\\"icon_font\\\":null,\\\"position\\\":0,\\\"title\\\":\\\"Single Post Right Sidebar\\\",\\\"css_class\\\":null,\\\"target\\\":\\\"_self\\\",\\\"has_child\\\":0,\\\"icon_image\\\":\\\"\\\",\\\"metadata\\\":[]}},{\\\"menuItem\\\":{\\\"id\\\":28,\\\"menu_id\\\":1,\\\"parent_id\\\":26,\\\"reference_id\\\":null,\\\"reference_type\\\":null,\\\"url\\\":\\\"\\/blog\\/sexy-clutches-how-to-buy-amp-wear-a-designer-clutch-bag\\\",\\\"icon_font\\\":null,\\\"position\\\":0,\\\"title\\\":\\\"Single Post Left Sidebar\\\",\\\"css_class\\\":null,\\\"target\\\":\\\"_self\\\",\\\"has_child\\\":0,\\\"icon_image\\\":\\\"\\\",\\\"metadata\\\":[]}},{\\\"menuItem\\\":{\\\"id\\\":29,\\\"menu_id\\\":1,\\\"parent_id\\\":26,\\\"reference_id\\\":null,\\\"reference_type\\\":null,\\\"url\\\":\\\"\\/blog\\/the-top-2020-handbag-trends-to-know\\\",\\\"icon_font\\\":null,\\\"position\\\":0,\\\"title\\\":\\\"Single Post Full Width\\\",\\\"css_class\\\":null,\\\"target\\\":\\\"_self\\\",\\\"has_child\\\":0,\\\"icon_image\\\":\\\"\\\",\\\"metadata\\\":[]}},{\\\"menuItem\\\":{\\\"id\\\":30,\\\"menu_id\\\":1,\\\"parent_id\\\":26,\\\"reference_id\\\":null,\\\"reference_type\\\":null,\\\"url\\\":\\\"\\/blog\\/how-to-match-the-color-of-your-handbag-with-an-outfit\\\",\\\"icon_font\\\":null,\\\"position\\\":0,\\\"title\\\":\\\"Single Post with Product Listing\\\",\\\"css_class\\\":null,\\\"target\\\":\\\"_self\\\",\\\"has_child\\\":0,\\\"icon_image\\\":\\\"\\\",\\\"metadata\\\":[]}}]}]},{\\\"menuItem\\\":{\\\"id\\\":31,\\\"menu_id\\\":1,\\\"parent_id\\\":0,\\\"reference_id\\\":18,\\\"reference_type\\\":\\\"Botble\\\\\\\\Page\\\\\\\\Models\\\\\\\\Page\\\",\\\"url\\\":\\\"\\/faq\\\",\\\"icon_font\\\":null,\\\"position\\\":5,\\\"title\\\":\\\"FAQ\\\",\\\"css_class\\\":null,\\\"target\\\":\\\"_self\\\",\\\"has_child\\\":0,\\\"icon_image\\\":\\\"\\\",\\\"metadata\\\":[],\\\"children\\\":[]}},{\\\"menuItem\\\":{\\\"id\\\":32,\\\"menu_id\\\":1,\\\"parent_id\\\":0,\\\"reference_id\\\":6,\\\"reference_type\\\":\\\"Botble\\\\\\\\Page\\\\\\\\Models\\\\\\\\Page\\\",\\\"url\\\":\\\"\\/contact\\\",\\\"icon_font\\\":null,\\\"position\\\":6,\\\"title\\\":\\\"Contact\\\",\\\"css_class\\\":null,\\\"target\\\":\\\"_self\\\",\\\"has_child\\\":0,\\\"icon_image\\\":\\\"\\\",\\\"metadata\\\":[],\\\"children\\\":[]}}]\",\"menu_id\":\"1\",\"title\":\"Contact\",\"url\":\"\\/blog\\/how-to-match-the-color-of-your-handbag-with-an-outfit\",\"icon_font\":null,\"icon_image\":null,\"css_class\":null,\"target\":\"_self\",\"locations\":[\"main-menu\"],\"submit\":\"save\",\"language\":\"en_US\",\"ref_from\":null,\"status\":\"published\"}','updated','Mozilla/5.0 (Windows NT 10.0; Win64; x64) AppleWebKit/537.36 (KHTML, like Gecko) Chrome/114.0.0.0 Safari/537.36','::1',1,1,'Home','primary','2023-06-15 10:33:29','2023-06-15 10:33:29'),(16,1,'menu_node','{\"name\":\"Main menu\",\"deleted_nodes\":\"2 3 4 5 6 7 9 10 11 12 15 16 20 19 18\",\"menu_nodes\":\"[{\\\"menuItem\\\":{\\\"id\\\":1,\\\"menu_id\\\":1,\\\"parent_id\\\":0,\\\"reference_id\\\":null,\\\"reference_type\\\":null,\\\"url\\\":\\\"\\/\\\",\\\"icon_font\\\":\\\"fi-rs-home\\\",\\\"position\\\":0,\\\"title\\\":\\\"Home\\\",\\\"css_class\\\":null,\\\"target\\\":\\\"_self\\\",\\\"has_child\\\":1,\\\"icon_image\\\":\\\"\\\",\\\"metadata\\\":[],\\\"children\\\":[]},\\\"children\\\":[]},{\\\"menuItem\\\":{\\\"id\\\":8,\\\"menu_id\\\":1,\\\"parent_id\\\":0,\\\"reference_id\\\":null,\\\"reference_type\\\":null,\\\"url\\\":\\\"\\/products\\\",\\\"icon_font\\\":null,\\\"position\\\":1,\\\"title\\\":\\\"Shop\\\",\\\"css_class\\\":null,\\\"target\\\":\\\"_self\\\",\\\"has_child\\\":1,\\\"icon_image\\\":\\\"\\\",\\\"metadata\\\":[],\\\"children\\\":[]},\\\"children\\\":[]},{\\\"menuItem\\\":{\\\"id\\\":13,\\\"menu_id\\\":1,\\\"parent_id\\\":0,\\\"reference_id\\\":null,\\\"reference_type\\\":null,\\\"url\\\":\\\"\\/stores\\\",\\\"icon_font\\\":null,\\\"position\\\":2,\\\"title\\\":\\\"Stores\\\",\\\"css_class\\\":null,\\\"target\\\":\\\"_self\\\",\\\"has_child\\\":1,\\\"icon_image\\\":\\\"\\\",\\\"metadata\\\":[],\\\"children\\\":[]},\\\"children\\\":[{\\\"menuItem\\\":{\\\"id\\\":14,\\\"menu_id\\\":1,\\\"parent_id\\\":13,\\\"reference_id\\\":null,\\\"reference_type\\\":null,\\\"url\\\":\\\"\\/stores\\\",\\\"icon_font\\\":null,\\\"position\\\":0,\\\"title\\\":\\\"Stores - Grid\\\",\\\"css_class\\\":null,\\\"target\\\":\\\"_self\\\",\\\"has_child\\\":0,\\\"icon_image\\\":\\\"\\\",\\\"metadata\\\":[]}}]},{\\\"menuItem\\\":{\\\"id\\\":17,\\\"menu_id\\\":1,\\\"parent_id\\\":0,\\\"reference_id\\\":null,\\\"reference_type\\\":null,\\\"url\\\":\\\"\\/products\\/seeds-of-change-organic-quinoe\\\",\\\"icon_font\\\":null,\\\"position\\\":3,\\\"title\\\":\\\"Product\\\",\\\"css_class\\\":null,\\\"target\\\":\\\"_self\\\",\\\"has_child\\\":1,\\\"icon_image\\\":\\\"\\\",\\\"metadata\\\":[],\\\"children\\\":[]},\\\"children\\\":[]},{\\\"menuItem\\\":{\\\"id\\\":21,\\\"menu_id\\\":1,\\\"parent_id\\\":0,\\\"reference_id\\\":5,\\\"reference_type\\\":\\\"Botble\\\\\\\\Page\\\\\\\\Models\\\\\\\\Page\\\",\\\"url\\\":\\\"\\/blog\\\",\\\"icon_font\\\":null,\\\"position\\\":4,\\\"title\\\":\\\"Blog\\\",\\\"css_class\\\":null,\\\"target\\\":\\\"_self\\\",\\\"has_child\\\":1,\\\"icon_image\\\":\\\"\\\",\\\"metadata\\\":[],\\\"children\\\":[]},\\\"children\\\":[{\\\"menuItem\\\":{\\\"id\\\":22,\\\"menu_id\\\":1,\\\"parent_id\\\":21,\\\"reference_id\\\":5,\\\"reference_type\\\":\\\"Botble\\\\\\\\Page\\\\\\\\Models\\\\\\\\Page\\\",\\\"url\\\":\\\"\\/blog\\\",\\\"icon_font\\\":null,\\\"position\\\":0,\\\"title\\\":\\\"Blog Grid\\\",\\\"css_class\\\":null,\\\"target\\\":\\\"_self\\\",\\\"has_child\\\":0,\\\"icon_image\\\":\\\"\\\",\\\"metadata\\\":[]}},{\\\"menuItem\\\":{\\\"id\\\":23,\\\"menu_id\\\":1,\\\"parent_id\\\":21,\\\"reference_id\\\":13,\\\"reference_type\\\":\\\"Botble\\\\\\\\Page\\\\\\\\Models\\\\\\\\Page\\\",\\\"url\\\":\\\"\\/blog-list\\\",\\\"icon_font\\\":null,\\\"position\\\":0,\\\"title\\\":\\\"Blog List\\\",\\\"css_class\\\":null,\\\"target\\\":\\\"_self\\\",\\\"has_child\\\":0,\\\"icon_image\\\":\\\"\\\",\\\"metadata\\\":[]}},{\\\"menuItem\\\":{\\\"id\\\":24,\\\"menu_id\\\":1,\\\"parent_id\\\":21,\\\"reference_id\\\":14,\\\"reference_type\\\":\\\"Botble\\\\\\\\Page\\\\\\\\Models\\\\\\\\Page\\\",\\\"url\\\":\\\"\\/blog-big\\\",\\\"icon_font\\\":null,\\\"position\\\":0,\\\"title\\\":\\\"Blog Big\\\",\\\"css_class\\\":null,\\\"target\\\":\\\"_self\\\",\\\"has_child\\\":0,\\\"icon_image\\\":\\\"\\\",\\\"metadata\\\":[]}},{\\\"menuItem\\\":{\\\"id\\\":25,\\\"menu_id\\\":1,\\\"parent_id\\\":21,\\\"reference_id\\\":15,\\\"reference_type\\\":\\\"Botble\\\\\\\\Page\\\\\\\\Models\\\\\\\\Page\\\",\\\"url\\\":\\\"\\/blog-wide\\\",\\\"icon_font\\\":null,\\\"position\\\":0,\\\"title\\\":\\\"Blog Wide\\\",\\\"css_class\\\":null,\\\"target\\\":\\\"_self\\\",\\\"has_child\\\":0,\\\"icon_image\\\":\\\"\\\",\\\"metadata\\\":[]}},{\\\"menuItem\\\":{\\\"id\\\":26,\\\"menu_id\\\":1,\\\"parent_id\\\":21,\\\"reference_id\\\":null,\\\"reference_type\\\":null,\\\"url\\\":\\\"\\/blog\\/4-expert-tips-on-how-to-choose-the-right-mens-wallet\\\",\\\"icon_font\\\":null,\\\"position\\\":0,\\\"title\\\":\\\"Single Post\\\",\\\"css_class\\\":null,\\\"target\\\":\\\"_self\\\",\\\"has_child\\\":1,\\\"icon_image\\\":\\\"\\\",\\\"metadata\\\":[]},\\\"children\\\":[{\\\"menuItem\\\":{\\\"id\\\":27,\\\"menu_id\\\":1,\\\"parent_id\\\":26,\\\"reference_id\\\":null,\\\"reference_type\\\":null,\\\"url\\\":\\\"\\/blog\\/4-expert-tips-on-how-to-choose-the-right-mens-wallet\\\",\\\"icon_font\\\":null,\\\"position\\\":0,\\\"title\\\":\\\"Single Post Right Sidebar\\\",\\\"css_class\\\":null,\\\"target\\\":\\\"_self\\\",\\\"has_child\\\":0,\\\"icon_image\\\":\\\"\\\",\\\"metadata\\\":[]}},{\\\"menuItem\\\":{\\\"id\\\":28,\\\"menu_id\\\":1,\\\"parent_id\\\":26,\\\"reference_id\\\":null,\\\"reference_type\\\":null,\\\"url\\\":\\\"\\/blog\\/sexy-clutches-how-to-buy-amp-wear-a-designer-clutch-bag\\\",\\\"icon_font\\\":null,\\\"position\\\":0,\\\"title\\\":\\\"Single Post Left Sidebar\\\",\\\"css_class\\\":null,\\\"target\\\":\\\"_self\\\",\\\"has_child\\\":0,\\\"icon_image\\\":\\\"\\\",\\\"metadata\\\":[]}},{\\\"menuItem\\\":{\\\"id\\\":29,\\\"menu_id\\\":1,\\\"parent_id\\\":26,\\\"reference_id\\\":null,\\\"reference_type\\\":null,\\\"url\\\":\\\"\\/blog\\/the-top-2020-handbag-trends-to-know\\\",\\\"icon_font\\\":null,\\\"position\\\":0,\\\"title\\\":\\\"Single Post Full Width\\\",\\\"css_class\\\":null,\\\"target\\\":\\\"_self\\\",\\\"has_child\\\":0,\\\"icon_image\\\":\\\"\\\",\\\"metadata\\\":[]}},{\\\"menuItem\\\":{\\\"id\\\":30,\\\"menu_id\\\":1,\\\"parent_id\\\":26,\\\"reference_id\\\":null,\\\"reference_type\\\":null,\\\"url\\\":\\\"\\/blog\\/how-to-match-the-color-of-your-handbag-with-an-outfit\\\",\\\"icon_font\\\":null,\\\"position\\\":0,\\\"title\\\":\\\"Single Post with Product Listing\\\",\\\"css_class\\\":null,\\\"target\\\":\\\"_self\\\",\\\"has_child\\\":0,\\\"icon_image\\\":\\\"\\\",\\\"metadata\\\":[]}}]}]},{\\\"menuItem\\\":{\\\"id\\\":31,\\\"menu_id\\\":1,\\\"parent_id\\\":0,\\\"reference_id\\\":18,\\\"reference_type\\\":\\\"Botble\\\\\\\\Page\\\\\\\\Models\\\\\\\\Page\\\",\\\"url\\\":\\\"\\/faq\\\",\\\"icon_font\\\":null,\\\"position\\\":5,\\\"title\\\":\\\"FAQ\\\",\\\"css_class\\\":null,\\\"target\\\":\\\"_self\\\",\\\"has_child\\\":0,\\\"icon_image\\\":\\\"\\\",\\\"metadata\\\":[],\\\"children\\\":[]}},{\\\"menuItem\\\":{\\\"id\\\":32,\\\"menu_id\\\":1,\\\"parent_id\\\":0,\\\"reference_id\\\":6,\\\"reference_type\\\":\\\"Botble\\\\\\\\Page\\\\\\\\Models\\\\\\\\Page\\\",\\\"url\\\":\\\"\\/contact\\\",\\\"icon_font\\\":null,\\\"position\\\":6,\\\"title\\\":\\\"Contact\\\",\\\"css_class\\\":null,\\\"target\\\":\\\"_self\\\",\\\"has_child\\\":0,\\\"icon_image\\\":\\\"\\\",\\\"metadata\\\":[],\\\"children\\\":[]}}]\",\"menu_id\":\"1\",\"title\":\"Contact\",\"url\":\"\\/blog\\/how-to-match-the-color-of-your-handbag-with-an-outfit\",\"icon_font\":null,\"icon_image\":null,\"css_class\":null,\"target\":\"_self\",\"locations\":[\"main-menu\"],\"submit\":\"save\",\"language\":\"en_US\",\"ref_from\":null,\"status\":\"published\"}','updated','Mozilla/5.0 (Windows NT 10.0; Win64; x64) AppleWebKit/537.36 (KHTML, like Gecko) Chrome/114.0.0.0 Safari/537.36','::1',1,8,'Shop','primary','2023-06-15 10:33:29','2023-06-15 10:33:29'),(17,1,'menu_node','{\"name\":\"Main menu\",\"deleted_nodes\":\"2 3 4 5 6 7 9 10 11 12 15 16 20 19 18\",\"menu_nodes\":\"[{\\\"menuItem\\\":{\\\"id\\\":1,\\\"menu_id\\\":1,\\\"parent_id\\\":0,\\\"reference_id\\\":null,\\\"reference_type\\\":null,\\\"url\\\":\\\"\\/\\\",\\\"icon_font\\\":\\\"fi-rs-home\\\",\\\"position\\\":0,\\\"title\\\":\\\"Home\\\",\\\"css_class\\\":null,\\\"target\\\":\\\"_self\\\",\\\"has_child\\\":1,\\\"icon_image\\\":\\\"\\\",\\\"metadata\\\":[],\\\"children\\\":[]},\\\"children\\\":[]},{\\\"menuItem\\\":{\\\"id\\\":8,\\\"menu_id\\\":1,\\\"parent_id\\\":0,\\\"reference_id\\\":null,\\\"reference_type\\\":null,\\\"url\\\":\\\"\\/products\\\",\\\"icon_font\\\":null,\\\"position\\\":1,\\\"title\\\":\\\"Shop\\\",\\\"css_class\\\":null,\\\"target\\\":\\\"_self\\\",\\\"has_child\\\":1,\\\"icon_image\\\":\\\"\\\",\\\"metadata\\\":[],\\\"children\\\":[]},\\\"children\\\":[]},{\\\"menuItem\\\":{\\\"id\\\":13,\\\"menu_id\\\":1,\\\"parent_id\\\":0,\\\"reference_id\\\":null,\\\"reference_type\\\":null,\\\"url\\\":\\\"\\/stores\\\",\\\"icon_font\\\":null,\\\"position\\\":2,\\\"title\\\":\\\"Stores\\\",\\\"css_class\\\":null,\\\"target\\\":\\\"_self\\\",\\\"has_child\\\":1,\\\"icon_image\\\":\\\"\\\",\\\"metadata\\\":[],\\\"children\\\":[]},\\\"children\\\":[{\\\"menuItem\\\":{\\\"id\\\":14,\\\"menu_id\\\":1,\\\"parent_id\\\":13,\\\"reference_id\\\":null,\\\"reference_type\\\":null,\\\"url\\\":\\\"\\/stores\\\",\\\"icon_font\\\":null,\\\"position\\\":0,\\\"title\\\":\\\"Stores - Grid\\\",\\\"css_class\\\":null,\\\"target\\\":\\\"_self\\\",\\\"has_child\\\":0,\\\"icon_image\\\":\\\"\\\",\\\"metadata\\\":[]}}]},{\\\"menuItem\\\":{\\\"id\\\":17,\\\"menu_id\\\":1,\\\"parent_id\\\":0,\\\"reference_id\\\":null,\\\"reference_type\\\":null,\\\"url\\\":\\\"\\/products\\/seeds-of-change-organic-quinoe\\\",\\\"icon_font\\\":null,\\\"position\\\":3,\\\"title\\\":\\\"Product\\\",\\\"css_class\\\":null,\\\"target\\\":\\\"_self\\\",\\\"has_child\\\":1,\\\"icon_image\\\":\\\"\\\",\\\"metadata\\\":[],\\\"children\\\":[]},\\\"children\\\":[]},{\\\"menuItem\\\":{\\\"id\\\":21,\\\"menu_id\\\":1,\\\"parent_id\\\":0,\\\"reference_id\\\":5,\\\"reference_type\\\":\\\"Botble\\\\\\\\Page\\\\\\\\Models\\\\\\\\Page\\\",\\\"url\\\":\\\"\\/blog\\\",\\\"icon_font\\\":null,\\\"position\\\":4,\\\"title\\\":\\\"Blog\\\",\\\"css_class\\\":null,\\\"target\\\":\\\"_self\\\",\\\"has_child\\\":1,\\\"icon_image\\\":\\\"\\\",\\\"metadata\\\":[],\\\"children\\\":[]},\\\"children\\\":[{\\\"menuItem\\\":{\\\"id\\\":22,\\\"menu_id\\\":1,\\\"parent_id\\\":21,\\\"reference_id\\\":5,\\\"reference_type\\\":\\\"Botble\\\\\\\\Page\\\\\\\\Models\\\\\\\\Page\\\",\\\"url\\\":\\\"\\/blog\\\",\\\"icon_font\\\":null,\\\"position\\\":0,\\\"title\\\":\\\"Blog Grid\\\",\\\"css_class\\\":null,\\\"target\\\":\\\"_self\\\",\\\"has_child\\\":0,\\\"icon_image\\\":\\\"\\\",\\\"metadata\\\":[]}},{\\\"menuItem\\\":{\\\"id\\\":23,\\\"menu_id\\\":1,\\\"parent_id\\\":21,\\\"reference_id\\\":13,\\\"reference_type\\\":\\\"Botble\\\\\\\\Page\\\\\\\\Models\\\\\\\\Page\\\",\\\"url\\\":\\\"\\/blog-list\\\",\\\"icon_font\\\":null,\\\"position\\\":0,\\\"title\\\":\\\"Blog List\\\",\\\"css_class\\\":null,\\\"target\\\":\\\"_self\\\",\\\"has_child\\\":0,\\\"icon_image\\\":\\\"\\\",\\\"metadata\\\":[]}},{\\\"menuItem\\\":{\\\"id\\\":24,\\\"menu_id\\\":1,\\\"parent_id\\\":21,\\\"reference_id\\\":14,\\\"reference_type\\\":\\\"Botble\\\\\\\\Page\\\\\\\\Models\\\\\\\\Page\\\",\\\"url\\\":\\\"\\/blog-big\\\",\\\"icon_font\\\":null,\\\"position\\\":0,\\\"title\\\":\\\"Blog Big\\\",\\\"css_class\\\":null,\\\"target\\\":\\\"_self\\\",\\\"has_child\\\":0,\\\"icon_image\\\":\\\"\\\",\\\"metadata\\\":[]}},{\\\"menuItem\\\":{\\\"id\\\":25,\\\"menu_id\\\":1,\\\"parent_id\\\":21,\\\"reference_id\\\":15,\\\"reference_type\\\":\\\"Botble\\\\\\\\Page\\\\\\\\Models\\\\\\\\Page\\\",\\\"url\\\":\\\"\\/blog-wide\\\",\\\"icon_font\\\":null,\\\"position\\\":0,\\\"title\\\":\\\"Blog Wide\\\",\\\"css_class\\\":null,\\\"target\\\":\\\"_self\\\",\\\"has_child\\\":0,\\\"icon_image\\\":\\\"\\\",\\\"metadata\\\":[]}},{\\\"menuItem\\\":{\\\"id\\\":26,\\\"menu_id\\\":1,\\\"parent_id\\\":21,\\\"reference_id\\\":null,\\\"reference_type\\\":null,\\\"url\\\":\\\"\\/blog\\/4-expert-tips-on-how-to-choose-the-right-mens-wallet\\\",\\\"icon_font\\\":null,\\\"position\\\":0,\\\"title\\\":\\\"Single Post\\\",\\\"css_class\\\":null,\\\"target\\\":\\\"_self\\\",\\\"has_child\\\":1,\\\"icon_image\\\":\\\"\\\",\\\"metadata\\\":[]},\\\"children\\\":[{\\\"menuItem\\\":{\\\"id\\\":27,\\\"menu_id\\\":1,\\\"parent_id\\\":26,\\\"reference_id\\\":null,\\\"reference_type\\\":null,\\\"url\\\":\\\"\\/blog\\/4-expert-tips-on-how-to-choose-the-right-mens-wallet\\\",\\\"icon_font\\\":null,\\\"position\\\":0,\\\"title\\\":\\\"Single Post Right Sidebar\\\",\\\"css_class\\\":null,\\\"target\\\":\\\"_self\\\",\\\"has_child\\\":0,\\\"icon_image\\\":\\\"\\\",\\\"metadata\\\":[]}},{\\\"menuItem\\\":{\\\"id\\\":28,\\\"menu_id\\\":1,\\\"parent_id\\\":26,\\\"reference_id\\\":null,\\\"reference_type\\\":null,\\\"url\\\":\\\"\\/blog\\/sexy-clutches-how-to-buy-amp-wear-a-designer-clutch-bag\\\",\\\"icon_font\\\":null,\\\"position\\\":0,\\\"title\\\":\\\"Single Post Left Sidebar\\\",\\\"css_class\\\":null,\\\"target\\\":\\\"_self\\\",\\\"has_child\\\":0,\\\"icon_image\\\":\\\"\\\",\\\"metadata\\\":[]}},{\\\"menuItem\\\":{\\\"id\\\":29,\\\"menu_id\\\":1,\\\"parent_id\\\":26,\\\"reference_id\\\":null,\\\"reference_type\\\":null,\\\"url\\\":\\\"\\/blog\\/the-top-2020-handbag-trends-to-know\\\",\\\"icon_font\\\":null,\\\"position\\\":0,\\\"title\\\":\\\"Single Post Full Width\\\",\\\"css_class\\\":null,\\\"target\\\":\\\"_self\\\",\\\"has_child\\\":0,\\\"icon_image\\\":\\\"\\\",\\\"metadata\\\":[]}},{\\\"menuItem\\\":{\\\"id\\\":30,\\\"menu_id\\\":1,\\\"parent_id\\\":26,\\\"reference_id\\\":null,\\\"reference_type\\\":null,\\\"url\\\":\\\"\\/blog\\/how-to-match-the-color-of-your-handbag-with-an-outfit\\\",\\\"icon_font\\\":null,\\\"position\\\":0,\\\"title\\\":\\\"Single Post with Product Listing\\\",\\\"css_class\\\":null,\\\"target\\\":\\\"_self\\\",\\\"has_child\\\":0,\\\"icon_image\\\":\\\"\\\",\\\"metadata\\\":[]}}]}]},{\\\"menuItem\\\":{\\\"id\\\":31,\\\"menu_id\\\":1,\\\"parent_id\\\":0,\\\"reference_id\\\":18,\\\"reference_type\\\":\\\"Botble\\\\\\\\Page\\\\\\\\Models\\\\\\\\Page\\\",\\\"url\\\":\\\"\\/faq\\\",\\\"icon_font\\\":null,\\\"position\\\":5,\\\"title\\\":\\\"FAQ\\\",\\\"css_class\\\":null,\\\"target\\\":\\\"_self\\\",\\\"has_child\\\":0,\\\"icon_image\\\":\\\"\\\",\\\"metadata\\\":[],\\\"children\\\":[]}},{\\\"menuItem\\\":{\\\"id\\\":32,\\\"menu_id\\\":1,\\\"parent_id\\\":0,\\\"reference_id\\\":6,\\\"reference_type\\\":\\\"Botble\\\\\\\\Page\\\\\\\\Models\\\\\\\\Page\\\",\\\"url\\\":\\\"\\/contact\\\",\\\"icon_font\\\":null,\\\"position\\\":6,\\\"title\\\":\\\"Contact\\\",\\\"css_class\\\":null,\\\"target\\\":\\\"_self\\\",\\\"has_child\\\":0,\\\"icon_image\\\":\\\"\\\",\\\"metadata\\\":[],\\\"children\\\":[]}}]\",\"menu_id\":\"1\",\"title\":\"Contact\",\"url\":\"\\/blog\\/how-to-match-the-color-of-your-handbag-with-an-outfit\",\"icon_font\":null,\"icon_image\":null,\"css_class\":null,\"target\":\"_self\",\"locations\":[\"main-menu\"],\"submit\":\"save\",\"language\":\"en_US\",\"ref_from\":null,\"status\":\"published\"}','updated','Mozilla/5.0 (Windows NT 10.0; Win64; x64) AppleWebKit/537.36 (KHTML, like Gecko) Chrome/114.0.0.0 Safari/537.36','::1',1,13,'Stores','primary','2023-06-15 10:33:29','2023-06-15 10:33:29'),(18,1,'menu_node','{\"name\":\"Main menu\",\"deleted_nodes\":\"2 3 4 5 6 7 9 10 11 12 15 16 20 19 18\",\"menu_nodes\":\"[{\\\"menuItem\\\":{\\\"id\\\":1,\\\"menu_id\\\":1,\\\"parent_id\\\":0,\\\"reference_id\\\":null,\\\"reference_type\\\":null,\\\"url\\\":\\\"\\/\\\",\\\"icon_font\\\":\\\"fi-rs-home\\\",\\\"position\\\":0,\\\"title\\\":\\\"Home\\\",\\\"css_class\\\":null,\\\"target\\\":\\\"_self\\\",\\\"has_child\\\":1,\\\"icon_image\\\":\\\"\\\",\\\"metadata\\\":[],\\\"children\\\":[]},\\\"children\\\":[]},{\\\"menuItem\\\":{\\\"id\\\":8,\\\"menu_id\\\":1,\\\"parent_id\\\":0,\\\"reference_id\\\":null,\\\"reference_type\\\":null,\\\"url\\\":\\\"\\/products\\\",\\\"icon_font\\\":null,\\\"position\\\":1,\\\"title\\\":\\\"Shop\\\",\\\"css_class\\\":null,\\\"target\\\":\\\"_self\\\",\\\"has_child\\\":1,\\\"icon_image\\\":\\\"\\\",\\\"metadata\\\":[],\\\"children\\\":[]},\\\"children\\\":[]},{\\\"menuItem\\\":{\\\"id\\\":13,\\\"menu_id\\\":1,\\\"parent_id\\\":0,\\\"reference_id\\\":null,\\\"reference_type\\\":null,\\\"url\\\":\\\"\\/stores\\\",\\\"icon_font\\\":null,\\\"position\\\":2,\\\"title\\\":\\\"Stores\\\",\\\"css_class\\\":null,\\\"target\\\":\\\"_self\\\",\\\"has_child\\\":1,\\\"icon_image\\\":\\\"\\\",\\\"metadata\\\":[],\\\"children\\\":[]},\\\"children\\\":[{\\\"menuItem\\\":{\\\"id\\\":14,\\\"menu_id\\\":1,\\\"parent_id\\\":13,\\\"reference_id\\\":null,\\\"reference_type\\\":null,\\\"url\\\":\\\"\\/stores\\\",\\\"icon_font\\\":null,\\\"position\\\":0,\\\"title\\\":\\\"Stores - Grid\\\",\\\"css_class\\\":null,\\\"target\\\":\\\"_self\\\",\\\"has_child\\\":0,\\\"icon_image\\\":\\\"\\\",\\\"metadata\\\":[]}}]},{\\\"menuItem\\\":{\\\"id\\\":17,\\\"menu_id\\\":1,\\\"parent_id\\\":0,\\\"reference_id\\\":null,\\\"reference_type\\\":null,\\\"url\\\":\\\"\\/products\\/seeds-of-change-organic-quinoe\\\",\\\"icon_font\\\":null,\\\"position\\\":3,\\\"title\\\":\\\"Product\\\",\\\"css_class\\\":null,\\\"target\\\":\\\"_self\\\",\\\"has_child\\\":1,\\\"icon_image\\\":\\\"\\\",\\\"metadata\\\":[],\\\"children\\\":[]},\\\"children\\\":[]},{\\\"menuItem\\\":{\\\"id\\\":21,\\\"menu_id\\\":1,\\\"parent_id\\\":0,\\\"reference_id\\\":5,\\\"reference_type\\\":\\\"Botble\\\\\\\\Page\\\\\\\\Models\\\\\\\\Page\\\",\\\"url\\\":\\\"\\/blog\\\",\\\"icon_font\\\":null,\\\"position\\\":4,\\\"title\\\":\\\"Blog\\\",\\\"css_class\\\":null,\\\"target\\\":\\\"_self\\\",\\\"has_child\\\":1,\\\"icon_image\\\":\\\"\\\",\\\"metadata\\\":[],\\\"children\\\":[]},\\\"children\\\":[{\\\"menuItem\\\":{\\\"id\\\":22,\\\"menu_id\\\":1,\\\"parent_id\\\":21,\\\"reference_id\\\":5,\\\"reference_type\\\":\\\"Botble\\\\\\\\Page\\\\\\\\Models\\\\\\\\Page\\\",\\\"url\\\":\\\"\\/blog\\\",\\\"icon_font\\\":null,\\\"position\\\":0,\\\"title\\\":\\\"Blog Grid\\\",\\\"css_class\\\":null,\\\"target\\\":\\\"_self\\\",\\\"has_child\\\":0,\\\"icon_image\\\":\\\"\\\",\\\"metadata\\\":[]}},{\\\"menuItem\\\":{\\\"id\\\":23,\\\"menu_id\\\":1,\\\"parent_id\\\":21,\\\"reference_id\\\":13,\\\"reference_type\\\":\\\"Botble\\\\\\\\Page\\\\\\\\Models\\\\\\\\Page\\\",\\\"url\\\":\\\"\\/blog-list\\\",\\\"icon_font\\\":null,\\\"position\\\":0,\\\"title\\\":\\\"Blog List\\\",\\\"css_class\\\":null,\\\"target\\\":\\\"_self\\\",\\\"has_child\\\":0,\\\"icon_image\\\":\\\"\\\",\\\"metadata\\\":[]}},{\\\"menuItem\\\":{\\\"id\\\":24,\\\"menu_id\\\":1,\\\"parent_id\\\":21,\\\"reference_id\\\":14,\\\"reference_type\\\":\\\"Botble\\\\\\\\Page\\\\\\\\Models\\\\\\\\Page\\\",\\\"url\\\":\\\"\\/blog-big\\\",\\\"icon_font\\\":null,\\\"position\\\":0,\\\"title\\\":\\\"Blog Big\\\",\\\"css_class\\\":null,\\\"target\\\":\\\"_self\\\",\\\"has_child\\\":0,\\\"icon_image\\\":\\\"\\\",\\\"metadata\\\":[]}},{\\\"menuItem\\\":{\\\"id\\\":25,\\\"menu_id\\\":1,\\\"parent_id\\\":21,\\\"reference_id\\\":15,\\\"reference_type\\\":\\\"Botble\\\\\\\\Page\\\\\\\\Models\\\\\\\\Page\\\",\\\"url\\\":\\\"\\/blog-wide\\\",\\\"icon_font\\\":null,\\\"position\\\":0,\\\"title\\\":\\\"Blog Wide\\\",\\\"css_class\\\":null,\\\"target\\\":\\\"_self\\\",\\\"has_child\\\":0,\\\"icon_image\\\":\\\"\\\",\\\"metadata\\\":[]}},{\\\"menuItem\\\":{\\\"id\\\":26,\\\"menu_id\\\":1,\\\"parent_id\\\":21,\\\"reference_id\\\":null,\\\"reference_type\\\":null,\\\"url\\\":\\\"\\/blog\\/4-expert-tips-on-how-to-choose-the-right-mens-wallet\\\",\\\"icon_font\\\":null,\\\"position\\\":0,\\\"title\\\":\\\"Single Post\\\",\\\"css_class\\\":null,\\\"target\\\":\\\"_self\\\",\\\"has_child\\\":1,\\\"icon_image\\\":\\\"\\\",\\\"metadata\\\":[]},\\\"children\\\":[{\\\"menuItem\\\":{\\\"id\\\":27,\\\"menu_id\\\":1,\\\"parent_id\\\":26,\\\"reference_id\\\":null,\\\"reference_type\\\":null,\\\"url\\\":\\\"\\/blog\\/4-expert-tips-on-how-to-choose-the-right-mens-wallet\\\",\\\"icon_font\\\":null,\\\"position\\\":0,\\\"title\\\":\\\"Single Post Right Sidebar\\\",\\\"css_class\\\":null,\\\"target\\\":\\\"_self\\\",\\\"has_child\\\":0,\\\"icon_image\\\":\\\"\\\",\\\"metadata\\\":[]}},{\\\"menuItem\\\":{\\\"id\\\":28,\\\"menu_id\\\":1,\\\"parent_id\\\":26,\\\"reference_id\\\":null,\\\"reference_type\\\":null,\\\"url\\\":\\\"\\/blog\\/sexy-clutches-how-to-buy-amp-wear-a-designer-clutch-bag\\\",\\\"icon_font\\\":null,\\\"position\\\":0,\\\"title\\\":\\\"Single Post Left Sidebar\\\",\\\"css_class\\\":null,\\\"target\\\":\\\"_self\\\",\\\"has_child\\\":0,\\\"icon_image\\\":\\\"\\\",\\\"metadata\\\":[]}},{\\\"menuItem\\\":{\\\"id\\\":29,\\\"menu_id\\\":1,\\\"parent_id\\\":26,\\\"reference_id\\\":null,\\\"reference_type\\\":null,\\\"url\\\":\\\"\\/blog\\/the-top-2020-handbag-trends-to-know\\\",\\\"icon_font\\\":null,\\\"position\\\":0,\\\"title\\\":\\\"Single Post Full Width\\\",\\\"css_class\\\":null,\\\"target\\\":\\\"_self\\\",\\\"has_child\\\":0,\\\"icon_image\\\":\\\"\\\",\\\"metadata\\\":[]}},{\\\"menuItem\\\":{\\\"id\\\":30,\\\"menu_id\\\":1,\\\"parent_id\\\":26,\\\"reference_id\\\":null,\\\"reference_type\\\":null,\\\"url\\\":\\\"\\/blog\\/how-to-match-the-color-of-your-handbag-with-an-outfit\\\",\\\"icon_font\\\":null,\\\"position\\\":0,\\\"title\\\":\\\"Single Post with Product Listing\\\",\\\"css_class\\\":null,\\\"target\\\":\\\"_self\\\",\\\"has_child\\\":0,\\\"icon_image\\\":\\\"\\\",\\\"metadata\\\":[]}}]}]},{\\\"menuItem\\\":{\\\"id\\\":31,\\\"menu_id\\\":1,\\\"parent_id\\\":0,\\\"reference_id\\\":18,\\\"reference_type\\\":\\\"Botble\\\\\\\\Page\\\\\\\\Models\\\\\\\\Page\\\",\\\"url\\\":\\\"\\/faq\\\",\\\"icon_font\\\":null,\\\"position\\\":5,\\\"title\\\":\\\"FAQ\\\",\\\"css_class\\\":null,\\\"target\\\":\\\"_self\\\",\\\"has_child\\\":0,\\\"icon_image\\\":\\\"\\\",\\\"metadata\\\":[],\\\"children\\\":[]}},{\\\"menuItem\\\":{\\\"id\\\":32,\\\"menu_id\\\":1,\\\"parent_id\\\":0,\\\"reference_id\\\":6,\\\"reference_type\\\":\\\"Botble\\\\\\\\Page\\\\\\\\Models\\\\\\\\Page\\\",\\\"url\\\":\\\"\\/contact\\\",\\\"icon_font\\\":null,\\\"position\\\":6,\\\"title\\\":\\\"Contact\\\",\\\"css_class\\\":null,\\\"target\\\":\\\"_self\\\",\\\"has_child\\\":0,\\\"icon_image\\\":\\\"\\\",\\\"metadata\\\":[],\\\"children\\\":[]}}]\",\"menu_id\":\"1\",\"title\":\"Contact\",\"url\":\"\\/blog\\/how-to-match-the-color-of-your-handbag-with-an-outfit\",\"icon_font\":null,\"icon_image\":null,\"css_class\":null,\"target\":\"_self\",\"locations\":[\"main-menu\"],\"submit\":\"save\",\"language\":\"en_US\",\"ref_from\":null,\"status\":\"published\"}','updated','Mozilla/5.0 (Windows NT 10.0; Win64; x64) AppleWebKit/537.36 (KHTML, like Gecko) Chrome/114.0.0.0 Safari/537.36','::1',1,14,'Stores - Grid','primary','2023-06-15 10:33:29','2023-06-15 10:33:29'),(19,1,'menu_node','{\"name\":\"Main menu\",\"deleted_nodes\":\"2 3 4 5 6 7 9 10 11 12 15 16 20 19 18\",\"menu_nodes\":\"[{\\\"menuItem\\\":{\\\"id\\\":1,\\\"menu_id\\\":1,\\\"parent_id\\\":0,\\\"reference_id\\\":null,\\\"reference_type\\\":null,\\\"url\\\":\\\"\\/\\\",\\\"icon_font\\\":\\\"fi-rs-home\\\",\\\"position\\\":0,\\\"title\\\":\\\"Home\\\",\\\"css_class\\\":null,\\\"target\\\":\\\"_self\\\",\\\"has_child\\\":1,\\\"icon_image\\\":\\\"\\\",\\\"metadata\\\":[],\\\"children\\\":[]},\\\"children\\\":[]},{\\\"menuItem\\\":{\\\"id\\\":8,\\\"menu_id\\\":1,\\\"parent_id\\\":0,\\\"reference_id\\\":null,\\\"reference_type\\\":null,\\\"url\\\":\\\"\\/products\\\",\\\"icon_font\\\":null,\\\"position\\\":1,\\\"title\\\":\\\"Shop\\\",\\\"css_class\\\":null,\\\"target\\\":\\\"_self\\\",\\\"has_child\\\":1,\\\"icon_image\\\":\\\"\\\",\\\"metadata\\\":[],\\\"children\\\":[]},\\\"children\\\":[]},{\\\"menuItem\\\":{\\\"id\\\":13,\\\"menu_id\\\":1,\\\"parent_id\\\":0,\\\"reference_id\\\":null,\\\"reference_type\\\":null,\\\"url\\\":\\\"\\/stores\\\",\\\"icon_font\\\":null,\\\"position\\\":2,\\\"title\\\":\\\"Stores\\\",\\\"css_class\\\":null,\\\"target\\\":\\\"_self\\\",\\\"has_child\\\":1,\\\"icon_image\\\":\\\"\\\",\\\"metadata\\\":[],\\\"children\\\":[]},\\\"children\\\":[{\\\"menuItem\\\":{\\\"id\\\":14,\\\"menu_id\\\":1,\\\"parent_id\\\":13,\\\"reference_id\\\":null,\\\"reference_type\\\":null,\\\"url\\\":\\\"\\/stores\\\",\\\"icon_font\\\":null,\\\"position\\\":0,\\\"title\\\":\\\"Stores - Grid\\\",\\\"css_class\\\":null,\\\"target\\\":\\\"_self\\\",\\\"has_child\\\":0,\\\"icon_image\\\":\\\"\\\",\\\"metadata\\\":[]}}]},{\\\"menuItem\\\":{\\\"id\\\":17,\\\"menu_id\\\":1,\\\"parent_id\\\":0,\\\"reference_id\\\":null,\\\"reference_type\\\":null,\\\"url\\\":\\\"\\/products\\/seeds-of-change-organic-quinoe\\\",\\\"icon_font\\\":null,\\\"position\\\":3,\\\"title\\\":\\\"Product\\\",\\\"css_class\\\":null,\\\"target\\\":\\\"_self\\\",\\\"has_child\\\":1,\\\"icon_image\\\":\\\"\\\",\\\"metadata\\\":[],\\\"children\\\":[]},\\\"children\\\":[]},{\\\"menuItem\\\":{\\\"id\\\":21,\\\"menu_id\\\":1,\\\"parent_id\\\":0,\\\"reference_id\\\":5,\\\"reference_type\\\":\\\"Botble\\\\\\\\Page\\\\\\\\Models\\\\\\\\Page\\\",\\\"url\\\":\\\"\\/blog\\\",\\\"icon_font\\\":null,\\\"position\\\":4,\\\"title\\\":\\\"Blog\\\",\\\"css_class\\\":null,\\\"target\\\":\\\"_self\\\",\\\"has_child\\\":1,\\\"icon_image\\\":\\\"\\\",\\\"metadata\\\":[],\\\"children\\\":[]},\\\"children\\\":[{\\\"menuItem\\\":{\\\"id\\\":22,\\\"menu_id\\\":1,\\\"parent_id\\\":21,\\\"reference_id\\\":5,\\\"reference_type\\\":\\\"Botble\\\\\\\\Page\\\\\\\\Models\\\\\\\\Page\\\",\\\"url\\\":\\\"\\/blog\\\",\\\"icon_font\\\":null,\\\"position\\\":0,\\\"title\\\":\\\"Blog Grid\\\",\\\"css_class\\\":null,\\\"target\\\":\\\"_self\\\",\\\"has_child\\\":0,\\\"icon_image\\\":\\\"\\\",\\\"metadata\\\":[]}},{\\\"menuItem\\\":{\\\"id\\\":23,\\\"menu_id\\\":1,\\\"parent_id\\\":21,\\\"reference_id\\\":13,\\\"reference_type\\\":\\\"Botble\\\\\\\\Page\\\\\\\\Models\\\\\\\\Page\\\",\\\"url\\\":\\\"\\/blog-list\\\",\\\"icon_font\\\":null,\\\"position\\\":0,\\\"title\\\":\\\"Blog List\\\",\\\"css_class\\\":null,\\\"target\\\":\\\"_self\\\",\\\"has_child\\\":0,\\\"icon_image\\\":\\\"\\\",\\\"metadata\\\":[]}},{\\\"menuItem\\\":{\\\"id\\\":24,\\\"menu_id\\\":1,\\\"parent_id\\\":21,\\\"reference_id\\\":14,\\\"reference_type\\\":\\\"Botble\\\\\\\\Page\\\\\\\\Models\\\\\\\\Page\\\",\\\"url\\\":\\\"\\/blog-big\\\",\\\"icon_font\\\":null,\\\"position\\\":0,\\\"title\\\":\\\"Blog Big\\\",\\\"css_class\\\":null,\\\"target\\\":\\\"_self\\\",\\\"has_child\\\":0,\\\"icon_image\\\":\\\"\\\",\\\"metadata\\\":[]}},{\\\"menuItem\\\":{\\\"id\\\":25,\\\"menu_id\\\":1,\\\"parent_id\\\":21,\\\"reference_id\\\":15,\\\"reference_type\\\":\\\"Botble\\\\\\\\Page\\\\\\\\Models\\\\\\\\Page\\\",\\\"url\\\":\\\"\\/blog-wide\\\",\\\"icon_font\\\":null,\\\"position\\\":0,\\\"title\\\":\\\"Blog Wide\\\",\\\"css_class\\\":null,\\\"target\\\":\\\"_self\\\",\\\"has_child\\\":0,\\\"icon_image\\\":\\\"\\\",\\\"metadata\\\":[]}},{\\\"menuItem\\\":{\\\"id\\\":26,\\\"menu_id\\\":1,\\\"parent_id\\\":21,\\\"reference_id\\\":null,\\\"reference_type\\\":null,\\\"url\\\":\\\"\\/blog\\/4-expert-tips-on-how-to-choose-the-right-mens-wallet\\\",\\\"icon_font\\\":null,\\\"position\\\":0,\\\"title\\\":\\\"Single Post\\\",\\\"css_class\\\":null,\\\"target\\\":\\\"_self\\\",\\\"has_child\\\":1,\\\"icon_image\\\":\\\"\\\",\\\"metadata\\\":[]},\\\"children\\\":[{\\\"menuItem\\\":{\\\"id\\\":27,\\\"menu_id\\\":1,\\\"parent_id\\\":26,\\\"reference_id\\\":null,\\\"reference_type\\\":null,\\\"url\\\":\\\"\\/blog\\/4-expert-tips-on-how-to-choose-the-right-mens-wallet\\\",\\\"icon_font\\\":null,\\\"position\\\":0,\\\"title\\\":\\\"Single Post Right Sidebar\\\",\\\"css_class\\\":null,\\\"target\\\":\\\"_self\\\",\\\"has_child\\\":0,\\\"icon_image\\\":\\\"\\\",\\\"metadata\\\":[]}},{\\\"menuItem\\\":{\\\"id\\\":28,\\\"menu_id\\\":1,\\\"parent_id\\\":26,\\\"reference_id\\\":null,\\\"reference_type\\\":null,\\\"url\\\":\\\"\\/blog\\/sexy-clutches-how-to-buy-amp-wear-a-designer-clutch-bag\\\",\\\"icon_font\\\":null,\\\"position\\\":0,\\\"title\\\":\\\"Single Post Left Sidebar\\\",\\\"css_class\\\":null,\\\"target\\\":\\\"_self\\\",\\\"has_child\\\":0,\\\"icon_image\\\":\\\"\\\",\\\"metadata\\\":[]}},{\\\"menuItem\\\":{\\\"id\\\":29,\\\"menu_id\\\":1,\\\"parent_id\\\":26,\\\"reference_id\\\":null,\\\"reference_type\\\":null,\\\"url\\\":\\\"\\/blog\\/the-top-2020-handbag-trends-to-know\\\",\\\"icon_font\\\":null,\\\"position\\\":0,\\\"title\\\":\\\"Single Post Full Width\\\",\\\"css_class\\\":null,\\\"target\\\":\\\"_self\\\",\\\"has_child\\\":0,\\\"icon_image\\\":\\\"\\\",\\\"metadata\\\":[]}},{\\\"menuItem\\\":{\\\"id\\\":30,\\\"menu_id\\\":1,\\\"parent_id\\\":26,\\\"reference_id\\\":null,\\\"reference_type\\\":null,\\\"url\\\":\\\"\\/blog\\/how-to-match-the-color-of-your-handbag-with-an-outfit\\\",\\\"icon_font\\\":null,\\\"position\\\":0,\\\"title\\\":\\\"Single Post with Product Listing\\\",\\\"css_class\\\":null,\\\"target\\\":\\\"_self\\\",\\\"has_child\\\":0,\\\"icon_image\\\":\\\"\\\",\\\"metadata\\\":[]}}]}]},{\\\"menuItem\\\":{\\\"id\\\":31,\\\"menu_id\\\":1,\\\"parent_id\\\":0,\\\"reference_id\\\":18,\\\"reference_type\\\":\\\"Botble\\\\\\\\Page\\\\\\\\Models\\\\\\\\Page\\\",\\\"url\\\":\\\"\\/faq\\\",\\\"icon_font\\\":null,\\\"position\\\":5,\\\"title\\\":\\\"FAQ\\\",\\\"css_class\\\":null,\\\"target\\\":\\\"_self\\\",\\\"has_child\\\":0,\\\"icon_image\\\":\\\"\\\",\\\"metadata\\\":[],\\\"children\\\":[]}},{\\\"menuItem\\\":{\\\"id\\\":32,\\\"menu_id\\\":1,\\\"parent_id\\\":0,\\\"reference_id\\\":6,\\\"reference_type\\\":\\\"Botble\\\\\\\\Page\\\\\\\\Models\\\\\\\\Page\\\",\\\"url\\\":\\\"\\/contact\\\",\\\"icon_font\\\":null,\\\"position\\\":6,\\\"title\\\":\\\"Contact\\\",\\\"css_class\\\":null,\\\"target\\\":\\\"_self\\\",\\\"has_child\\\":0,\\\"icon_image\\\":\\\"\\\",\\\"metadata\\\":[],\\\"children\\\":[]}}]\",\"menu_id\":\"1\",\"title\":\"Contact\",\"url\":\"\\/blog\\/how-to-match-the-color-of-your-handbag-with-an-outfit\",\"icon_font\":null,\"icon_image\":null,\"css_class\":null,\"target\":\"_self\",\"locations\":[\"main-menu\"],\"submit\":\"save\",\"language\":\"en_US\",\"ref_from\":null,\"status\":\"published\"}','updated','Mozilla/5.0 (Windows NT 10.0; Win64; x64) AppleWebKit/537.36 (KHTML, like Gecko) Chrome/114.0.0.0 Safari/537.36','::1',1,17,'Product','primary','2023-06-15 10:33:29','2023-06-15 10:33:29'),(20,1,'menu_node','{\"name\":\"Main menu\",\"deleted_nodes\":\"2 3 4 5 6 7 9 10 11 12 15 16 20 19 18\",\"menu_nodes\":\"[{\\\"menuItem\\\":{\\\"id\\\":1,\\\"menu_id\\\":1,\\\"parent_id\\\":0,\\\"reference_id\\\":null,\\\"reference_type\\\":null,\\\"url\\\":\\\"\\/\\\",\\\"icon_font\\\":\\\"fi-rs-home\\\",\\\"position\\\":0,\\\"title\\\":\\\"Home\\\",\\\"css_class\\\":null,\\\"target\\\":\\\"_self\\\",\\\"has_child\\\":1,\\\"icon_image\\\":\\\"\\\",\\\"metadata\\\":[],\\\"children\\\":[]},\\\"children\\\":[]},{\\\"menuItem\\\":{\\\"id\\\":8,\\\"menu_id\\\":1,\\\"parent_id\\\":0,\\\"reference_id\\\":null,\\\"reference_type\\\":null,\\\"url\\\":\\\"\\/products\\\",\\\"icon_font\\\":null,\\\"position\\\":1,\\\"title\\\":\\\"Shop\\\",\\\"css_class\\\":null,\\\"target\\\":\\\"_self\\\",\\\"has_child\\\":1,\\\"icon_image\\\":\\\"\\\",\\\"metadata\\\":[],\\\"children\\\":[]},\\\"children\\\":[]},{\\\"menuItem\\\":{\\\"id\\\":13,\\\"menu_id\\\":1,\\\"parent_id\\\":0,\\\"reference_id\\\":null,\\\"reference_type\\\":null,\\\"url\\\":\\\"\\/stores\\\",\\\"icon_font\\\":null,\\\"position\\\":2,\\\"title\\\":\\\"Stores\\\",\\\"css_class\\\":null,\\\"target\\\":\\\"_self\\\",\\\"has_child\\\":1,\\\"icon_image\\\":\\\"\\\",\\\"metadata\\\":[],\\\"children\\\":[]},\\\"children\\\":[{\\\"menuItem\\\":{\\\"id\\\":14,\\\"menu_id\\\":1,\\\"parent_id\\\":13,\\\"reference_id\\\":null,\\\"reference_type\\\":null,\\\"url\\\":\\\"\\/stores\\\",\\\"icon_font\\\":null,\\\"position\\\":0,\\\"title\\\":\\\"Stores - Grid\\\",\\\"css_class\\\":null,\\\"target\\\":\\\"_self\\\",\\\"has_child\\\":0,\\\"icon_image\\\":\\\"\\\",\\\"metadata\\\":[]}}]},{\\\"menuItem\\\":{\\\"id\\\":17,\\\"menu_id\\\":1,\\\"parent_id\\\":0,\\\"reference_id\\\":null,\\\"reference_type\\\":null,\\\"url\\\":\\\"\\/products\\/seeds-of-change-organic-quinoe\\\",\\\"icon_font\\\":null,\\\"position\\\":3,\\\"title\\\":\\\"Product\\\",\\\"css_class\\\":null,\\\"target\\\":\\\"_self\\\",\\\"has_child\\\":1,\\\"icon_image\\\":\\\"\\\",\\\"metadata\\\":[],\\\"children\\\":[]},\\\"children\\\":[]},{\\\"menuItem\\\":{\\\"id\\\":21,\\\"menu_id\\\":1,\\\"parent_id\\\":0,\\\"reference_id\\\":5,\\\"reference_type\\\":\\\"Botble\\\\\\\\Page\\\\\\\\Models\\\\\\\\Page\\\",\\\"url\\\":\\\"\\/blog\\\",\\\"icon_font\\\":null,\\\"position\\\":4,\\\"title\\\":\\\"Blog\\\",\\\"css_class\\\":null,\\\"target\\\":\\\"_self\\\",\\\"has_child\\\":1,\\\"icon_image\\\":\\\"\\\",\\\"metadata\\\":[],\\\"children\\\":[]},\\\"children\\\":[{\\\"menuItem\\\":{\\\"id\\\":22,\\\"menu_id\\\":1,\\\"parent_id\\\":21,\\\"reference_id\\\":5,\\\"reference_type\\\":\\\"Botble\\\\\\\\Page\\\\\\\\Models\\\\\\\\Page\\\",\\\"url\\\":\\\"\\/blog\\\",\\\"icon_font\\\":null,\\\"position\\\":0,\\\"title\\\":\\\"Blog Grid\\\",\\\"css_class\\\":null,\\\"target\\\":\\\"_self\\\",\\\"has_child\\\":0,\\\"icon_image\\\":\\\"\\\",\\\"metadata\\\":[]}},{\\\"menuItem\\\":{\\\"id\\\":23,\\\"menu_id\\\":1,\\\"parent_id\\\":21,\\\"reference_id\\\":13,\\\"reference_type\\\":\\\"Botble\\\\\\\\Page\\\\\\\\Models\\\\\\\\Page\\\",\\\"url\\\":\\\"\\/blog-list\\\",\\\"icon_font\\\":null,\\\"position\\\":0,\\\"title\\\":\\\"Blog List\\\",\\\"css_class\\\":null,\\\"target\\\":\\\"_self\\\",\\\"has_child\\\":0,\\\"icon_image\\\":\\\"\\\",\\\"metadata\\\":[]}},{\\\"menuItem\\\":{\\\"id\\\":24,\\\"menu_id\\\":1,\\\"parent_id\\\":21,\\\"reference_id\\\":14,\\\"reference_type\\\":\\\"Botble\\\\\\\\Page\\\\\\\\Models\\\\\\\\Page\\\",\\\"url\\\":\\\"\\/blog-big\\\",\\\"icon_font\\\":null,\\\"position\\\":0,\\\"title\\\":\\\"Blog Big\\\",\\\"css_class\\\":null,\\\"target\\\":\\\"_self\\\",\\\"has_child\\\":0,\\\"icon_image\\\":\\\"\\\",\\\"metadata\\\":[]}},{\\\"menuItem\\\":{\\\"id\\\":25,\\\"menu_id\\\":1,\\\"parent_id\\\":21,\\\"reference_id\\\":15,\\\"reference_type\\\":\\\"Botble\\\\\\\\Page\\\\\\\\Models\\\\\\\\Page\\\",\\\"url\\\":\\\"\\/blog-wide\\\",\\\"icon_font\\\":null,\\\"position\\\":0,\\\"title\\\":\\\"Blog Wide\\\",\\\"css_class\\\":null,\\\"target\\\":\\\"_self\\\",\\\"has_child\\\":0,\\\"icon_image\\\":\\\"\\\",\\\"metadata\\\":[]}},{\\\"menuItem\\\":{\\\"id\\\":26,\\\"menu_id\\\":1,\\\"parent_id\\\":21,\\\"reference_id\\\":null,\\\"reference_type\\\":null,\\\"url\\\":\\\"\\/blog\\/4-expert-tips-on-how-to-choose-the-right-mens-wallet\\\",\\\"icon_font\\\":null,\\\"position\\\":0,\\\"title\\\":\\\"Single Post\\\",\\\"css_class\\\":null,\\\"target\\\":\\\"_self\\\",\\\"has_child\\\":1,\\\"icon_image\\\":\\\"\\\",\\\"metadata\\\":[]},\\\"children\\\":[{\\\"menuItem\\\":{\\\"id\\\":27,\\\"menu_id\\\":1,\\\"parent_id\\\":26,\\\"reference_id\\\":null,\\\"reference_type\\\":null,\\\"url\\\":\\\"\\/blog\\/4-expert-tips-on-how-to-choose-the-right-mens-wallet\\\",\\\"icon_font\\\":null,\\\"position\\\":0,\\\"title\\\":\\\"Single Post Right Sidebar\\\",\\\"css_class\\\":null,\\\"target\\\":\\\"_self\\\",\\\"has_child\\\":0,\\\"icon_image\\\":\\\"\\\",\\\"metadata\\\":[]}},{\\\"menuItem\\\":{\\\"id\\\":28,\\\"menu_id\\\":1,\\\"parent_id\\\":26,\\\"reference_id\\\":null,\\\"reference_type\\\":null,\\\"url\\\":\\\"\\/blog\\/sexy-clutches-how-to-buy-amp-wear-a-designer-clutch-bag\\\",\\\"icon_font\\\":null,\\\"position\\\":0,\\\"title\\\":\\\"Single Post Left Sidebar\\\",\\\"css_class\\\":null,\\\"target\\\":\\\"_self\\\",\\\"has_child\\\":0,\\\"icon_image\\\":\\\"\\\",\\\"metadata\\\":[]}},{\\\"menuItem\\\":{\\\"id\\\":29,\\\"menu_id\\\":1,\\\"parent_id\\\":26,\\\"reference_id\\\":null,\\\"reference_type\\\":null,\\\"url\\\":\\\"\\/blog\\/the-top-2020-handbag-trends-to-know\\\",\\\"icon_font\\\":null,\\\"position\\\":0,\\\"title\\\":\\\"Single Post Full Width\\\",\\\"css_class\\\":null,\\\"target\\\":\\\"_self\\\",\\\"has_child\\\":0,\\\"icon_image\\\":\\\"\\\",\\\"metadata\\\":[]}},{\\\"menuItem\\\":{\\\"id\\\":30,\\\"menu_id\\\":1,\\\"parent_id\\\":26,\\\"reference_id\\\":null,\\\"reference_type\\\":null,\\\"url\\\":\\\"\\/blog\\/how-to-match-the-color-of-your-handbag-with-an-outfit\\\",\\\"icon_font\\\":null,\\\"position\\\":0,\\\"title\\\":\\\"Single Post with Product Listing\\\",\\\"css_class\\\":null,\\\"target\\\":\\\"_self\\\",\\\"has_child\\\":0,\\\"icon_image\\\":\\\"\\\",\\\"metadata\\\":[]}}]}]},{\\\"menuItem\\\":{\\\"id\\\":31,\\\"menu_id\\\":1,\\\"parent_id\\\":0,\\\"reference_id\\\":18,\\\"reference_type\\\":\\\"Botble\\\\\\\\Page\\\\\\\\Models\\\\\\\\Page\\\",\\\"url\\\":\\\"\\/faq\\\",\\\"icon_font\\\":null,\\\"position\\\":5,\\\"title\\\":\\\"FAQ\\\",\\\"css_class\\\":null,\\\"target\\\":\\\"_self\\\",\\\"has_child\\\":0,\\\"icon_image\\\":\\\"\\\",\\\"metadata\\\":[],\\\"children\\\":[]}},{\\\"menuItem\\\":{\\\"id\\\":32,\\\"menu_id\\\":1,\\\"parent_id\\\":0,\\\"reference_id\\\":6,\\\"reference_type\\\":\\\"Botble\\\\\\\\Page\\\\\\\\Models\\\\\\\\Page\\\",\\\"url\\\":\\\"\\/contact\\\",\\\"icon_font\\\":null,\\\"position\\\":6,\\\"title\\\":\\\"Contact\\\",\\\"css_class\\\":null,\\\"target\\\":\\\"_self\\\",\\\"has_child\\\":0,\\\"icon_image\\\":\\\"\\\",\\\"metadata\\\":[],\\\"children\\\":[]}}]\",\"menu_id\":\"1\",\"title\":\"Contact\",\"url\":\"\\/blog\\/how-to-match-the-color-of-your-handbag-with-an-outfit\",\"icon_font\":null,\"icon_image\":null,\"css_class\":null,\"target\":\"_self\",\"locations\":[\"main-menu\"],\"submit\":\"save\",\"language\":\"en_US\",\"ref_from\":null,\"status\":\"published\"}','updated','Mozilla/5.0 (Windows NT 10.0; Win64; x64) AppleWebKit/537.36 (KHTML, like Gecko) Chrome/114.0.0.0 Safari/537.36','::1',1,21,'Blog','primary','2023-06-15 10:33:29','2023-06-15 10:33:29'),(21,1,'menu_node','{\"name\":\"Main menu\",\"deleted_nodes\":\"2 3 4 5 6 7 9 10 11 12 15 16 20 19 18\",\"menu_nodes\":\"[{\\\"menuItem\\\":{\\\"id\\\":1,\\\"menu_id\\\":1,\\\"parent_id\\\":0,\\\"reference_id\\\":null,\\\"reference_type\\\":null,\\\"url\\\":\\\"\\/\\\",\\\"icon_font\\\":\\\"fi-rs-home\\\",\\\"position\\\":0,\\\"title\\\":\\\"Home\\\",\\\"css_class\\\":null,\\\"target\\\":\\\"_self\\\",\\\"has_child\\\":1,\\\"icon_image\\\":\\\"\\\",\\\"metadata\\\":[],\\\"children\\\":[]},\\\"children\\\":[]},{\\\"menuItem\\\":{\\\"id\\\":8,\\\"menu_id\\\":1,\\\"parent_id\\\":0,\\\"reference_id\\\":null,\\\"reference_type\\\":null,\\\"url\\\":\\\"\\/products\\\",\\\"icon_font\\\":null,\\\"position\\\":1,\\\"title\\\":\\\"Shop\\\",\\\"css_class\\\":null,\\\"target\\\":\\\"_self\\\",\\\"has_child\\\":1,\\\"icon_image\\\":\\\"\\\",\\\"metadata\\\":[],\\\"children\\\":[]},\\\"children\\\":[]},{\\\"menuItem\\\":{\\\"id\\\":13,\\\"menu_id\\\":1,\\\"parent_id\\\":0,\\\"reference_id\\\":null,\\\"reference_type\\\":null,\\\"url\\\":\\\"\\/stores\\\",\\\"icon_font\\\":null,\\\"position\\\":2,\\\"title\\\":\\\"Stores\\\",\\\"css_class\\\":null,\\\"target\\\":\\\"_self\\\",\\\"has_child\\\":1,\\\"icon_image\\\":\\\"\\\",\\\"metadata\\\":[],\\\"children\\\":[]},\\\"children\\\":[{\\\"menuItem\\\":{\\\"id\\\":14,\\\"menu_id\\\":1,\\\"parent_id\\\":13,\\\"reference_id\\\":null,\\\"reference_type\\\":null,\\\"url\\\":\\\"\\/stores\\\",\\\"icon_font\\\":null,\\\"position\\\":0,\\\"title\\\":\\\"Stores - Grid\\\",\\\"css_class\\\":null,\\\"target\\\":\\\"_self\\\",\\\"has_child\\\":0,\\\"icon_image\\\":\\\"\\\",\\\"metadata\\\":[]}}]},{\\\"menuItem\\\":{\\\"id\\\":17,\\\"menu_id\\\":1,\\\"parent_id\\\":0,\\\"reference_id\\\":null,\\\"reference_type\\\":null,\\\"url\\\":\\\"\\/products\\/seeds-of-change-organic-quinoe\\\",\\\"icon_font\\\":null,\\\"position\\\":3,\\\"title\\\":\\\"Product\\\",\\\"css_class\\\":null,\\\"target\\\":\\\"_self\\\",\\\"has_child\\\":1,\\\"icon_image\\\":\\\"\\\",\\\"metadata\\\":[],\\\"children\\\":[]},\\\"children\\\":[]},{\\\"menuItem\\\":{\\\"id\\\":21,\\\"menu_id\\\":1,\\\"parent_id\\\":0,\\\"reference_id\\\":5,\\\"reference_type\\\":\\\"Botble\\\\\\\\Page\\\\\\\\Models\\\\\\\\Page\\\",\\\"url\\\":\\\"\\/blog\\\",\\\"icon_font\\\":null,\\\"position\\\":4,\\\"title\\\":\\\"Blog\\\",\\\"css_class\\\":null,\\\"target\\\":\\\"_self\\\",\\\"has_child\\\":1,\\\"icon_image\\\":\\\"\\\",\\\"metadata\\\":[],\\\"children\\\":[]},\\\"children\\\":[{\\\"menuItem\\\":{\\\"id\\\":22,\\\"menu_id\\\":1,\\\"parent_id\\\":21,\\\"reference_id\\\":5,\\\"reference_type\\\":\\\"Botble\\\\\\\\Page\\\\\\\\Models\\\\\\\\Page\\\",\\\"url\\\":\\\"\\/blog\\\",\\\"icon_font\\\":null,\\\"position\\\":0,\\\"title\\\":\\\"Blog Grid\\\",\\\"css_class\\\":null,\\\"target\\\":\\\"_self\\\",\\\"has_child\\\":0,\\\"icon_image\\\":\\\"\\\",\\\"metadata\\\":[]}},{\\\"menuItem\\\":{\\\"id\\\":23,\\\"menu_id\\\":1,\\\"parent_id\\\":21,\\\"reference_id\\\":13,\\\"reference_type\\\":\\\"Botble\\\\\\\\Page\\\\\\\\Models\\\\\\\\Page\\\",\\\"url\\\":\\\"\\/blog-list\\\",\\\"icon_font\\\":null,\\\"position\\\":0,\\\"title\\\":\\\"Blog List\\\",\\\"css_class\\\":null,\\\"target\\\":\\\"_self\\\",\\\"has_child\\\":0,\\\"icon_image\\\":\\\"\\\",\\\"metadata\\\":[]}},{\\\"menuItem\\\":{\\\"id\\\":24,\\\"menu_id\\\":1,\\\"parent_id\\\":21,\\\"reference_id\\\":14,\\\"reference_type\\\":\\\"Botble\\\\\\\\Page\\\\\\\\Models\\\\\\\\Page\\\",\\\"url\\\":\\\"\\/blog-big\\\",\\\"icon_font\\\":null,\\\"position\\\":0,\\\"title\\\":\\\"Blog Big\\\",\\\"css_class\\\":null,\\\"target\\\":\\\"_self\\\",\\\"has_child\\\":0,\\\"icon_image\\\":\\\"\\\",\\\"metadata\\\":[]}},{\\\"menuItem\\\":{\\\"id\\\":25,\\\"menu_id\\\":1,\\\"parent_id\\\":21,\\\"reference_id\\\":15,\\\"reference_type\\\":\\\"Botble\\\\\\\\Page\\\\\\\\Models\\\\\\\\Page\\\",\\\"url\\\":\\\"\\/blog-wide\\\",\\\"icon_font\\\":null,\\\"position\\\":0,\\\"title\\\":\\\"Blog Wide\\\",\\\"css_class\\\":null,\\\"target\\\":\\\"_self\\\",\\\"has_child\\\":0,\\\"icon_image\\\":\\\"\\\",\\\"metadata\\\":[]}},{\\\"menuItem\\\":{\\\"id\\\":26,\\\"menu_id\\\":1,\\\"parent_id\\\":21,\\\"reference_id\\\":null,\\\"reference_type\\\":null,\\\"url\\\":\\\"\\/blog\\/4-expert-tips-on-how-to-choose-the-right-mens-wallet\\\",\\\"icon_font\\\":null,\\\"position\\\":0,\\\"title\\\":\\\"Single Post\\\",\\\"css_class\\\":null,\\\"target\\\":\\\"_self\\\",\\\"has_child\\\":1,\\\"icon_image\\\":\\\"\\\",\\\"metadata\\\":[]},\\\"children\\\":[{\\\"menuItem\\\":{\\\"id\\\":27,\\\"menu_id\\\":1,\\\"parent_id\\\":26,\\\"reference_id\\\":null,\\\"reference_type\\\":null,\\\"url\\\":\\\"\\/blog\\/4-expert-tips-on-how-to-choose-the-right-mens-wallet\\\",\\\"icon_font\\\":null,\\\"position\\\":0,\\\"title\\\":\\\"Single Post Right Sidebar\\\",\\\"css_class\\\":null,\\\"target\\\":\\\"_self\\\",\\\"has_child\\\":0,\\\"icon_image\\\":\\\"\\\",\\\"metadata\\\":[]}},{\\\"menuItem\\\":{\\\"id\\\":28,\\\"menu_id\\\":1,\\\"parent_id\\\":26,\\\"reference_id\\\":null,\\\"reference_type\\\":null,\\\"url\\\":\\\"\\/blog\\/sexy-clutches-how-to-buy-amp-wear-a-designer-clutch-bag\\\",\\\"icon_font\\\":null,\\\"position\\\":0,\\\"title\\\":\\\"Single Post Left Sidebar\\\",\\\"css_class\\\":null,\\\"target\\\":\\\"_self\\\",\\\"has_child\\\":0,\\\"icon_image\\\":\\\"\\\",\\\"metadata\\\":[]}},{\\\"menuItem\\\":{\\\"id\\\":29,\\\"menu_id\\\":1,\\\"parent_id\\\":26,\\\"reference_id\\\":null,\\\"reference_type\\\":null,\\\"url\\\":\\\"\\/blog\\/the-top-2020-handbag-trends-to-know\\\",\\\"icon_font\\\":null,\\\"position\\\":0,\\\"title\\\":\\\"Single Post Full Width\\\",\\\"css_class\\\":null,\\\"target\\\":\\\"_self\\\",\\\"has_child\\\":0,\\\"icon_image\\\":\\\"\\\",\\\"metadata\\\":[]}},{\\\"menuItem\\\":{\\\"id\\\":30,\\\"menu_id\\\":1,\\\"parent_id\\\":26,\\\"reference_id\\\":null,\\\"reference_type\\\":null,\\\"url\\\":\\\"\\/blog\\/how-to-match-the-color-of-your-handbag-with-an-outfit\\\",\\\"icon_font\\\":null,\\\"position\\\":0,\\\"title\\\":\\\"Single Post with Product Listing\\\",\\\"css_class\\\":null,\\\"target\\\":\\\"_self\\\",\\\"has_child\\\":0,\\\"icon_image\\\":\\\"\\\",\\\"metadata\\\":[]}}]}]},{\\\"menuItem\\\":{\\\"id\\\":31,\\\"menu_id\\\":1,\\\"parent_id\\\":0,\\\"reference_id\\\":18,\\\"reference_type\\\":\\\"Botble\\\\\\\\Page\\\\\\\\Models\\\\\\\\Page\\\",\\\"url\\\":\\\"\\/faq\\\",\\\"icon_font\\\":null,\\\"position\\\":5,\\\"title\\\":\\\"FAQ\\\",\\\"css_class\\\":null,\\\"target\\\":\\\"_self\\\",\\\"has_child\\\":0,\\\"icon_image\\\":\\\"\\\",\\\"metadata\\\":[],\\\"children\\\":[]}},{\\\"menuItem\\\":{\\\"id\\\":32,\\\"menu_id\\\":1,\\\"parent_id\\\":0,\\\"reference_id\\\":6,\\\"reference_type\\\":\\\"Botble\\\\\\\\Page\\\\\\\\Models\\\\\\\\Page\\\",\\\"url\\\":\\\"\\/contact\\\",\\\"icon_font\\\":null,\\\"position\\\":6,\\\"title\\\":\\\"Contact\\\",\\\"css_class\\\":null,\\\"target\\\":\\\"_self\\\",\\\"has_child\\\":0,\\\"icon_image\\\":\\\"\\\",\\\"metadata\\\":[],\\\"children\\\":[]}}]\",\"menu_id\":\"1\",\"title\":\"Contact\",\"url\":\"\\/blog\\/how-to-match-the-color-of-your-handbag-with-an-outfit\",\"icon_font\":null,\"icon_image\":null,\"css_class\":null,\"target\":\"_self\",\"locations\":[\"main-menu\"],\"submit\":\"save\",\"language\":\"en_US\",\"ref_from\":null,\"status\":\"published\"}','updated','Mozilla/5.0 (Windows NT 10.0; Win64; x64) AppleWebKit/537.36 (KHTML, like Gecko) Chrome/114.0.0.0 Safari/537.36','::1',1,22,'Blog Grid','primary','2023-06-15 10:33:29','2023-06-15 10:33:29'),(22,1,'menu_node','{\"name\":\"Main menu\",\"deleted_nodes\":\"2 3 4 5 6 7 9 10 11 12 15 16 20 19 18\",\"menu_nodes\":\"[{\\\"menuItem\\\":{\\\"id\\\":1,\\\"menu_id\\\":1,\\\"parent_id\\\":0,\\\"reference_id\\\":null,\\\"reference_type\\\":null,\\\"url\\\":\\\"\\/\\\",\\\"icon_font\\\":\\\"fi-rs-home\\\",\\\"position\\\":0,\\\"title\\\":\\\"Home\\\",\\\"css_class\\\":null,\\\"target\\\":\\\"_self\\\",\\\"has_child\\\":1,\\\"icon_image\\\":\\\"\\\",\\\"metadata\\\":[],\\\"children\\\":[]},\\\"children\\\":[]},{\\\"menuItem\\\":{\\\"id\\\":8,\\\"menu_id\\\":1,\\\"parent_id\\\":0,\\\"reference_id\\\":null,\\\"reference_type\\\":null,\\\"url\\\":\\\"\\/products\\\",\\\"icon_font\\\":null,\\\"position\\\":1,\\\"title\\\":\\\"Shop\\\",\\\"css_class\\\":null,\\\"target\\\":\\\"_self\\\",\\\"has_child\\\":1,\\\"icon_image\\\":\\\"\\\",\\\"metadata\\\":[],\\\"children\\\":[]},\\\"children\\\":[]},{\\\"menuItem\\\":{\\\"id\\\":13,\\\"menu_id\\\":1,\\\"parent_id\\\":0,\\\"reference_id\\\":null,\\\"reference_type\\\":null,\\\"url\\\":\\\"\\/stores\\\",\\\"icon_font\\\":null,\\\"position\\\":2,\\\"title\\\":\\\"Stores\\\",\\\"css_class\\\":null,\\\"target\\\":\\\"_self\\\",\\\"has_child\\\":1,\\\"icon_image\\\":\\\"\\\",\\\"metadata\\\":[],\\\"children\\\":[]},\\\"children\\\":[{\\\"menuItem\\\":{\\\"id\\\":14,\\\"menu_id\\\":1,\\\"parent_id\\\":13,\\\"reference_id\\\":null,\\\"reference_type\\\":null,\\\"url\\\":\\\"\\/stores\\\",\\\"icon_font\\\":null,\\\"position\\\":0,\\\"title\\\":\\\"Stores - Grid\\\",\\\"css_class\\\":null,\\\"target\\\":\\\"_self\\\",\\\"has_child\\\":0,\\\"icon_image\\\":\\\"\\\",\\\"metadata\\\":[]}}]},{\\\"menuItem\\\":{\\\"id\\\":17,\\\"menu_id\\\":1,\\\"parent_id\\\":0,\\\"reference_id\\\":null,\\\"reference_type\\\":null,\\\"url\\\":\\\"\\/products\\/seeds-of-change-organic-quinoe\\\",\\\"icon_font\\\":null,\\\"position\\\":3,\\\"title\\\":\\\"Product\\\",\\\"css_class\\\":null,\\\"target\\\":\\\"_self\\\",\\\"has_child\\\":1,\\\"icon_image\\\":\\\"\\\",\\\"metadata\\\":[],\\\"children\\\":[]},\\\"children\\\":[]},{\\\"menuItem\\\":{\\\"id\\\":21,\\\"menu_id\\\":1,\\\"parent_id\\\":0,\\\"reference_id\\\":5,\\\"reference_type\\\":\\\"Botble\\\\\\\\Page\\\\\\\\Models\\\\\\\\Page\\\",\\\"url\\\":\\\"\\/blog\\\",\\\"icon_font\\\":null,\\\"position\\\":4,\\\"title\\\":\\\"Blog\\\",\\\"css_class\\\":null,\\\"target\\\":\\\"_self\\\",\\\"has_child\\\":1,\\\"icon_image\\\":\\\"\\\",\\\"metadata\\\":[],\\\"children\\\":[]},\\\"children\\\":[{\\\"menuItem\\\":{\\\"id\\\":22,\\\"menu_id\\\":1,\\\"parent_id\\\":21,\\\"reference_id\\\":5,\\\"reference_type\\\":\\\"Botble\\\\\\\\Page\\\\\\\\Models\\\\\\\\Page\\\",\\\"url\\\":\\\"\\/blog\\\",\\\"icon_font\\\":null,\\\"position\\\":0,\\\"title\\\":\\\"Blog Grid\\\",\\\"css_class\\\":null,\\\"target\\\":\\\"_self\\\",\\\"has_child\\\":0,\\\"icon_image\\\":\\\"\\\",\\\"metadata\\\":[]}},{\\\"menuItem\\\":{\\\"id\\\":23,\\\"menu_id\\\":1,\\\"parent_id\\\":21,\\\"reference_id\\\":13,\\\"reference_type\\\":\\\"Botble\\\\\\\\Page\\\\\\\\Models\\\\\\\\Page\\\",\\\"url\\\":\\\"\\/blog-list\\\",\\\"icon_font\\\":null,\\\"position\\\":0,\\\"title\\\":\\\"Blog List\\\",\\\"css_class\\\":null,\\\"target\\\":\\\"_self\\\",\\\"has_child\\\":0,\\\"icon_image\\\":\\\"\\\",\\\"metadata\\\":[]}},{\\\"menuItem\\\":{\\\"id\\\":24,\\\"menu_id\\\":1,\\\"parent_id\\\":21,\\\"reference_id\\\":14,\\\"reference_type\\\":\\\"Botble\\\\\\\\Page\\\\\\\\Models\\\\\\\\Page\\\",\\\"url\\\":\\\"\\/blog-big\\\",\\\"icon_font\\\":null,\\\"position\\\":0,\\\"title\\\":\\\"Blog Big\\\",\\\"css_class\\\":null,\\\"target\\\":\\\"_self\\\",\\\"has_child\\\":0,\\\"icon_image\\\":\\\"\\\",\\\"metadata\\\":[]}},{\\\"menuItem\\\":{\\\"id\\\":25,\\\"menu_id\\\":1,\\\"parent_id\\\":21,\\\"reference_id\\\":15,\\\"reference_type\\\":\\\"Botble\\\\\\\\Page\\\\\\\\Models\\\\\\\\Page\\\",\\\"url\\\":\\\"\\/blog-wide\\\",\\\"icon_font\\\":null,\\\"position\\\":0,\\\"title\\\":\\\"Blog Wide\\\",\\\"css_class\\\":null,\\\"target\\\":\\\"_self\\\",\\\"has_child\\\":0,\\\"icon_image\\\":\\\"\\\",\\\"metadata\\\":[]}},{\\\"menuItem\\\":{\\\"id\\\":26,\\\"menu_id\\\":1,\\\"parent_id\\\":21,\\\"reference_id\\\":null,\\\"reference_type\\\":null,\\\"url\\\":\\\"\\/blog\\/4-expert-tips-on-how-to-choose-the-right-mens-wallet\\\",\\\"icon_font\\\":null,\\\"position\\\":0,\\\"title\\\":\\\"Single Post\\\",\\\"css_class\\\":null,\\\"target\\\":\\\"_self\\\",\\\"has_child\\\":1,\\\"icon_image\\\":\\\"\\\",\\\"metadata\\\":[]},\\\"children\\\":[{\\\"menuItem\\\":{\\\"id\\\":27,\\\"menu_id\\\":1,\\\"parent_id\\\":26,\\\"reference_id\\\":null,\\\"reference_type\\\":null,\\\"url\\\":\\\"\\/blog\\/4-expert-tips-on-how-to-choose-the-right-mens-wallet\\\",\\\"icon_font\\\":null,\\\"position\\\":0,\\\"title\\\":\\\"Single Post Right Sidebar\\\",\\\"css_class\\\":null,\\\"target\\\":\\\"_self\\\",\\\"has_child\\\":0,\\\"icon_image\\\":\\\"\\\",\\\"metadata\\\":[]}},{\\\"menuItem\\\":{\\\"id\\\":28,\\\"menu_id\\\":1,\\\"parent_id\\\":26,\\\"reference_id\\\":null,\\\"reference_type\\\":null,\\\"url\\\":\\\"\\/blog\\/sexy-clutches-how-to-buy-amp-wear-a-designer-clutch-bag\\\",\\\"icon_font\\\":null,\\\"position\\\":0,\\\"title\\\":\\\"Single Post Left Sidebar\\\",\\\"css_class\\\":null,\\\"target\\\":\\\"_self\\\",\\\"has_child\\\":0,\\\"icon_image\\\":\\\"\\\",\\\"metadata\\\":[]}},{\\\"menuItem\\\":{\\\"id\\\":29,\\\"menu_id\\\":1,\\\"parent_id\\\":26,\\\"reference_id\\\":null,\\\"reference_type\\\":null,\\\"url\\\":\\\"\\/blog\\/the-top-2020-handbag-trends-to-know\\\",\\\"icon_font\\\":null,\\\"position\\\":0,\\\"title\\\":\\\"Single Post Full Width\\\",\\\"css_class\\\":null,\\\"target\\\":\\\"_self\\\",\\\"has_child\\\":0,\\\"icon_image\\\":\\\"\\\",\\\"metadata\\\":[]}},{\\\"menuItem\\\":{\\\"id\\\":30,\\\"menu_id\\\":1,\\\"parent_id\\\":26,\\\"reference_id\\\":null,\\\"reference_type\\\":null,\\\"url\\\":\\\"\\/blog\\/how-to-match-the-color-of-your-handbag-with-an-outfit\\\",\\\"icon_font\\\":null,\\\"position\\\":0,\\\"title\\\":\\\"Single Post with Product Listing\\\",\\\"css_class\\\":null,\\\"target\\\":\\\"_self\\\",\\\"has_child\\\":0,\\\"icon_image\\\":\\\"\\\",\\\"metadata\\\":[]}}]}]},{\\\"menuItem\\\":{\\\"id\\\":31,\\\"menu_id\\\":1,\\\"parent_id\\\":0,\\\"reference_id\\\":18,\\\"reference_type\\\":\\\"Botble\\\\\\\\Page\\\\\\\\Models\\\\\\\\Page\\\",\\\"url\\\":\\\"\\/faq\\\",\\\"icon_font\\\":null,\\\"position\\\":5,\\\"title\\\":\\\"FAQ\\\",\\\"css_class\\\":null,\\\"target\\\":\\\"_self\\\",\\\"has_child\\\":0,\\\"icon_image\\\":\\\"\\\",\\\"metadata\\\":[],\\\"children\\\":[]}},{\\\"menuItem\\\":{\\\"id\\\":32,\\\"menu_id\\\":1,\\\"parent_id\\\":0,\\\"reference_id\\\":6,\\\"reference_type\\\":\\\"Botble\\\\\\\\Page\\\\\\\\Models\\\\\\\\Page\\\",\\\"url\\\":\\\"\\/contact\\\",\\\"icon_font\\\":null,\\\"position\\\":6,\\\"title\\\":\\\"Contact\\\",\\\"css_class\\\":null,\\\"target\\\":\\\"_self\\\",\\\"has_child\\\":0,\\\"icon_image\\\":\\\"\\\",\\\"metadata\\\":[],\\\"children\\\":[]}}]\",\"menu_id\":\"1\",\"title\":\"Contact\",\"url\":\"\\/blog\\/how-to-match-the-color-of-your-handbag-with-an-outfit\",\"icon_font\":null,\"icon_image\":null,\"css_class\":null,\"target\":\"_self\",\"locations\":[\"main-menu\"],\"submit\":\"save\",\"language\":\"en_US\",\"ref_from\":null,\"status\":\"published\"}','updated','Mozilla/5.0 (Windows NT 10.0; Win64; x64) AppleWebKit/537.36 (KHTML, like Gecko) Chrome/114.0.0.0 Safari/537.36','::1',1,23,'Blog List','primary','2023-06-15 10:33:29','2023-06-15 10:33:29'),(23,1,'menu_node','{\"name\":\"Main menu\",\"deleted_nodes\":\"2 3 4 5 6 7 9 10 11 12 15 16 20 19 18\",\"menu_nodes\":\"[{\\\"menuItem\\\":{\\\"id\\\":1,\\\"menu_id\\\":1,\\\"parent_id\\\":0,\\\"reference_id\\\":null,\\\"reference_type\\\":null,\\\"url\\\":\\\"\\/\\\",\\\"icon_font\\\":\\\"fi-rs-home\\\",\\\"position\\\":0,\\\"title\\\":\\\"Home\\\",\\\"css_class\\\":null,\\\"target\\\":\\\"_self\\\",\\\"has_child\\\":1,\\\"icon_image\\\":\\\"\\\",\\\"metadata\\\":[],\\\"children\\\":[]},\\\"children\\\":[]},{\\\"menuItem\\\":{\\\"id\\\":8,\\\"menu_id\\\":1,\\\"parent_id\\\":0,\\\"reference_id\\\":null,\\\"reference_type\\\":null,\\\"url\\\":\\\"\\/products\\\",\\\"icon_font\\\":null,\\\"position\\\":1,\\\"title\\\":\\\"Shop\\\",\\\"css_class\\\":null,\\\"target\\\":\\\"_self\\\",\\\"has_child\\\":1,\\\"icon_image\\\":\\\"\\\",\\\"metadata\\\":[],\\\"children\\\":[]},\\\"children\\\":[]},{\\\"menuItem\\\":{\\\"id\\\":13,\\\"menu_id\\\":1,\\\"parent_id\\\":0,\\\"reference_id\\\":null,\\\"reference_type\\\":null,\\\"url\\\":\\\"\\/stores\\\",\\\"icon_font\\\":null,\\\"position\\\":2,\\\"title\\\":\\\"Stores\\\",\\\"css_class\\\":null,\\\"target\\\":\\\"_self\\\",\\\"has_child\\\":1,\\\"icon_image\\\":\\\"\\\",\\\"metadata\\\":[],\\\"children\\\":[]},\\\"children\\\":[{\\\"menuItem\\\":{\\\"id\\\":14,\\\"menu_id\\\":1,\\\"parent_id\\\":13,\\\"reference_id\\\":null,\\\"reference_type\\\":null,\\\"url\\\":\\\"\\/stores\\\",\\\"icon_font\\\":null,\\\"position\\\":0,\\\"title\\\":\\\"Stores - Grid\\\",\\\"css_class\\\":null,\\\"target\\\":\\\"_self\\\",\\\"has_child\\\":0,\\\"icon_image\\\":\\\"\\\",\\\"metadata\\\":[]}}]},{\\\"menuItem\\\":{\\\"id\\\":17,\\\"menu_id\\\":1,\\\"parent_id\\\":0,\\\"reference_id\\\":null,\\\"reference_type\\\":null,\\\"url\\\":\\\"\\/products\\/seeds-of-change-organic-quinoe\\\",\\\"icon_font\\\":null,\\\"position\\\":3,\\\"title\\\":\\\"Product\\\",\\\"css_class\\\":null,\\\"target\\\":\\\"_self\\\",\\\"has_child\\\":1,\\\"icon_image\\\":\\\"\\\",\\\"metadata\\\":[],\\\"children\\\":[]},\\\"children\\\":[]},{\\\"menuItem\\\":{\\\"id\\\":21,\\\"menu_id\\\":1,\\\"parent_id\\\":0,\\\"reference_id\\\":5,\\\"reference_type\\\":\\\"Botble\\\\\\\\Page\\\\\\\\Models\\\\\\\\Page\\\",\\\"url\\\":\\\"\\/blog\\\",\\\"icon_font\\\":null,\\\"position\\\":4,\\\"title\\\":\\\"Blog\\\",\\\"css_class\\\":null,\\\"target\\\":\\\"_self\\\",\\\"has_child\\\":1,\\\"icon_image\\\":\\\"\\\",\\\"metadata\\\":[],\\\"children\\\":[]},\\\"children\\\":[{\\\"menuItem\\\":{\\\"id\\\":22,\\\"menu_id\\\":1,\\\"parent_id\\\":21,\\\"reference_id\\\":5,\\\"reference_type\\\":\\\"Botble\\\\\\\\Page\\\\\\\\Models\\\\\\\\Page\\\",\\\"url\\\":\\\"\\/blog\\\",\\\"icon_font\\\":null,\\\"position\\\":0,\\\"title\\\":\\\"Blog Grid\\\",\\\"css_class\\\":null,\\\"target\\\":\\\"_self\\\",\\\"has_child\\\":0,\\\"icon_image\\\":\\\"\\\",\\\"metadata\\\":[]}},{\\\"menuItem\\\":{\\\"id\\\":23,\\\"menu_id\\\":1,\\\"parent_id\\\":21,\\\"reference_id\\\":13,\\\"reference_type\\\":\\\"Botble\\\\\\\\Page\\\\\\\\Models\\\\\\\\Page\\\",\\\"url\\\":\\\"\\/blog-list\\\",\\\"icon_font\\\":null,\\\"position\\\":0,\\\"title\\\":\\\"Blog List\\\",\\\"css_class\\\":null,\\\"target\\\":\\\"_self\\\",\\\"has_child\\\":0,\\\"icon_image\\\":\\\"\\\",\\\"metadata\\\":[]}},{\\\"menuItem\\\":{\\\"id\\\":24,\\\"menu_id\\\":1,\\\"parent_id\\\":21,\\\"reference_id\\\":14,\\\"reference_type\\\":\\\"Botble\\\\\\\\Page\\\\\\\\Models\\\\\\\\Page\\\",\\\"url\\\":\\\"\\/blog-big\\\",\\\"icon_font\\\":null,\\\"position\\\":0,\\\"title\\\":\\\"Blog Big\\\",\\\"css_class\\\":null,\\\"target\\\":\\\"_self\\\",\\\"has_child\\\":0,\\\"icon_image\\\":\\\"\\\",\\\"metadata\\\":[]}},{\\\"menuItem\\\":{\\\"id\\\":25,\\\"menu_id\\\":1,\\\"parent_id\\\":21,\\\"reference_id\\\":15,\\\"reference_type\\\":\\\"Botble\\\\\\\\Page\\\\\\\\Models\\\\\\\\Page\\\",\\\"url\\\":\\\"\\/blog-wide\\\",\\\"icon_font\\\":null,\\\"position\\\":0,\\\"title\\\":\\\"Blog Wide\\\",\\\"css_class\\\":null,\\\"target\\\":\\\"_self\\\",\\\"has_child\\\":0,\\\"icon_image\\\":\\\"\\\",\\\"metadata\\\":[]}},{\\\"menuItem\\\":{\\\"id\\\":26,\\\"menu_id\\\":1,\\\"parent_id\\\":21,\\\"reference_id\\\":null,\\\"reference_type\\\":null,\\\"url\\\":\\\"\\/blog\\/4-expert-tips-on-how-to-choose-the-right-mens-wallet\\\",\\\"icon_font\\\":null,\\\"position\\\":0,\\\"title\\\":\\\"Single Post\\\",\\\"css_class\\\":null,\\\"target\\\":\\\"_self\\\",\\\"has_child\\\":1,\\\"icon_image\\\":\\\"\\\",\\\"metadata\\\":[]},\\\"children\\\":[{\\\"menuItem\\\":{\\\"id\\\":27,\\\"menu_id\\\":1,\\\"parent_id\\\":26,\\\"reference_id\\\":null,\\\"reference_type\\\":null,\\\"url\\\":\\\"\\/blog\\/4-expert-tips-on-how-to-choose-the-right-mens-wallet\\\",\\\"icon_font\\\":null,\\\"position\\\":0,\\\"title\\\":\\\"Single Post Right Sidebar\\\",\\\"css_class\\\":null,\\\"target\\\":\\\"_self\\\",\\\"has_child\\\":0,\\\"icon_image\\\":\\\"\\\",\\\"metadata\\\":[]}},{\\\"menuItem\\\":{\\\"id\\\":28,\\\"menu_id\\\":1,\\\"parent_id\\\":26,\\\"reference_id\\\":null,\\\"reference_type\\\":null,\\\"url\\\":\\\"\\/blog\\/sexy-clutches-how-to-buy-amp-wear-a-designer-clutch-bag\\\",\\\"icon_font\\\":null,\\\"position\\\":0,\\\"title\\\":\\\"Single Post Left Sidebar\\\",\\\"css_class\\\":null,\\\"target\\\":\\\"_self\\\",\\\"has_child\\\":0,\\\"icon_image\\\":\\\"\\\",\\\"metadata\\\":[]}},{\\\"menuItem\\\":{\\\"id\\\":29,\\\"menu_id\\\":1,\\\"parent_id\\\":26,\\\"reference_id\\\":null,\\\"reference_type\\\":null,\\\"url\\\":\\\"\\/blog\\/the-top-2020-handbag-trends-to-know\\\",\\\"icon_font\\\":null,\\\"position\\\":0,\\\"title\\\":\\\"Single Post Full Width\\\",\\\"css_class\\\":null,\\\"target\\\":\\\"_self\\\",\\\"has_child\\\":0,\\\"icon_image\\\":\\\"\\\",\\\"metadata\\\":[]}},{\\\"menuItem\\\":{\\\"id\\\":30,\\\"menu_id\\\":1,\\\"parent_id\\\":26,\\\"reference_id\\\":null,\\\"reference_type\\\":null,\\\"url\\\":\\\"\\/blog\\/how-to-match-the-color-of-your-handbag-with-an-outfit\\\",\\\"icon_font\\\":null,\\\"position\\\":0,\\\"title\\\":\\\"Single Post with Product Listing\\\",\\\"css_class\\\":null,\\\"target\\\":\\\"_self\\\",\\\"has_child\\\":0,\\\"icon_image\\\":\\\"\\\",\\\"metadata\\\":[]}}]}]},{\\\"menuItem\\\":{\\\"id\\\":31,\\\"menu_id\\\":1,\\\"parent_id\\\":0,\\\"reference_id\\\":18,\\\"reference_type\\\":\\\"Botble\\\\\\\\Page\\\\\\\\Models\\\\\\\\Page\\\",\\\"url\\\":\\\"\\/faq\\\",\\\"icon_font\\\":null,\\\"position\\\":5,\\\"title\\\":\\\"FAQ\\\",\\\"css_class\\\":null,\\\"target\\\":\\\"_self\\\",\\\"has_child\\\":0,\\\"icon_image\\\":\\\"\\\",\\\"metadata\\\":[],\\\"children\\\":[]}},{\\\"menuItem\\\":{\\\"id\\\":32,\\\"menu_id\\\":1,\\\"parent_id\\\":0,\\\"reference_id\\\":6,\\\"reference_type\\\":\\\"Botble\\\\\\\\Page\\\\\\\\Models\\\\\\\\Page\\\",\\\"url\\\":\\\"\\/contact\\\",\\\"icon_font\\\":null,\\\"position\\\":6,\\\"title\\\":\\\"Contact\\\",\\\"css_class\\\":null,\\\"target\\\":\\\"_self\\\",\\\"has_child\\\":0,\\\"icon_image\\\":\\\"\\\",\\\"metadata\\\":[],\\\"children\\\":[]}}]\",\"menu_id\":\"1\",\"title\":\"Contact\",\"url\":\"\\/blog\\/how-to-match-the-color-of-your-handbag-with-an-outfit\",\"icon_font\":null,\"icon_image\":null,\"css_class\":null,\"target\":\"_self\",\"locations\":[\"main-menu\"],\"submit\":\"save\",\"language\":\"en_US\",\"ref_from\":null,\"status\":\"published\"}','updated','Mozilla/5.0 (Windows NT 10.0; Win64; x64) AppleWebKit/537.36 (KHTML, like Gecko) Chrome/114.0.0.0 Safari/537.36','::1',1,24,'Blog Big','primary','2023-06-15 10:33:30','2023-06-15 10:33:30'),(24,1,'menu_node','{\"name\":\"Main menu\",\"deleted_nodes\":\"2 3 4 5 6 7 9 10 11 12 15 16 20 19 18\",\"menu_nodes\":\"[{\\\"menuItem\\\":{\\\"id\\\":1,\\\"menu_id\\\":1,\\\"parent_id\\\":0,\\\"reference_id\\\":null,\\\"reference_type\\\":null,\\\"url\\\":\\\"\\/\\\",\\\"icon_font\\\":\\\"fi-rs-home\\\",\\\"position\\\":0,\\\"title\\\":\\\"Home\\\",\\\"css_class\\\":null,\\\"target\\\":\\\"_self\\\",\\\"has_child\\\":1,\\\"icon_image\\\":\\\"\\\",\\\"metadata\\\":[],\\\"children\\\":[]},\\\"children\\\":[]},{\\\"menuItem\\\":{\\\"id\\\":8,\\\"menu_id\\\":1,\\\"parent_id\\\":0,\\\"reference_id\\\":null,\\\"reference_type\\\":null,\\\"url\\\":\\\"\\/products\\\",\\\"icon_font\\\":null,\\\"position\\\":1,\\\"title\\\":\\\"Shop\\\",\\\"css_class\\\":null,\\\"target\\\":\\\"_self\\\",\\\"has_child\\\":1,\\\"icon_image\\\":\\\"\\\",\\\"metadata\\\":[],\\\"children\\\":[]},\\\"children\\\":[]},{\\\"menuItem\\\":{\\\"id\\\":13,\\\"menu_id\\\":1,\\\"parent_id\\\":0,\\\"reference_id\\\":null,\\\"reference_type\\\":null,\\\"url\\\":\\\"\\/stores\\\",\\\"icon_font\\\":null,\\\"position\\\":2,\\\"title\\\":\\\"Stores\\\",\\\"css_class\\\":null,\\\"target\\\":\\\"_self\\\",\\\"has_child\\\":1,\\\"icon_image\\\":\\\"\\\",\\\"metadata\\\":[],\\\"children\\\":[]},\\\"children\\\":[{\\\"menuItem\\\":{\\\"id\\\":14,\\\"menu_id\\\":1,\\\"parent_id\\\":13,\\\"reference_id\\\":null,\\\"reference_type\\\":null,\\\"url\\\":\\\"\\/stores\\\",\\\"icon_font\\\":null,\\\"position\\\":0,\\\"title\\\":\\\"Stores - Grid\\\",\\\"css_class\\\":null,\\\"target\\\":\\\"_self\\\",\\\"has_child\\\":0,\\\"icon_image\\\":\\\"\\\",\\\"metadata\\\":[]}}]},{\\\"menuItem\\\":{\\\"id\\\":17,\\\"menu_id\\\":1,\\\"parent_id\\\":0,\\\"reference_id\\\":null,\\\"reference_type\\\":null,\\\"url\\\":\\\"\\/products\\/seeds-of-change-organic-quinoe\\\",\\\"icon_font\\\":null,\\\"position\\\":3,\\\"title\\\":\\\"Product\\\",\\\"css_class\\\":null,\\\"target\\\":\\\"_self\\\",\\\"has_child\\\":1,\\\"icon_image\\\":\\\"\\\",\\\"metadata\\\":[],\\\"children\\\":[]},\\\"children\\\":[]},{\\\"menuItem\\\":{\\\"id\\\":21,\\\"menu_id\\\":1,\\\"parent_id\\\":0,\\\"reference_id\\\":5,\\\"reference_type\\\":\\\"Botble\\\\\\\\Page\\\\\\\\Models\\\\\\\\Page\\\",\\\"url\\\":\\\"\\/blog\\\",\\\"icon_font\\\":null,\\\"position\\\":4,\\\"title\\\":\\\"Blog\\\",\\\"css_class\\\":null,\\\"target\\\":\\\"_self\\\",\\\"has_child\\\":1,\\\"icon_image\\\":\\\"\\\",\\\"metadata\\\":[],\\\"children\\\":[]},\\\"children\\\":[{\\\"menuItem\\\":{\\\"id\\\":22,\\\"menu_id\\\":1,\\\"parent_id\\\":21,\\\"reference_id\\\":5,\\\"reference_type\\\":\\\"Botble\\\\\\\\Page\\\\\\\\Models\\\\\\\\Page\\\",\\\"url\\\":\\\"\\/blog\\\",\\\"icon_font\\\":null,\\\"position\\\":0,\\\"title\\\":\\\"Blog Grid\\\",\\\"css_class\\\":null,\\\"target\\\":\\\"_self\\\",\\\"has_child\\\":0,\\\"icon_image\\\":\\\"\\\",\\\"metadata\\\":[]}},{\\\"menuItem\\\":{\\\"id\\\":23,\\\"menu_id\\\":1,\\\"parent_id\\\":21,\\\"reference_id\\\":13,\\\"reference_type\\\":\\\"Botble\\\\\\\\Page\\\\\\\\Models\\\\\\\\Page\\\",\\\"url\\\":\\\"\\/blog-list\\\",\\\"icon_font\\\":null,\\\"position\\\":0,\\\"title\\\":\\\"Blog List\\\",\\\"css_class\\\":null,\\\"target\\\":\\\"_self\\\",\\\"has_child\\\":0,\\\"icon_image\\\":\\\"\\\",\\\"metadata\\\":[]}},{\\\"menuItem\\\":{\\\"id\\\":24,\\\"menu_id\\\":1,\\\"parent_id\\\":21,\\\"reference_id\\\":14,\\\"reference_type\\\":\\\"Botble\\\\\\\\Page\\\\\\\\Models\\\\\\\\Page\\\",\\\"url\\\":\\\"\\/blog-big\\\",\\\"icon_font\\\":null,\\\"position\\\":0,\\\"title\\\":\\\"Blog Big\\\",\\\"css_class\\\":null,\\\"target\\\":\\\"_self\\\",\\\"has_child\\\":0,\\\"icon_image\\\":\\\"\\\",\\\"metadata\\\":[]}},{\\\"menuItem\\\":{\\\"id\\\":25,\\\"menu_id\\\":1,\\\"parent_id\\\":21,\\\"reference_id\\\":15,\\\"reference_type\\\":\\\"Botble\\\\\\\\Page\\\\\\\\Models\\\\\\\\Page\\\",\\\"url\\\":\\\"\\/blog-wide\\\",\\\"icon_font\\\":null,\\\"position\\\":0,\\\"title\\\":\\\"Blog Wide\\\",\\\"css_class\\\":null,\\\"target\\\":\\\"_self\\\",\\\"has_child\\\":0,\\\"icon_image\\\":\\\"\\\",\\\"metadata\\\":[]}},{\\\"menuItem\\\":{\\\"id\\\":26,\\\"menu_id\\\":1,\\\"parent_id\\\":21,\\\"reference_id\\\":null,\\\"reference_type\\\":null,\\\"url\\\":\\\"\\/blog\\/4-expert-tips-on-how-to-choose-the-right-mens-wallet\\\",\\\"icon_font\\\":null,\\\"position\\\":0,\\\"title\\\":\\\"Single Post\\\",\\\"css_class\\\":null,\\\"target\\\":\\\"_self\\\",\\\"has_child\\\":1,\\\"icon_image\\\":\\\"\\\",\\\"metadata\\\":[]},\\\"children\\\":[{\\\"menuItem\\\":{\\\"id\\\":27,\\\"menu_id\\\":1,\\\"parent_id\\\":26,\\\"reference_id\\\":null,\\\"reference_type\\\":null,\\\"url\\\":\\\"\\/blog\\/4-expert-tips-on-how-to-choose-the-right-mens-wallet\\\",\\\"icon_font\\\":null,\\\"position\\\":0,\\\"title\\\":\\\"Single Post Right Sidebar\\\",\\\"css_class\\\":null,\\\"target\\\":\\\"_self\\\",\\\"has_child\\\":0,\\\"icon_image\\\":\\\"\\\",\\\"metadata\\\":[]}},{\\\"menuItem\\\":{\\\"id\\\":28,\\\"menu_id\\\":1,\\\"parent_id\\\":26,\\\"reference_id\\\":null,\\\"reference_type\\\":null,\\\"url\\\":\\\"\\/blog\\/sexy-clutches-how-to-buy-amp-wear-a-designer-clutch-bag\\\",\\\"icon_font\\\":null,\\\"position\\\":0,\\\"title\\\":\\\"Single Post Left Sidebar\\\",\\\"css_class\\\":null,\\\"target\\\":\\\"_self\\\",\\\"has_child\\\":0,\\\"icon_image\\\":\\\"\\\",\\\"metadata\\\":[]}},{\\\"menuItem\\\":{\\\"id\\\":29,\\\"menu_id\\\":1,\\\"parent_id\\\":26,\\\"reference_id\\\":null,\\\"reference_type\\\":null,\\\"url\\\":\\\"\\/blog\\/the-top-2020-handbag-trends-to-know\\\",\\\"icon_font\\\":null,\\\"position\\\":0,\\\"title\\\":\\\"Single Post Full Width\\\",\\\"css_class\\\":null,\\\"target\\\":\\\"_self\\\",\\\"has_child\\\":0,\\\"icon_image\\\":\\\"\\\",\\\"metadata\\\":[]}},{\\\"menuItem\\\":{\\\"id\\\":30,\\\"menu_id\\\":1,\\\"parent_id\\\":26,\\\"reference_id\\\":null,\\\"reference_type\\\":null,\\\"url\\\":\\\"\\/blog\\/how-to-match-the-color-of-your-handbag-with-an-outfit\\\",\\\"icon_font\\\":null,\\\"position\\\":0,\\\"title\\\":\\\"Single Post with Product Listing\\\",\\\"css_class\\\":null,\\\"target\\\":\\\"_self\\\",\\\"has_child\\\":0,\\\"icon_image\\\":\\\"\\\",\\\"metadata\\\":[]}}]}]},{\\\"menuItem\\\":{\\\"id\\\":31,\\\"menu_id\\\":1,\\\"parent_id\\\":0,\\\"reference_id\\\":18,\\\"reference_type\\\":\\\"Botble\\\\\\\\Page\\\\\\\\Models\\\\\\\\Page\\\",\\\"url\\\":\\\"\\/faq\\\",\\\"icon_font\\\":null,\\\"position\\\":5,\\\"title\\\":\\\"FAQ\\\",\\\"css_class\\\":null,\\\"target\\\":\\\"_self\\\",\\\"has_child\\\":0,\\\"icon_image\\\":\\\"\\\",\\\"metadata\\\":[],\\\"children\\\":[]}},{\\\"menuItem\\\":{\\\"id\\\":32,\\\"menu_id\\\":1,\\\"parent_id\\\":0,\\\"reference_id\\\":6,\\\"reference_type\\\":\\\"Botble\\\\\\\\Page\\\\\\\\Models\\\\\\\\Page\\\",\\\"url\\\":\\\"\\/contact\\\",\\\"icon_font\\\":null,\\\"position\\\":6,\\\"title\\\":\\\"Contact\\\",\\\"css_class\\\":null,\\\"target\\\":\\\"_self\\\",\\\"has_child\\\":0,\\\"icon_image\\\":\\\"\\\",\\\"metadata\\\":[],\\\"children\\\":[]}}]\",\"menu_id\":\"1\",\"title\":\"Contact\",\"url\":\"\\/blog\\/how-to-match-the-color-of-your-handbag-with-an-outfit\",\"icon_font\":null,\"icon_image\":null,\"css_class\":null,\"target\":\"_self\",\"locations\":[\"main-menu\"],\"submit\":\"save\",\"language\":\"en_US\",\"ref_from\":null,\"status\":\"published\"}','updated','Mozilla/5.0 (Windows NT 10.0; Win64; x64) AppleWebKit/537.36 (KHTML, like Gecko) Chrome/114.0.0.0 Safari/537.36','::1',1,25,'Blog Wide','primary','2023-06-15 10:33:30','2023-06-15 10:33:30'),(25,1,'menu_node','{\"name\":\"Main menu\",\"deleted_nodes\":\"2 3 4 5 6 7 9 10 11 12 15 16 20 19 18\",\"menu_nodes\":\"[{\\\"menuItem\\\":{\\\"id\\\":1,\\\"menu_id\\\":1,\\\"parent_id\\\":0,\\\"reference_id\\\":null,\\\"reference_type\\\":null,\\\"url\\\":\\\"\\/\\\",\\\"icon_font\\\":\\\"fi-rs-home\\\",\\\"position\\\":0,\\\"title\\\":\\\"Home\\\",\\\"css_class\\\":null,\\\"target\\\":\\\"_self\\\",\\\"has_child\\\":1,\\\"icon_image\\\":\\\"\\\",\\\"metadata\\\":[],\\\"children\\\":[]},\\\"children\\\":[]},{\\\"menuItem\\\":{\\\"id\\\":8,\\\"menu_id\\\":1,\\\"parent_id\\\":0,\\\"reference_id\\\":null,\\\"reference_type\\\":null,\\\"url\\\":\\\"\\/products\\\",\\\"icon_font\\\":null,\\\"position\\\":1,\\\"title\\\":\\\"Shop\\\",\\\"css_class\\\":null,\\\"target\\\":\\\"_self\\\",\\\"has_child\\\":1,\\\"icon_image\\\":\\\"\\\",\\\"metadata\\\":[],\\\"children\\\":[]},\\\"children\\\":[]},{\\\"menuItem\\\":{\\\"id\\\":13,\\\"menu_id\\\":1,\\\"parent_id\\\":0,\\\"reference_id\\\":null,\\\"reference_type\\\":null,\\\"url\\\":\\\"\\/stores\\\",\\\"icon_font\\\":null,\\\"position\\\":2,\\\"title\\\":\\\"Stores\\\",\\\"css_class\\\":null,\\\"target\\\":\\\"_self\\\",\\\"has_child\\\":1,\\\"icon_image\\\":\\\"\\\",\\\"metadata\\\":[],\\\"children\\\":[]},\\\"children\\\":[{\\\"menuItem\\\":{\\\"id\\\":14,\\\"menu_id\\\":1,\\\"parent_id\\\":13,\\\"reference_id\\\":null,\\\"reference_type\\\":null,\\\"url\\\":\\\"\\/stores\\\",\\\"icon_font\\\":null,\\\"position\\\":0,\\\"title\\\":\\\"Stores - Grid\\\",\\\"css_class\\\":null,\\\"target\\\":\\\"_self\\\",\\\"has_child\\\":0,\\\"icon_image\\\":\\\"\\\",\\\"metadata\\\":[]}}]},{\\\"menuItem\\\":{\\\"id\\\":17,\\\"menu_id\\\":1,\\\"parent_id\\\":0,\\\"reference_id\\\":null,\\\"reference_type\\\":null,\\\"url\\\":\\\"\\/products\\/seeds-of-change-organic-quinoe\\\",\\\"icon_font\\\":null,\\\"position\\\":3,\\\"title\\\":\\\"Product\\\",\\\"css_class\\\":null,\\\"target\\\":\\\"_self\\\",\\\"has_child\\\":1,\\\"icon_image\\\":\\\"\\\",\\\"metadata\\\":[],\\\"children\\\":[]},\\\"children\\\":[]},{\\\"menuItem\\\":{\\\"id\\\":21,\\\"menu_id\\\":1,\\\"parent_id\\\":0,\\\"reference_id\\\":5,\\\"reference_type\\\":\\\"Botble\\\\\\\\Page\\\\\\\\Models\\\\\\\\Page\\\",\\\"url\\\":\\\"\\/blog\\\",\\\"icon_font\\\":null,\\\"position\\\":4,\\\"title\\\":\\\"Blog\\\",\\\"css_class\\\":null,\\\"target\\\":\\\"_self\\\",\\\"has_child\\\":1,\\\"icon_image\\\":\\\"\\\",\\\"metadata\\\":[],\\\"children\\\":[]},\\\"children\\\":[{\\\"menuItem\\\":{\\\"id\\\":22,\\\"menu_id\\\":1,\\\"parent_id\\\":21,\\\"reference_id\\\":5,\\\"reference_type\\\":\\\"Botble\\\\\\\\Page\\\\\\\\Models\\\\\\\\Page\\\",\\\"url\\\":\\\"\\/blog\\\",\\\"icon_font\\\":null,\\\"position\\\":0,\\\"title\\\":\\\"Blog Grid\\\",\\\"css_class\\\":null,\\\"target\\\":\\\"_self\\\",\\\"has_child\\\":0,\\\"icon_image\\\":\\\"\\\",\\\"metadata\\\":[]}},{\\\"menuItem\\\":{\\\"id\\\":23,\\\"menu_id\\\":1,\\\"parent_id\\\":21,\\\"reference_id\\\":13,\\\"reference_type\\\":\\\"Botble\\\\\\\\Page\\\\\\\\Models\\\\\\\\Page\\\",\\\"url\\\":\\\"\\/blog-list\\\",\\\"icon_font\\\":null,\\\"position\\\":0,\\\"title\\\":\\\"Blog List\\\",\\\"css_class\\\":null,\\\"target\\\":\\\"_self\\\",\\\"has_child\\\":0,\\\"icon_image\\\":\\\"\\\",\\\"metadata\\\":[]}},{\\\"menuItem\\\":{\\\"id\\\":24,\\\"menu_id\\\":1,\\\"parent_id\\\":21,\\\"reference_id\\\":14,\\\"reference_type\\\":\\\"Botble\\\\\\\\Page\\\\\\\\Models\\\\\\\\Page\\\",\\\"url\\\":\\\"\\/blog-big\\\",\\\"icon_font\\\":null,\\\"position\\\":0,\\\"title\\\":\\\"Blog Big\\\",\\\"css_class\\\":null,\\\"target\\\":\\\"_self\\\",\\\"has_child\\\":0,\\\"icon_image\\\":\\\"\\\",\\\"metadata\\\":[]}},{\\\"menuItem\\\":{\\\"id\\\":25,\\\"menu_id\\\":1,\\\"parent_id\\\":21,\\\"reference_id\\\":15,\\\"reference_type\\\":\\\"Botble\\\\\\\\Page\\\\\\\\Models\\\\\\\\Page\\\",\\\"url\\\":\\\"\\/blog-wide\\\",\\\"icon_font\\\":null,\\\"position\\\":0,\\\"title\\\":\\\"Blog Wide\\\",\\\"css_class\\\":null,\\\"target\\\":\\\"_self\\\",\\\"has_child\\\":0,\\\"icon_image\\\":\\\"\\\",\\\"metadata\\\":[]}},{\\\"menuItem\\\":{\\\"id\\\":26,\\\"menu_id\\\":1,\\\"parent_id\\\":21,\\\"reference_id\\\":null,\\\"reference_type\\\":null,\\\"url\\\":\\\"\\/blog\\/4-expert-tips-on-how-to-choose-the-right-mens-wallet\\\",\\\"icon_font\\\":null,\\\"position\\\":0,\\\"title\\\":\\\"Single Post\\\",\\\"css_class\\\":null,\\\"target\\\":\\\"_self\\\",\\\"has_child\\\":1,\\\"icon_image\\\":\\\"\\\",\\\"metadata\\\":[]},\\\"children\\\":[{\\\"menuItem\\\":{\\\"id\\\":27,\\\"menu_id\\\":1,\\\"parent_id\\\":26,\\\"reference_id\\\":null,\\\"reference_type\\\":null,\\\"url\\\":\\\"\\/blog\\/4-expert-tips-on-how-to-choose-the-right-mens-wallet\\\",\\\"icon_font\\\":null,\\\"position\\\":0,\\\"title\\\":\\\"Single Post Right Sidebar\\\",\\\"css_class\\\":null,\\\"target\\\":\\\"_self\\\",\\\"has_child\\\":0,\\\"icon_image\\\":\\\"\\\",\\\"metadata\\\":[]}},{\\\"menuItem\\\":{\\\"id\\\":28,\\\"menu_id\\\":1,\\\"parent_id\\\":26,\\\"reference_id\\\":null,\\\"reference_type\\\":null,\\\"url\\\":\\\"\\/blog\\/sexy-clutches-how-to-buy-amp-wear-a-designer-clutch-bag\\\",\\\"icon_font\\\":null,\\\"position\\\":0,\\\"title\\\":\\\"Single Post Left Sidebar\\\",\\\"css_class\\\":null,\\\"target\\\":\\\"_self\\\",\\\"has_child\\\":0,\\\"icon_image\\\":\\\"\\\",\\\"metadata\\\":[]}},{\\\"menuItem\\\":{\\\"id\\\":29,\\\"menu_id\\\":1,\\\"parent_id\\\":26,\\\"reference_id\\\":null,\\\"reference_type\\\":null,\\\"url\\\":\\\"\\/blog\\/the-top-2020-handbag-trends-to-know\\\",\\\"icon_font\\\":null,\\\"position\\\":0,\\\"title\\\":\\\"Single Post Full Width\\\",\\\"css_class\\\":null,\\\"target\\\":\\\"_self\\\",\\\"has_child\\\":0,\\\"icon_image\\\":\\\"\\\",\\\"metadata\\\":[]}},{\\\"menuItem\\\":{\\\"id\\\":30,\\\"menu_id\\\":1,\\\"parent_id\\\":26,\\\"reference_id\\\":null,\\\"reference_type\\\":null,\\\"url\\\":\\\"\\/blog\\/how-to-match-the-color-of-your-handbag-with-an-outfit\\\",\\\"icon_font\\\":null,\\\"position\\\":0,\\\"title\\\":\\\"Single Post with Product Listing\\\",\\\"css_class\\\":null,\\\"target\\\":\\\"_self\\\",\\\"has_child\\\":0,\\\"icon_image\\\":\\\"\\\",\\\"metadata\\\":[]}}]}]},{\\\"menuItem\\\":{\\\"id\\\":31,\\\"menu_id\\\":1,\\\"parent_id\\\":0,\\\"reference_id\\\":18,\\\"reference_type\\\":\\\"Botble\\\\\\\\Page\\\\\\\\Models\\\\\\\\Page\\\",\\\"url\\\":\\\"\\/faq\\\",\\\"icon_font\\\":null,\\\"position\\\":5,\\\"title\\\":\\\"FAQ\\\",\\\"css_class\\\":null,\\\"target\\\":\\\"_self\\\",\\\"has_child\\\":0,\\\"icon_image\\\":\\\"\\\",\\\"metadata\\\":[],\\\"children\\\":[]}},{\\\"menuItem\\\":{\\\"id\\\":32,\\\"menu_id\\\":1,\\\"parent_id\\\":0,\\\"reference_id\\\":6,\\\"reference_type\\\":\\\"Botble\\\\\\\\Page\\\\\\\\Models\\\\\\\\Page\\\",\\\"url\\\":\\\"\\/contact\\\",\\\"icon_font\\\":null,\\\"position\\\":6,\\\"title\\\":\\\"Contact\\\",\\\"css_class\\\":null,\\\"target\\\":\\\"_self\\\",\\\"has_child\\\":0,\\\"icon_image\\\":\\\"\\\",\\\"metadata\\\":[],\\\"children\\\":[]}}]\",\"menu_id\":\"1\",\"title\":\"Contact\",\"url\":\"\\/blog\\/how-to-match-the-color-of-your-handbag-with-an-outfit\",\"icon_font\":null,\"icon_image\":null,\"css_class\":null,\"target\":\"_self\",\"locations\":[\"main-menu\"],\"submit\":\"save\",\"language\":\"en_US\",\"ref_from\":null,\"status\":\"published\"}','updated','Mozilla/5.0 (Windows NT 10.0; Win64; x64) AppleWebKit/537.36 (KHTML, like Gecko) Chrome/114.0.0.0 Safari/537.36','::1',1,26,'Single Post','primary','2023-06-15 10:33:30','2023-06-15 10:33:30'),(26,1,'menu_node','{\"name\":\"Main menu\",\"deleted_nodes\":\"2 3 4 5 6 7 9 10 11 12 15 16 20 19 18\",\"menu_nodes\":\"[{\\\"menuItem\\\":{\\\"id\\\":1,\\\"menu_id\\\":1,\\\"parent_id\\\":0,\\\"reference_id\\\":null,\\\"reference_type\\\":null,\\\"url\\\":\\\"\\/\\\",\\\"icon_font\\\":\\\"fi-rs-home\\\",\\\"position\\\":0,\\\"title\\\":\\\"Home\\\",\\\"css_class\\\":null,\\\"target\\\":\\\"_self\\\",\\\"has_child\\\":1,\\\"icon_image\\\":\\\"\\\",\\\"metadata\\\":[],\\\"children\\\":[]},\\\"children\\\":[]},{\\\"menuItem\\\":{\\\"id\\\":8,\\\"menu_id\\\":1,\\\"parent_id\\\":0,\\\"reference_id\\\":null,\\\"reference_type\\\":null,\\\"url\\\":\\\"\\/products\\\",\\\"icon_font\\\":null,\\\"position\\\":1,\\\"title\\\":\\\"Shop\\\",\\\"css_class\\\":null,\\\"target\\\":\\\"_self\\\",\\\"has_child\\\":1,\\\"icon_image\\\":\\\"\\\",\\\"metadata\\\":[],\\\"children\\\":[]},\\\"children\\\":[]},{\\\"menuItem\\\":{\\\"id\\\":13,\\\"menu_id\\\":1,\\\"parent_id\\\":0,\\\"reference_id\\\":null,\\\"reference_type\\\":null,\\\"url\\\":\\\"\\/stores\\\",\\\"icon_font\\\":null,\\\"position\\\":2,\\\"title\\\":\\\"Stores\\\",\\\"css_class\\\":null,\\\"target\\\":\\\"_self\\\",\\\"has_child\\\":1,\\\"icon_image\\\":\\\"\\\",\\\"metadata\\\":[],\\\"children\\\":[]},\\\"children\\\":[{\\\"menuItem\\\":{\\\"id\\\":14,\\\"menu_id\\\":1,\\\"parent_id\\\":13,\\\"reference_id\\\":null,\\\"reference_type\\\":null,\\\"url\\\":\\\"\\/stores\\\",\\\"icon_font\\\":null,\\\"position\\\":0,\\\"title\\\":\\\"Stores - Grid\\\",\\\"css_class\\\":null,\\\"target\\\":\\\"_self\\\",\\\"has_child\\\":0,\\\"icon_image\\\":\\\"\\\",\\\"metadata\\\":[]}}]},{\\\"menuItem\\\":{\\\"id\\\":17,\\\"menu_id\\\":1,\\\"parent_id\\\":0,\\\"reference_id\\\":null,\\\"reference_type\\\":null,\\\"url\\\":\\\"\\/products\\/seeds-of-change-organic-quinoe\\\",\\\"icon_font\\\":null,\\\"position\\\":3,\\\"title\\\":\\\"Product\\\",\\\"css_class\\\":null,\\\"target\\\":\\\"_self\\\",\\\"has_child\\\":1,\\\"icon_image\\\":\\\"\\\",\\\"metadata\\\":[],\\\"children\\\":[]},\\\"children\\\":[]},{\\\"menuItem\\\":{\\\"id\\\":21,\\\"menu_id\\\":1,\\\"parent_id\\\":0,\\\"reference_id\\\":5,\\\"reference_type\\\":\\\"Botble\\\\\\\\Page\\\\\\\\Models\\\\\\\\Page\\\",\\\"url\\\":\\\"\\/blog\\\",\\\"icon_font\\\":null,\\\"position\\\":4,\\\"title\\\":\\\"Blog\\\",\\\"css_class\\\":null,\\\"target\\\":\\\"_self\\\",\\\"has_child\\\":1,\\\"icon_image\\\":\\\"\\\",\\\"metadata\\\":[],\\\"children\\\":[]},\\\"children\\\":[{\\\"menuItem\\\":{\\\"id\\\":22,\\\"menu_id\\\":1,\\\"parent_id\\\":21,\\\"reference_id\\\":5,\\\"reference_type\\\":\\\"Botble\\\\\\\\Page\\\\\\\\Models\\\\\\\\Page\\\",\\\"url\\\":\\\"\\/blog\\\",\\\"icon_font\\\":null,\\\"position\\\":0,\\\"title\\\":\\\"Blog Grid\\\",\\\"css_class\\\":null,\\\"target\\\":\\\"_self\\\",\\\"has_child\\\":0,\\\"icon_image\\\":\\\"\\\",\\\"metadata\\\":[]}},{\\\"menuItem\\\":{\\\"id\\\":23,\\\"menu_id\\\":1,\\\"parent_id\\\":21,\\\"reference_id\\\":13,\\\"reference_type\\\":\\\"Botble\\\\\\\\Page\\\\\\\\Models\\\\\\\\Page\\\",\\\"url\\\":\\\"\\/blog-list\\\",\\\"icon_font\\\":null,\\\"position\\\":0,\\\"title\\\":\\\"Blog List\\\",\\\"css_class\\\":null,\\\"target\\\":\\\"_self\\\",\\\"has_child\\\":0,\\\"icon_image\\\":\\\"\\\",\\\"metadata\\\":[]}},{\\\"menuItem\\\":{\\\"id\\\":24,\\\"menu_id\\\":1,\\\"parent_id\\\":21,\\\"reference_id\\\":14,\\\"reference_type\\\":\\\"Botble\\\\\\\\Page\\\\\\\\Models\\\\\\\\Page\\\",\\\"url\\\":\\\"\\/blog-big\\\",\\\"icon_font\\\":null,\\\"position\\\":0,\\\"title\\\":\\\"Blog Big\\\",\\\"css_class\\\":null,\\\"target\\\":\\\"_self\\\",\\\"has_child\\\":0,\\\"icon_image\\\":\\\"\\\",\\\"metadata\\\":[]}},{\\\"menuItem\\\":{\\\"id\\\":25,\\\"menu_id\\\":1,\\\"parent_id\\\":21,\\\"reference_id\\\":15,\\\"reference_type\\\":\\\"Botble\\\\\\\\Page\\\\\\\\Models\\\\\\\\Page\\\",\\\"url\\\":\\\"\\/blog-wide\\\",\\\"icon_font\\\":null,\\\"position\\\":0,\\\"title\\\":\\\"Blog Wide\\\",\\\"css_class\\\":null,\\\"target\\\":\\\"_self\\\",\\\"has_child\\\":0,\\\"icon_image\\\":\\\"\\\",\\\"metadata\\\":[]}},{\\\"menuItem\\\":{\\\"id\\\":26,\\\"menu_id\\\":1,\\\"parent_id\\\":21,\\\"reference_id\\\":null,\\\"reference_type\\\":null,\\\"url\\\":\\\"\\/blog\\/4-expert-tips-on-how-to-choose-the-right-mens-wallet\\\",\\\"icon_font\\\":null,\\\"position\\\":0,\\\"title\\\":\\\"Single Post\\\",\\\"css_class\\\":null,\\\"target\\\":\\\"_self\\\",\\\"has_child\\\":1,\\\"icon_image\\\":\\\"\\\",\\\"metadata\\\":[]},\\\"children\\\":[{\\\"menuItem\\\":{\\\"id\\\":27,\\\"menu_id\\\":1,\\\"parent_id\\\":26,\\\"reference_id\\\":null,\\\"reference_type\\\":null,\\\"url\\\":\\\"\\/blog\\/4-expert-tips-on-how-to-choose-the-right-mens-wallet\\\",\\\"icon_font\\\":null,\\\"position\\\":0,\\\"title\\\":\\\"Single Post Right Sidebar\\\",\\\"css_class\\\":null,\\\"target\\\":\\\"_self\\\",\\\"has_child\\\":0,\\\"icon_image\\\":\\\"\\\",\\\"metadata\\\":[]}},{\\\"menuItem\\\":{\\\"id\\\":28,\\\"menu_id\\\":1,\\\"parent_id\\\":26,\\\"reference_id\\\":null,\\\"reference_type\\\":null,\\\"url\\\":\\\"\\/blog\\/sexy-clutches-how-to-buy-amp-wear-a-designer-clutch-bag\\\",\\\"icon_font\\\":null,\\\"position\\\":0,\\\"title\\\":\\\"Single Post Left Sidebar\\\",\\\"css_class\\\":null,\\\"target\\\":\\\"_self\\\",\\\"has_child\\\":0,\\\"icon_image\\\":\\\"\\\",\\\"metadata\\\":[]}},{\\\"menuItem\\\":{\\\"id\\\":29,\\\"menu_id\\\":1,\\\"parent_id\\\":26,\\\"reference_id\\\":null,\\\"reference_type\\\":null,\\\"url\\\":\\\"\\/blog\\/the-top-2020-handbag-trends-to-know\\\",\\\"icon_font\\\":null,\\\"position\\\":0,\\\"title\\\":\\\"Single Post Full Width\\\",\\\"css_class\\\":null,\\\"target\\\":\\\"_self\\\",\\\"has_child\\\":0,\\\"icon_image\\\":\\\"\\\",\\\"metadata\\\":[]}},{\\\"menuItem\\\":{\\\"id\\\":30,\\\"menu_id\\\":1,\\\"parent_id\\\":26,\\\"reference_id\\\":null,\\\"reference_type\\\":null,\\\"url\\\":\\\"\\/blog\\/how-to-match-the-color-of-your-handbag-with-an-outfit\\\",\\\"icon_font\\\":null,\\\"position\\\":0,\\\"title\\\":\\\"Single Post with Product Listing\\\",\\\"css_class\\\":null,\\\"target\\\":\\\"_self\\\",\\\"has_child\\\":0,\\\"icon_image\\\":\\\"\\\",\\\"metadata\\\":[]}}]}]},{\\\"menuItem\\\":{\\\"id\\\":31,\\\"menu_id\\\":1,\\\"parent_id\\\":0,\\\"reference_id\\\":18,\\\"reference_type\\\":\\\"Botble\\\\\\\\Page\\\\\\\\Models\\\\\\\\Page\\\",\\\"url\\\":\\\"\\/faq\\\",\\\"icon_font\\\":null,\\\"position\\\":5,\\\"title\\\":\\\"FAQ\\\",\\\"css_class\\\":null,\\\"target\\\":\\\"_self\\\",\\\"has_child\\\":0,\\\"icon_image\\\":\\\"\\\",\\\"metadata\\\":[],\\\"children\\\":[]}},{\\\"menuItem\\\":{\\\"id\\\":32,\\\"menu_id\\\":1,\\\"parent_id\\\":0,\\\"reference_id\\\":6,\\\"reference_type\\\":\\\"Botble\\\\\\\\Page\\\\\\\\Models\\\\\\\\Page\\\",\\\"url\\\":\\\"\\/contact\\\",\\\"icon_font\\\":null,\\\"position\\\":6,\\\"title\\\":\\\"Contact\\\",\\\"css_class\\\":null,\\\"target\\\":\\\"_self\\\",\\\"has_child\\\":0,\\\"icon_image\\\":\\\"\\\",\\\"metadata\\\":[],\\\"children\\\":[]}}]\",\"menu_id\":\"1\",\"title\":\"Contact\",\"url\":\"\\/blog\\/how-to-match-the-color-of-your-handbag-with-an-outfit\",\"icon_font\":null,\"icon_image\":null,\"css_class\":null,\"target\":\"_self\",\"locations\":[\"main-menu\"],\"submit\":\"save\",\"language\":\"en_US\",\"ref_from\":null,\"status\":\"published\"}','updated','Mozilla/5.0 (Windows NT 10.0; Win64; x64) AppleWebKit/537.36 (KHTML, like Gecko) Chrome/114.0.0.0 Safari/537.36','::1',1,27,'Single Post Right Sidebar','primary','2023-06-15 10:33:30','2023-06-15 10:33:30'),(27,1,'menu_node','{\"name\":\"Main menu\",\"deleted_nodes\":\"2 3 4 5 6 7 9 10 11 12 15 16 20 19 18\",\"menu_nodes\":\"[{\\\"menuItem\\\":{\\\"id\\\":1,\\\"menu_id\\\":1,\\\"parent_id\\\":0,\\\"reference_id\\\":null,\\\"reference_type\\\":null,\\\"url\\\":\\\"\\/\\\",\\\"icon_font\\\":\\\"fi-rs-home\\\",\\\"position\\\":0,\\\"title\\\":\\\"Home\\\",\\\"css_class\\\":null,\\\"target\\\":\\\"_self\\\",\\\"has_child\\\":1,\\\"icon_image\\\":\\\"\\\",\\\"metadata\\\":[],\\\"children\\\":[]},\\\"children\\\":[]},{\\\"menuItem\\\":{\\\"id\\\":8,\\\"menu_id\\\":1,\\\"parent_id\\\":0,\\\"reference_id\\\":null,\\\"reference_type\\\":null,\\\"url\\\":\\\"\\/products\\\",\\\"icon_font\\\":null,\\\"position\\\":1,\\\"title\\\":\\\"Shop\\\",\\\"css_class\\\":null,\\\"target\\\":\\\"_self\\\",\\\"has_child\\\":1,\\\"icon_image\\\":\\\"\\\",\\\"metadata\\\":[],\\\"children\\\":[]},\\\"children\\\":[]},{\\\"menuItem\\\":{\\\"id\\\":13,\\\"menu_id\\\":1,\\\"parent_id\\\":0,\\\"reference_id\\\":null,\\\"reference_type\\\":null,\\\"url\\\":\\\"\\/stores\\\",\\\"icon_font\\\":null,\\\"position\\\":2,\\\"title\\\":\\\"Stores\\\",\\\"css_class\\\":null,\\\"target\\\":\\\"_self\\\",\\\"has_child\\\":1,\\\"icon_image\\\":\\\"\\\",\\\"metadata\\\":[],\\\"children\\\":[]},\\\"children\\\":[{\\\"menuItem\\\":{\\\"id\\\":14,\\\"menu_id\\\":1,\\\"parent_id\\\":13,\\\"reference_id\\\":null,\\\"reference_type\\\":null,\\\"url\\\":\\\"\\/stores\\\",\\\"icon_font\\\":null,\\\"position\\\":0,\\\"title\\\":\\\"Stores - Grid\\\",\\\"css_class\\\":null,\\\"target\\\":\\\"_self\\\",\\\"has_child\\\":0,\\\"icon_image\\\":\\\"\\\",\\\"metadata\\\":[]}}]},{\\\"menuItem\\\":{\\\"id\\\":17,\\\"menu_id\\\":1,\\\"parent_id\\\":0,\\\"reference_id\\\":null,\\\"reference_type\\\":null,\\\"url\\\":\\\"\\/products\\/seeds-of-change-organic-quinoe\\\",\\\"icon_font\\\":null,\\\"position\\\":3,\\\"title\\\":\\\"Product\\\",\\\"css_class\\\":null,\\\"target\\\":\\\"_self\\\",\\\"has_child\\\":1,\\\"icon_image\\\":\\\"\\\",\\\"metadata\\\":[],\\\"children\\\":[]},\\\"children\\\":[]},{\\\"menuItem\\\":{\\\"id\\\":21,\\\"menu_id\\\":1,\\\"parent_id\\\":0,\\\"reference_id\\\":5,\\\"reference_type\\\":\\\"Botble\\\\\\\\Page\\\\\\\\Models\\\\\\\\Page\\\",\\\"url\\\":\\\"\\/blog\\\",\\\"icon_font\\\":null,\\\"position\\\":4,\\\"title\\\":\\\"Blog\\\",\\\"css_class\\\":null,\\\"target\\\":\\\"_self\\\",\\\"has_child\\\":1,\\\"icon_image\\\":\\\"\\\",\\\"metadata\\\":[],\\\"children\\\":[]},\\\"children\\\":[{\\\"menuItem\\\":{\\\"id\\\":22,\\\"menu_id\\\":1,\\\"parent_id\\\":21,\\\"reference_id\\\":5,\\\"reference_type\\\":\\\"Botble\\\\\\\\Page\\\\\\\\Models\\\\\\\\Page\\\",\\\"url\\\":\\\"\\/blog\\\",\\\"icon_font\\\":null,\\\"position\\\":0,\\\"title\\\":\\\"Blog Grid\\\",\\\"css_class\\\":null,\\\"target\\\":\\\"_self\\\",\\\"has_child\\\":0,\\\"icon_image\\\":\\\"\\\",\\\"metadata\\\":[]}},{\\\"menuItem\\\":{\\\"id\\\":23,\\\"menu_id\\\":1,\\\"parent_id\\\":21,\\\"reference_id\\\":13,\\\"reference_type\\\":\\\"Botble\\\\\\\\Page\\\\\\\\Models\\\\\\\\Page\\\",\\\"url\\\":\\\"\\/blog-list\\\",\\\"icon_font\\\":null,\\\"position\\\":0,\\\"title\\\":\\\"Blog List\\\",\\\"css_class\\\":null,\\\"target\\\":\\\"_self\\\",\\\"has_child\\\":0,\\\"icon_image\\\":\\\"\\\",\\\"metadata\\\":[]}},{\\\"menuItem\\\":{\\\"id\\\":24,\\\"menu_id\\\":1,\\\"parent_id\\\":21,\\\"reference_id\\\":14,\\\"reference_type\\\":\\\"Botble\\\\\\\\Page\\\\\\\\Models\\\\\\\\Page\\\",\\\"url\\\":\\\"\\/blog-big\\\",\\\"icon_font\\\":null,\\\"position\\\":0,\\\"title\\\":\\\"Blog Big\\\",\\\"css_class\\\":null,\\\"target\\\":\\\"_self\\\",\\\"has_child\\\":0,\\\"icon_image\\\":\\\"\\\",\\\"metadata\\\":[]}},{\\\"menuItem\\\":{\\\"id\\\":25,\\\"menu_id\\\":1,\\\"parent_id\\\":21,\\\"reference_id\\\":15,\\\"reference_type\\\":\\\"Botble\\\\\\\\Page\\\\\\\\Models\\\\\\\\Page\\\",\\\"url\\\":\\\"\\/blog-wide\\\",\\\"icon_font\\\":null,\\\"position\\\":0,\\\"title\\\":\\\"Blog Wide\\\",\\\"css_class\\\":null,\\\"target\\\":\\\"_self\\\",\\\"has_child\\\":0,\\\"icon_image\\\":\\\"\\\",\\\"metadata\\\":[]}},{\\\"menuItem\\\":{\\\"id\\\":26,\\\"menu_id\\\":1,\\\"parent_id\\\":21,\\\"reference_id\\\":null,\\\"reference_type\\\":null,\\\"url\\\":\\\"\\/blog\\/4-expert-tips-on-how-to-choose-the-right-mens-wallet\\\",\\\"icon_font\\\":null,\\\"position\\\":0,\\\"title\\\":\\\"Single Post\\\",\\\"css_class\\\":null,\\\"target\\\":\\\"_self\\\",\\\"has_child\\\":1,\\\"icon_image\\\":\\\"\\\",\\\"metadata\\\":[]},\\\"children\\\":[{\\\"menuItem\\\":{\\\"id\\\":27,\\\"menu_id\\\":1,\\\"parent_id\\\":26,\\\"reference_id\\\":null,\\\"reference_type\\\":null,\\\"url\\\":\\\"\\/blog\\/4-expert-tips-on-how-to-choose-the-right-mens-wallet\\\",\\\"icon_font\\\":null,\\\"position\\\":0,\\\"title\\\":\\\"Single Post Right Sidebar\\\",\\\"css_class\\\":null,\\\"target\\\":\\\"_self\\\",\\\"has_child\\\":0,\\\"icon_image\\\":\\\"\\\",\\\"metadata\\\":[]}},{\\\"menuItem\\\":{\\\"id\\\":28,\\\"menu_id\\\":1,\\\"parent_id\\\":26,\\\"reference_id\\\":null,\\\"reference_type\\\":null,\\\"url\\\":\\\"\\/blog\\/sexy-clutches-how-to-buy-amp-wear-a-designer-clutch-bag\\\",\\\"icon_font\\\":null,\\\"position\\\":0,\\\"title\\\":\\\"Single Post Left Sidebar\\\",\\\"css_class\\\":null,\\\"target\\\":\\\"_self\\\",\\\"has_child\\\":0,\\\"icon_image\\\":\\\"\\\",\\\"metadata\\\":[]}},{\\\"menuItem\\\":{\\\"id\\\":29,\\\"menu_id\\\":1,\\\"parent_id\\\":26,\\\"reference_id\\\":null,\\\"reference_type\\\":null,\\\"url\\\":\\\"\\/blog\\/the-top-2020-handbag-trends-to-know\\\",\\\"icon_font\\\":null,\\\"position\\\":0,\\\"title\\\":\\\"Single Post Full Width\\\",\\\"css_class\\\":null,\\\"target\\\":\\\"_self\\\",\\\"has_child\\\":0,\\\"icon_image\\\":\\\"\\\",\\\"metadata\\\":[]}},{\\\"menuItem\\\":{\\\"id\\\":30,\\\"menu_id\\\":1,\\\"parent_id\\\":26,\\\"reference_id\\\":null,\\\"reference_type\\\":null,\\\"url\\\":\\\"\\/blog\\/how-to-match-the-color-of-your-handbag-with-an-outfit\\\",\\\"icon_font\\\":null,\\\"position\\\":0,\\\"title\\\":\\\"Single Post with Product Listing\\\",\\\"css_class\\\":null,\\\"target\\\":\\\"_self\\\",\\\"has_child\\\":0,\\\"icon_image\\\":\\\"\\\",\\\"metadata\\\":[]}}]}]},{\\\"menuItem\\\":{\\\"id\\\":31,\\\"menu_id\\\":1,\\\"parent_id\\\":0,\\\"reference_id\\\":18,\\\"reference_type\\\":\\\"Botble\\\\\\\\Page\\\\\\\\Models\\\\\\\\Page\\\",\\\"url\\\":\\\"\\/faq\\\",\\\"icon_font\\\":null,\\\"position\\\":5,\\\"title\\\":\\\"FAQ\\\",\\\"css_class\\\":null,\\\"target\\\":\\\"_self\\\",\\\"has_child\\\":0,\\\"icon_image\\\":\\\"\\\",\\\"metadata\\\":[],\\\"children\\\":[]}},{\\\"menuItem\\\":{\\\"id\\\":32,\\\"menu_id\\\":1,\\\"parent_id\\\":0,\\\"reference_id\\\":6,\\\"reference_type\\\":\\\"Botble\\\\\\\\Page\\\\\\\\Models\\\\\\\\Page\\\",\\\"url\\\":\\\"\\/contact\\\",\\\"icon_font\\\":null,\\\"position\\\":6,\\\"title\\\":\\\"Contact\\\",\\\"css_class\\\":null,\\\"target\\\":\\\"_self\\\",\\\"has_child\\\":0,\\\"icon_image\\\":\\\"\\\",\\\"metadata\\\":[],\\\"children\\\":[]}}]\",\"menu_id\":\"1\",\"title\":\"Contact\",\"url\":\"\\/blog\\/how-to-match-the-color-of-your-handbag-with-an-outfit\",\"icon_font\":null,\"icon_image\":null,\"css_class\":null,\"target\":\"_self\",\"locations\":[\"main-menu\"],\"submit\":\"save\",\"language\":\"en_US\",\"ref_from\":null,\"status\":\"published\"}','updated','Mozilla/5.0 (Windows NT 10.0; Win64; x64) AppleWebKit/537.36 (KHTML, like Gecko) Chrome/114.0.0.0 Safari/537.36','::1',1,28,'Single Post Left Sidebar','primary','2023-06-15 10:33:30','2023-06-15 10:33:30'),(28,1,'menu_node','{\"name\":\"Main menu\",\"deleted_nodes\":\"2 3 4 5 6 7 9 10 11 12 15 16 20 19 18\",\"menu_nodes\":\"[{\\\"menuItem\\\":{\\\"id\\\":1,\\\"menu_id\\\":1,\\\"parent_id\\\":0,\\\"reference_id\\\":null,\\\"reference_type\\\":null,\\\"url\\\":\\\"\\/\\\",\\\"icon_font\\\":\\\"fi-rs-home\\\",\\\"position\\\":0,\\\"title\\\":\\\"Home\\\",\\\"css_class\\\":null,\\\"target\\\":\\\"_self\\\",\\\"has_child\\\":1,\\\"icon_image\\\":\\\"\\\",\\\"metadata\\\":[],\\\"children\\\":[]},\\\"children\\\":[]},{\\\"menuItem\\\":{\\\"id\\\":8,\\\"menu_id\\\":1,\\\"parent_id\\\":0,\\\"reference_id\\\":null,\\\"reference_type\\\":null,\\\"url\\\":\\\"\\/products\\\",\\\"icon_font\\\":null,\\\"position\\\":1,\\\"title\\\":\\\"Shop\\\",\\\"css_class\\\":null,\\\"target\\\":\\\"_self\\\",\\\"has_child\\\":1,\\\"icon_image\\\":\\\"\\\",\\\"metadata\\\":[],\\\"children\\\":[]},\\\"children\\\":[]},{\\\"menuItem\\\":{\\\"id\\\":13,\\\"menu_id\\\":1,\\\"parent_id\\\":0,\\\"reference_id\\\":null,\\\"reference_type\\\":null,\\\"url\\\":\\\"\\/stores\\\",\\\"icon_font\\\":null,\\\"position\\\":2,\\\"title\\\":\\\"Stores\\\",\\\"css_class\\\":null,\\\"target\\\":\\\"_self\\\",\\\"has_child\\\":1,\\\"icon_image\\\":\\\"\\\",\\\"metadata\\\":[],\\\"children\\\":[]},\\\"children\\\":[{\\\"menuItem\\\":{\\\"id\\\":14,\\\"menu_id\\\":1,\\\"parent_id\\\":13,\\\"reference_id\\\":null,\\\"reference_type\\\":null,\\\"url\\\":\\\"\\/stores\\\",\\\"icon_font\\\":null,\\\"position\\\":0,\\\"title\\\":\\\"Stores - Grid\\\",\\\"css_class\\\":null,\\\"target\\\":\\\"_self\\\",\\\"has_child\\\":0,\\\"icon_image\\\":\\\"\\\",\\\"metadata\\\":[]}}]},{\\\"menuItem\\\":{\\\"id\\\":17,\\\"menu_id\\\":1,\\\"parent_id\\\":0,\\\"reference_id\\\":null,\\\"reference_type\\\":null,\\\"url\\\":\\\"\\/products\\/seeds-of-change-organic-quinoe\\\",\\\"icon_font\\\":null,\\\"position\\\":3,\\\"title\\\":\\\"Product\\\",\\\"css_class\\\":null,\\\"target\\\":\\\"_self\\\",\\\"has_child\\\":1,\\\"icon_image\\\":\\\"\\\",\\\"metadata\\\":[],\\\"children\\\":[]},\\\"children\\\":[]},{\\\"menuItem\\\":{\\\"id\\\":21,\\\"menu_id\\\":1,\\\"parent_id\\\":0,\\\"reference_id\\\":5,\\\"reference_type\\\":\\\"Botble\\\\\\\\Page\\\\\\\\Models\\\\\\\\Page\\\",\\\"url\\\":\\\"\\/blog\\\",\\\"icon_font\\\":null,\\\"position\\\":4,\\\"title\\\":\\\"Blog\\\",\\\"css_class\\\":null,\\\"target\\\":\\\"_self\\\",\\\"has_child\\\":1,\\\"icon_image\\\":\\\"\\\",\\\"metadata\\\":[],\\\"children\\\":[]},\\\"children\\\":[{\\\"menuItem\\\":{\\\"id\\\":22,\\\"menu_id\\\":1,\\\"parent_id\\\":21,\\\"reference_id\\\":5,\\\"reference_type\\\":\\\"Botble\\\\\\\\Page\\\\\\\\Models\\\\\\\\Page\\\",\\\"url\\\":\\\"\\/blog\\\",\\\"icon_font\\\":null,\\\"position\\\":0,\\\"title\\\":\\\"Blog Grid\\\",\\\"css_class\\\":null,\\\"target\\\":\\\"_self\\\",\\\"has_child\\\":0,\\\"icon_image\\\":\\\"\\\",\\\"metadata\\\":[]}},{\\\"menuItem\\\":{\\\"id\\\":23,\\\"menu_id\\\":1,\\\"parent_id\\\":21,\\\"reference_id\\\":13,\\\"reference_type\\\":\\\"Botble\\\\\\\\Page\\\\\\\\Models\\\\\\\\Page\\\",\\\"url\\\":\\\"\\/blog-list\\\",\\\"icon_font\\\":null,\\\"position\\\":0,\\\"title\\\":\\\"Blog List\\\",\\\"css_class\\\":null,\\\"target\\\":\\\"_self\\\",\\\"has_child\\\":0,\\\"icon_image\\\":\\\"\\\",\\\"metadata\\\":[]}},{\\\"menuItem\\\":{\\\"id\\\":24,\\\"menu_id\\\":1,\\\"parent_id\\\":21,\\\"reference_id\\\":14,\\\"reference_type\\\":\\\"Botble\\\\\\\\Page\\\\\\\\Models\\\\\\\\Page\\\",\\\"url\\\":\\\"\\/blog-big\\\",\\\"icon_font\\\":null,\\\"position\\\":0,\\\"title\\\":\\\"Blog Big\\\",\\\"css_class\\\":null,\\\"target\\\":\\\"_self\\\",\\\"has_child\\\":0,\\\"icon_image\\\":\\\"\\\",\\\"metadata\\\":[]}},{\\\"menuItem\\\":{\\\"id\\\":25,\\\"menu_id\\\":1,\\\"parent_id\\\":21,\\\"reference_id\\\":15,\\\"reference_type\\\":\\\"Botble\\\\\\\\Page\\\\\\\\Models\\\\\\\\Page\\\",\\\"url\\\":\\\"\\/blog-wide\\\",\\\"icon_font\\\":null,\\\"position\\\":0,\\\"title\\\":\\\"Blog Wide\\\",\\\"css_class\\\":null,\\\"target\\\":\\\"_self\\\",\\\"has_child\\\":0,\\\"icon_image\\\":\\\"\\\",\\\"metadata\\\":[]}},{\\\"menuItem\\\":{\\\"id\\\":26,\\\"menu_id\\\":1,\\\"parent_id\\\":21,\\\"reference_id\\\":null,\\\"reference_type\\\":null,\\\"url\\\":\\\"\\/blog\\/4-expert-tips-on-how-to-choose-the-right-mens-wallet\\\",\\\"icon_font\\\":null,\\\"position\\\":0,\\\"title\\\":\\\"Single Post\\\",\\\"css_class\\\":null,\\\"target\\\":\\\"_self\\\",\\\"has_child\\\":1,\\\"icon_image\\\":\\\"\\\",\\\"metadata\\\":[]},\\\"children\\\":[{\\\"menuItem\\\":{\\\"id\\\":27,\\\"menu_id\\\":1,\\\"parent_id\\\":26,\\\"reference_id\\\":null,\\\"reference_type\\\":null,\\\"url\\\":\\\"\\/blog\\/4-expert-tips-on-how-to-choose-the-right-mens-wallet\\\",\\\"icon_font\\\":null,\\\"position\\\":0,\\\"title\\\":\\\"Single Post Right Sidebar\\\",\\\"css_class\\\":null,\\\"target\\\":\\\"_self\\\",\\\"has_child\\\":0,\\\"icon_image\\\":\\\"\\\",\\\"metadata\\\":[]}},{\\\"menuItem\\\":{\\\"id\\\":28,\\\"menu_id\\\":1,\\\"parent_id\\\":26,\\\"reference_id\\\":null,\\\"reference_type\\\":null,\\\"url\\\":\\\"\\/blog\\/sexy-clutches-how-to-buy-amp-wear-a-designer-clutch-bag\\\",\\\"icon_font\\\":null,\\\"position\\\":0,\\\"title\\\":\\\"Single Post Left Sidebar\\\",\\\"css_class\\\":null,\\\"target\\\":\\\"_self\\\",\\\"has_child\\\":0,\\\"icon_image\\\":\\\"\\\",\\\"metadata\\\":[]}},{\\\"menuItem\\\":{\\\"id\\\":29,\\\"menu_id\\\":1,\\\"parent_id\\\":26,\\\"reference_id\\\":null,\\\"reference_type\\\":null,\\\"url\\\":\\\"\\/blog\\/the-top-2020-handbag-trends-to-know\\\",\\\"icon_font\\\":null,\\\"position\\\":0,\\\"title\\\":\\\"Single Post Full Width\\\",\\\"css_class\\\":null,\\\"target\\\":\\\"_self\\\",\\\"has_child\\\":0,\\\"icon_image\\\":\\\"\\\",\\\"metadata\\\":[]}},{\\\"menuItem\\\":{\\\"id\\\":30,\\\"menu_id\\\":1,\\\"parent_id\\\":26,\\\"reference_id\\\":null,\\\"reference_type\\\":null,\\\"url\\\":\\\"\\/blog\\/how-to-match-the-color-of-your-handbag-with-an-outfit\\\",\\\"icon_font\\\":null,\\\"position\\\":0,\\\"title\\\":\\\"Single Post with Product Listing\\\",\\\"css_class\\\":null,\\\"target\\\":\\\"_self\\\",\\\"has_child\\\":0,\\\"icon_image\\\":\\\"\\\",\\\"metadata\\\":[]}}]}]},{\\\"menuItem\\\":{\\\"id\\\":31,\\\"menu_id\\\":1,\\\"parent_id\\\":0,\\\"reference_id\\\":18,\\\"reference_type\\\":\\\"Botble\\\\\\\\Page\\\\\\\\Models\\\\\\\\Page\\\",\\\"url\\\":\\\"\\/faq\\\",\\\"icon_font\\\":null,\\\"position\\\":5,\\\"title\\\":\\\"FAQ\\\",\\\"css_class\\\":null,\\\"target\\\":\\\"_self\\\",\\\"has_child\\\":0,\\\"icon_image\\\":\\\"\\\",\\\"metadata\\\":[],\\\"children\\\":[]}},{\\\"menuItem\\\":{\\\"id\\\":32,\\\"menu_id\\\":1,\\\"parent_id\\\":0,\\\"reference_id\\\":6,\\\"reference_type\\\":\\\"Botble\\\\\\\\Page\\\\\\\\Models\\\\\\\\Page\\\",\\\"url\\\":\\\"\\/contact\\\",\\\"icon_font\\\":null,\\\"position\\\":6,\\\"title\\\":\\\"Contact\\\",\\\"css_class\\\":null,\\\"target\\\":\\\"_self\\\",\\\"has_child\\\":0,\\\"icon_image\\\":\\\"\\\",\\\"metadata\\\":[],\\\"children\\\":[]}}]\",\"menu_id\":\"1\",\"title\":\"Contact\",\"url\":\"\\/blog\\/how-to-match-the-color-of-your-handbag-with-an-outfit\",\"icon_font\":null,\"icon_image\":null,\"css_class\":null,\"target\":\"_self\",\"locations\":[\"main-menu\"],\"submit\":\"save\",\"language\":\"en_US\",\"ref_from\":null,\"status\":\"published\"}','updated','Mozilla/5.0 (Windows NT 10.0; Win64; x64) AppleWebKit/537.36 (KHTML, like Gecko) Chrome/114.0.0.0 Safari/537.36','::1',1,29,'Single Post Full Width','primary','2023-06-15 10:33:30','2023-06-15 10:33:30'),(29,1,'menu_node','{\"name\":\"Main menu\",\"deleted_nodes\":\"2 3 4 5 6 7 9 10 11 12 15 16 20 19 18\",\"menu_nodes\":\"[{\\\"menuItem\\\":{\\\"id\\\":1,\\\"menu_id\\\":1,\\\"parent_id\\\":0,\\\"reference_id\\\":null,\\\"reference_type\\\":null,\\\"url\\\":\\\"\\/\\\",\\\"icon_font\\\":\\\"fi-rs-home\\\",\\\"position\\\":0,\\\"title\\\":\\\"Home\\\",\\\"css_class\\\":null,\\\"target\\\":\\\"_self\\\",\\\"has_child\\\":1,\\\"icon_image\\\":\\\"\\\",\\\"metadata\\\":[],\\\"children\\\":[]},\\\"children\\\":[]},{\\\"menuItem\\\":{\\\"id\\\":8,\\\"menu_id\\\":1,\\\"parent_id\\\":0,\\\"reference_id\\\":null,\\\"reference_type\\\":null,\\\"url\\\":\\\"\\/products\\\",\\\"icon_font\\\":null,\\\"position\\\":1,\\\"title\\\":\\\"Shop\\\",\\\"css_class\\\":null,\\\"target\\\":\\\"_self\\\",\\\"has_child\\\":1,\\\"icon_image\\\":\\\"\\\",\\\"metadata\\\":[],\\\"children\\\":[]},\\\"children\\\":[]},{\\\"menuItem\\\":{\\\"id\\\":13,\\\"menu_id\\\":1,\\\"parent_id\\\":0,\\\"reference_id\\\":null,\\\"reference_type\\\":null,\\\"url\\\":\\\"\\/stores\\\",\\\"icon_font\\\":null,\\\"position\\\":2,\\\"title\\\":\\\"Stores\\\",\\\"css_class\\\":null,\\\"target\\\":\\\"_self\\\",\\\"has_child\\\":1,\\\"icon_image\\\":\\\"\\\",\\\"metadata\\\":[],\\\"children\\\":[]},\\\"children\\\":[{\\\"menuItem\\\":{\\\"id\\\":14,\\\"menu_id\\\":1,\\\"parent_id\\\":13,\\\"reference_id\\\":null,\\\"reference_type\\\":null,\\\"url\\\":\\\"\\/stores\\\",\\\"icon_font\\\":null,\\\"position\\\":0,\\\"title\\\":\\\"Stores - Grid\\\",\\\"css_class\\\":null,\\\"target\\\":\\\"_self\\\",\\\"has_child\\\":0,\\\"icon_image\\\":\\\"\\\",\\\"metadata\\\":[]}}]},{\\\"menuItem\\\":{\\\"id\\\":17,\\\"menu_id\\\":1,\\\"parent_id\\\":0,\\\"reference_id\\\":null,\\\"reference_type\\\":null,\\\"url\\\":\\\"\\/products\\/seeds-of-change-organic-quinoe\\\",\\\"icon_font\\\":null,\\\"position\\\":3,\\\"title\\\":\\\"Product\\\",\\\"css_class\\\":null,\\\"target\\\":\\\"_self\\\",\\\"has_child\\\":1,\\\"icon_image\\\":\\\"\\\",\\\"metadata\\\":[],\\\"children\\\":[]},\\\"children\\\":[]},{\\\"menuItem\\\":{\\\"id\\\":21,\\\"menu_id\\\":1,\\\"parent_id\\\":0,\\\"reference_id\\\":5,\\\"reference_type\\\":\\\"Botble\\\\\\\\Page\\\\\\\\Models\\\\\\\\Page\\\",\\\"url\\\":\\\"\\/blog\\\",\\\"icon_font\\\":null,\\\"position\\\":4,\\\"title\\\":\\\"Blog\\\",\\\"css_class\\\":null,\\\"target\\\":\\\"_self\\\",\\\"has_child\\\":1,\\\"icon_image\\\":\\\"\\\",\\\"metadata\\\":[],\\\"children\\\":[]},\\\"children\\\":[{\\\"menuItem\\\":{\\\"id\\\":22,\\\"menu_id\\\":1,\\\"parent_id\\\":21,\\\"reference_id\\\":5,\\\"reference_type\\\":\\\"Botble\\\\\\\\Page\\\\\\\\Models\\\\\\\\Page\\\",\\\"url\\\":\\\"\\/blog\\\",\\\"icon_font\\\":null,\\\"position\\\":0,\\\"title\\\":\\\"Blog Grid\\\",\\\"css_class\\\":null,\\\"target\\\":\\\"_self\\\",\\\"has_child\\\":0,\\\"icon_image\\\":\\\"\\\",\\\"metadata\\\":[]}},{\\\"menuItem\\\":{\\\"id\\\":23,\\\"menu_id\\\":1,\\\"parent_id\\\":21,\\\"reference_id\\\":13,\\\"reference_type\\\":\\\"Botble\\\\\\\\Page\\\\\\\\Models\\\\\\\\Page\\\",\\\"url\\\":\\\"\\/blog-list\\\",\\\"icon_font\\\":null,\\\"position\\\":0,\\\"title\\\":\\\"Blog List\\\",\\\"css_class\\\":null,\\\"target\\\":\\\"_self\\\",\\\"has_child\\\":0,\\\"icon_image\\\":\\\"\\\",\\\"metadata\\\":[]}},{\\\"menuItem\\\":{\\\"id\\\":24,\\\"menu_id\\\":1,\\\"parent_id\\\":21,\\\"reference_id\\\":14,\\\"reference_type\\\":\\\"Botble\\\\\\\\Page\\\\\\\\Models\\\\\\\\Page\\\",\\\"url\\\":\\\"\\/blog-big\\\",\\\"icon_font\\\":null,\\\"position\\\":0,\\\"title\\\":\\\"Blog Big\\\",\\\"css_class\\\":null,\\\"target\\\":\\\"_self\\\",\\\"has_child\\\":0,\\\"icon_image\\\":\\\"\\\",\\\"metadata\\\":[]}},{\\\"menuItem\\\":{\\\"id\\\":25,\\\"menu_id\\\":1,\\\"parent_id\\\":21,\\\"reference_id\\\":15,\\\"reference_type\\\":\\\"Botble\\\\\\\\Page\\\\\\\\Models\\\\\\\\Page\\\",\\\"url\\\":\\\"\\/blog-wide\\\",\\\"icon_font\\\":null,\\\"position\\\":0,\\\"title\\\":\\\"Blog Wide\\\",\\\"css_class\\\":null,\\\"target\\\":\\\"_self\\\",\\\"has_child\\\":0,\\\"icon_image\\\":\\\"\\\",\\\"metadata\\\":[]}},{\\\"menuItem\\\":{\\\"id\\\":26,\\\"menu_id\\\":1,\\\"parent_id\\\":21,\\\"reference_id\\\":null,\\\"reference_type\\\":null,\\\"url\\\":\\\"\\/blog\\/4-expert-tips-on-how-to-choose-the-right-mens-wallet\\\",\\\"icon_font\\\":null,\\\"position\\\":0,\\\"title\\\":\\\"Single Post\\\",\\\"css_class\\\":null,\\\"target\\\":\\\"_self\\\",\\\"has_child\\\":1,\\\"icon_image\\\":\\\"\\\",\\\"metadata\\\":[]},\\\"children\\\":[{\\\"menuItem\\\":{\\\"id\\\":27,\\\"menu_id\\\":1,\\\"parent_id\\\":26,\\\"reference_id\\\":null,\\\"reference_type\\\":null,\\\"url\\\":\\\"\\/blog\\/4-expert-tips-on-how-to-choose-the-right-mens-wallet\\\",\\\"icon_font\\\":null,\\\"position\\\":0,\\\"title\\\":\\\"Single Post Right Sidebar\\\",\\\"css_class\\\":null,\\\"target\\\":\\\"_self\\\",\\\"has_child\\\":0,\\\"icon_image\\\":\\\"\\\",\\\"metadata\\\":[]}},{\\\"menuItem\\\":{\\\"id\\\":28,\\\"menu_id\\\":1,\\\"parent_id\\\":26,\\\"reference_id\\\":null,\\\"reference_type\\\":null,\\\"url\\\":\\\"\\/blog\\/sexy-clutches-how-to-buy-amp-wear-a-designer-clutch-bag\\\",\\\"icon_font\\\":null,\\\"position\\\":0,\\\"title\\\":\\\"Single Post Left Sidebar\\\",\\\"css_class\\\":null,\\\"target\\\":\\\"_self\\\",\\\"has_child\\\":0,\\\"icon_image\\\":\\\"\\\",\\\"metadata\\\":[]}},{\\\"menuItem\\\":{\\\"id\\\":29,\\\"menu_id\\\":1,\\\"parent_id\\\":26,\\\"reference_id\\\":null,\\\"reference_type\\\":null,\\\"url\\\":\\\"\\/blog\\/the-top-2020-handbag-trends-to-know\\\",\\\"icon_font\\\":null,\\\"position\\\":0,\\\"title\\\":\\\"Single Post Full Width\\\",\\\"css_class\\\":null,\\\"target\\\":\\\"_self\\\",\\\"has_child\\\":0,\\\"icon_image\\\":\\\"\\\",\\\"metadata\\\":[]}},{\\\"menuItem\\\":{\\\"id\\\":30,\\\"menu_id\\\":1,\\\"parent_id\\\":26,\\\"reference_id\\\":null,\\\"reference_type\\\":null,\\\"url\\\":\\\"\\/blog\\/how-to-match-the-color-of-your-handbag-with-an-outfit\\\",\\\"icon_font\\\":null,\\\"position\\\":0,\\\"title\\\":\\\"Single Post with Product Listing\\\",\\\"css_class\\\":null,\\\"target\\\":\\\"_self\\\",\\\"has_child\\\":0,\\\"icon_image\\\":\\\"\\\",\\\"metadata\\\":[]}}]}]},{\\\"menuItem\\\":{\\\"id\\\":31,\\\"menu_id\\\":1,\\\"parent_id\\\":0,\\\"reference_id\\\":18,\\\"reference_type\\\":\\\"Botble\\\\\\\\Page\\\\\\\\Models\\\\\\\\Page\\\",\\\"url\\\":\\\"\\/faq\\\",\\\"icon_font\\\":null,\\\"position\\\":5,\\\"title\\\":\\\"FAQ\\\",\\\"css_class\\\":null,\\\"target\\\":\\\"_self\\\",\\\"has_child\\\":0,\\\"icon_image\\\":\\\"\\\",\\\"metadata\\\":[],\\\"children\\\":[]}},{\\\"menuItem\\\":{\\\"id\\\":32,\\\"menu_id\\\":1,\\\"parent_id\\\":0,\\\"reference_id\\\":6,\\\"reference_type\\\":\\\"Botble\\\\\\\\Page\\\\\\\\Models\\\\\\\\Page\\\",\\\"url\\\":\\\"\\/contact\\\",\\\"icon_font\\\":null,\\\"position\\\":6,\\\"title\\\":\\\"Contact\\\",\\\"css_class\\\":null,\\\"target\\\":\\\"_self\\\",\\\"has_child\\\":0,\\\"icon_image\\\":\\\"\\\",\\\"metadata\\\":[],\\\"children\\\":[]}}]\",\"menu_id\":\"1\",\"title\":\"Contact\",\"url\":\"\\/blog\\/how-to-match-the-color-of-your-handbag-with-an-outfit\",\"icon_font\":null,\"icon_image\":null,\"css_class\":null,\"target\":\"_self\",\"locations\":[\"main-menu\"],\"submit\":\"save\",\"language\":\"en_US\",\"ref_from\":null,\"status\":\"published\"}','updated','Mozilla/5.0 (Windows NT 10.0; Win64; x64) AppleWebKit/537.36 (KHTML, like Gecko) Chrome/114.0.0.0 Safari/537.36','::1',1,30,'Single Post with Product Listing','primary','2023-06-15 10:33:30','2023-06-15 10:33:30'),(30,1,'menu_node','{\"name\":\"Main menu\",\"deleted_nodes\":\"2 3 4 5 6 7 9 10 11 12 15 16 20 19 18\",\"menu_nodes\":\"[{\\\"menuItem\\\":{\\\"id\\\":1,\\\"menu_id\\\":1,\\\"parent_id\\\":0,\\\"reference_id\\\":null,\\\"reference_type\\\":null,\\\"url\\\":\\\"\\/\\\",\\\"icon_font\\\":\\\"fi-rs-home\\\",\\\"position\\\":0,\\\"title\\\":\\\"Home\\\",\\\"css_class\\\":null,\\\"target\\\":\\\"_self\\\",\\\"has_child\\\":1,\\\"icon_image\\\":\\\"\\\",\\\"metadata\\\":[],\\\"children\\\":[]},\\\"children\\\":[]},{\\\"menuItem\\\":{\\\"id\\\":8,\\\"menu_id\\\":1,\\\"parent_id\\\":0,\\\"reference_id\\\":null,\\\"reference_type\\\":null,\\\"url\\\":\\\"\\/products\\\",\\\"icon_font\\\":null,\\\"position\\\":1,\\\"title\\\":\\\"Shop\\\",\\\"css_class\\\":null,\\\"target\\\":\\\"_self\\\",\\\"has_child\\\":1,\\\"icon_image\\\":\\\"\\\",\\\"metadata\\\":[],\\\"children\\\":[]},\\\"children\\\":[]},{\\\"menuItem\\\":{\\\"id\\\":13,\\\"menu_id\\\":1,\\\"parent_id\\\":0,\\\"reference_id\\\":null,\\\"reference_type\\\":null,\\\"url\\\":\\\"\\/stores\\\",\\\"icon_font\\\":null,\\\"position\\\":2,\\\"title\\\":\\\"Stores\\\",\\\"css_class\\\":null,\\\"target\\\":\\\"_self\\\",\\\"has_child\\\":1,\\\"icon_image\\\":\\\"\\\",\\\"metadata\\\":[],\\\"children\\\":[]},\\\"children\\\":[{\\\"menuItem\\\":{\\\"id\\\":14,\\\"menu_id\\\":1,\\\"parent_id\\\":13,\\\"reference_id\\\":null,\\\"reference_type\\\":null,\\\"url\\\":\\\"\\/stores\\\",\\\"icon_font\\\":null,\\\"position\\\":0,\\\"title\\\":\\\"Stores - Grid\\\",\\\"css_class\\\":null,\\\"target\\\":\\\"_self\\\",\\\"has_child\\\":0,\\\"icon_image\\\":\\\"\\\",\\\"metadata\\\":[]}}]},{\\\"menuItem\\\":{\\\"id\\\":17,\\\"menu_id\\\":1,\\\"parent_id\\\":0,\\\"reference_id\\\":null,\\\"reference_type\\\":null,\\\"url\\\":\\\"\\/products\\/seeds-of-change-organic-quinoe\\\",\\\"icon_font\\\":null,\\\"position\\\":3,\\\"title\\\":\\\"Product\\\",\\\"css_class\\\":null,\\\"target\\\":\\\"_self\\\",\\\"has_child\\\":1,\\\"icon_image\\\":\\\"\\\",\\\"metadata\\\":[],\\\"children\\\":[]},\\\"children\\\":[]},{\\\"menuItem\\\":{\\\"id\\\":21,\\\"menu_id\\\":1,\\\"parent_id\\\":0,\\\"reference_id\\\":5,\\\"reference_type\\\":\\\"Botble\\\\\\\\Page\\\\\\\\Models\\\\\\\\Page\\\",\\\"url\\\":\\\"\\/blog\\\",\\\"icon_font\\\":null,\\\"position\\\":4,\\\"title\\\":\\\"Blog\\\",\\\"css_class\\\":null,\\\"target\\\":\\\"_self\\\",\\\"has_child\\\":1,\\\"icon_image\\\":\\\"\\\",\\\"metadata\\\":[],\\\"children\\\":[]},\\\"children\\\":[{\\\"menuItem\\\":{\\\"id\\\":22,\\\"menu_id\\\":1,\\\"parent_id\\\":21,\\\"reference_id\\\":5,\\\"reference_type\\\":\\\"Botble\\\\\\\\Page\\\\\\\\Models\\\\\\\\Page\\\",\\\"url\\\":\\\"\\/blog\\\",\\\"icon_font\\\":null,\\\"position\\\":0,\\\"title\\\":\\\"Blog Grid\\\",\\\"css_class\\\":null,\\\"target\\\":\\\"_self\\\",\\\"has_child\\\":0,\\\"icon_image\\\":\\\"\\\",\\\"metadata\\\":[]}},{\\\"menuItem\\\":{\\\"id\\\":23,\\\"menu_id\\\":1,\\\"parent_id\\\":21,\\\"reference_id\\\":13,\\\"reference_type\\\":\\\"Botble\\\\\\\\Page\\\\\\\\Models\\\\\\\\Page\\\",\\\"url\\\":\\\"\\/blog-list\\\",\\\"icon_font\\\":null,\\\"position\\\":0,\\\"title\\\":\\\"Blog List\\\",\\\"css_class\\\":null,\\\"target\\\":\\\"_self\\\",\\\"has_child\\\":0,\\\"icon_image\\\":\\\"\\\",\\\"metadata\\\":[]}},{\\\"menuItem\\\":{\\\"id\\\":24,\\\"menu_id\\\":1,\\\"parent_id\\\":21,\\\"reference_id\\\":14,\\\"reference_type\\\":\\\"Botble\\\\\\\\Page\\\\\\\\Models\\\\\\\\Page\\\",\\\"url\\\":\\\"\\/blog-big\\\",\\\"icon_font\\\":null,\\\"position\\\":0,\\\"title\\\":\\\"Blog Big\\\",\\\"css_class\\\":null,\\\"target\\\":\\\"_self\\\",\\\"has_child\\\":0,\\\"icon_image\\\":\\\"\\\",\\\"metadata\\\":[]}},{\\\"menuItem\\\":{\\\"id\\\":25,\\\"menu_id\\\":1,\\\"parent_id\\\":21,\\\"reference_id\\\":15,\\\"reference_type\\\":\\\"Botble\\\\\\\\Page\\\\\\\\Models\\\\\\\\Page\\\",\\\"url\\\":\\\"\\/blog-wide\\\",\\\"icon_font\\\":null,\\\"position\\\":0,\\\"title\\\":\\\"Blog Wide\\\",\\\"css_class\\\":null,\\\"target\\\":\\\"_self\\\",\\\"has_child\\\":0,\\\"icon_image\\\":\\\"\\\",\\\"metadata\\\":[]}},{\\\"menuItem\\\":{\\\"id\\\":26,\\\"menu_id\\\":1,\\\"parent_id\\\":21,\\\"reference_id\\\":null,\\\"reference_type\\\":null,\\\"url\\\":\\\"\\/blog\\/4-expert-tips-on-how-to-choose-the-right-mens-wallet\\\",\\\"icon_font\\\":null,\\\"position\\\":0,\\\"title\\\":\\\"Single Post\\\",\\\"css_class\\\":null,\\\"target\\\":\\\"_self\\\",\\\"has_child\\\":1,\\\"icon_image\\\":\\\"\\\",\\\"metadata\\\":[]},\\\"children\\\":[{\\\"menuItem\\\":{\\\"id\\\":27,\\\"menu_id\\\":1,\\\"parent_id\\\":26,\\\"reference_id\\\":null,\\\"reference_type\\\":null,\\\"url\\\":\\\"\\/blog\\/4-expert-tips-on-how-to-choose-the-right-mens-wallet\\\",\\\"icon_font\\\":null,\\\"position\\\":0,\\\"title\\\":\\\"Single Post Right Sidebar\\\",\\\"css_class\\\":null,\\\"target\\\":\\\"_self\\\",\\\"has_child\\\":0,\\\"icon_image\\\":\\\"\\\",\\\"metadata\\\":[]}},{\\\"menuItem\\\":{\\\"id\\\":28,\\\"menu_id\\\":1,\\\"parent_id\\\":26,\\\"reference_id\\\":null,\\\"reference_type\\\":null,\\\"url\\\":\\\"\\/blog\\/sexy-clutches-how-to-buy-amp-wear-a-designer-clutch-bag\\\",\\\"icon_font\\\":null,\\\"position\\\":0,\\\"title\\\":\\\"Single Post Left Sidebar\\\",\\\"css_class\\\":null,\\\"target\\\":\\\"_self\\\",\\\"has_child\\\":0,\\\"icon_image\\\":\\\"\\\",\\\"metadata\\\":[]}},{\\\"menuItem\\\":{\\\"id\\\":29,\\\"menu_id\\\":1,\\\"parent_id\\\":26,\\\"reference_id\\\":null,\\\"reference_type\\\":null,\\\"url\\\":\\\"\\/blog\\/the-top-2020-handbag-trends-to-know\\\",\\\"icon_font\\\":null,\\\"position\\\":0,\\\"title\\\":\\\"Single Post Full Width\\\",\\\"css_class\\\":null,\\\"target\\\":\\\"_self\\\",\\\"has_child\\\":0,\\\"icon_image\\\":\\\"\\\",\\\"metadata\\\":[]}},{\\\"menuItem\\\":{\\\"id\\\":30,\\\"menu_id\\\":1,\\\"parent_id\\\":26,\\\"reference_id\\\":null,\\\"reference_type\\\":null,\\\"url\\\":\\\"\\/blog\\/how-to-match-the-color-of-your-handbag-with-an-outfit\\\",\\\"icon_font\\\":null,\\\"position\\\":0,\\\"title\\\":\\\"Single Post with Product Listing\\\",\\\"css_class\\\":null,\\\"target\\\":\\\"_self\\\",\\\"has_child\\\":0,\\\"icon_image\\\":\\\"\\\",\\\"metadata\\\":[]}}]}]},{\\\"menuItem\\\":{\\\"id\\\":31,\\\"menu_id\\\":1,\\\"parent_id\\\":0,\\\"reference_id\\\":18,\\\"reference_type\\\":\\\"Botble\\\\\\\\Page\\\\\\\\Models\\\\\\\\Page\\\",\\\"url\\\":\\\"\\/faq\\\",\\\"icon_font\\\":null,\\\"position\\\":5,\\\"title\\\":\\\"FAQ\\\",\\\"css_class\\\":null,\\\"target\\\":\\\"_self\\\",\\\"has_child\\\":0,\\\"icon_image\\\":\\\"\\\",\\\"metadata\\\":[],\\\"children\\\":[]}},{\\\"menuItem\\\":{\\\"id\\\":32,\\\"menu_id\\\":1,\\\"parent_id\\\":0,\\\"reference_id\\\":6,\\\"reference_type\\\":\\\"Botble\\\\\\\\Page\\\\\\\\Models\\\\\\\\Page\\\",\\\"url\\\":\\\"\\/contact\\\",\\\"icon_font\\\":null,\\\"position\\\":6,\\\"title\\\":\\\"Contact\\\",\\\"css_class\\\":null,\\\"target\\\":\\\"_self\\\",\\\"has_child\\\":0,\\\"icon_image\\\":\\\"\\\",\\\"metadata\\\":[],\\\"children\\\":[]}}]\",\"menu_id\":\"1\",\"title\":\"Contact\",\"url\":\"\\/blog\\/how-to-match-the-color-of-your-handbag-with-an-outfit\",\"icon_font\":null,\"icon_image\":null,\"css_class\":null,\"target\":\"_self\",\"locations\":[\"main-menu\"],\"submit\":\"save\",\"language\":\"en_US\",\"ref_from\":null,\"status\":\"published\"}','updated','Mozilla/5.0 (Windows NT 10.0; Win64; x64) AppleWebKit/537.36 (KHTML, like Gecko) Chrome/114.0.0.0 Safari/537.36','::1',1,31,'FAQ','primary','2023-06-15 10:33:30','2023-06-15 10:33:30'),(31,1,'menu_node','{\"name\":\"Main menu\",\"deleted_nodes\":\"2 3 4 5 6 7 9 10 11 12 15 16 20 19 18\",\"menu_nodes\":\"[{\\\"menuItem\\\":{\\\"id\\\":1,\\\"menu_id\\\":1,\\\"parent_id\\\":0,\\\"reference_id\\\":null,\\\"reference_type\\\":null,\\\"url\\\":\\\"\\/\\\",\\\"icon_font\\\":\\\"fi-rs-home\\\",\\\"position\\\":0,\\\"title\\\":\\\"Home\\\",\\\"css_class\\\":null,\\\"target\\\":\\\"_self\\\",\\\"has_child\\\":1,\\\"icon_image\\\":\\\"\\\",\\\"metadata\\\":[],\\\"children\\\":[]},\\\"children\\\":[]},{\\\"menuItem\\\":{\\\"id\\\":8,\\\"menu_id\\\":1,\\\"parent_id\\\":0,\\\"reference_id\\\":null,\\\"reference_type\\\":null,\\\"url\\\":\\\"\\/products\\\",\\\"icon_font\\\":null,\\\"position\\\":1,\\\"title\\\":\\\"Shop\\\",\\\"css_class\\\":null,\\\"target\\\":\\\"_self\\\",\\\"has_child\\\":1,\\\"icon_image\\\":\\\"\\\",\\\"metadata\\\":[],\\\"children\\\":[]},\\\"children\\\":[]},{\\\"menuItem\\\":{\\\"id\\\":13,\\\"menu_id\\\":1,\\\"parent_id\\\":0,\\\"reference_id\\\":null,\\\"reference_type\\\":null,\\\"url\\\":\\\"\\/stores\\\",\\\"icon_font\\\":null,\\\"position\\\":2,\\\"title\\\":\\\"Stores\\\",\\\"css_class\\\":null,\\\"target\\\":\\\"_self\\\",\\\"has_child\\\":1,\\\"icon_image\\\":\\\"\\\",\\\"metadata\\\":[],\\\"children\\\":[]},\\\"children\\\":[{\\\"menuItem\\\":{\\\"id\\\":14,\\\"menu_id\\\":1,\\\"parent_id\\\":13,\\\"reference_id\\\":null,\\\"reference_type\\\":null,\\\"url\\\":\\\"\\/stores\\\",\\\"icon_font\\\":null,\\\"position\\\":0,\\\"title\\\":\\\"Stores - Grid\\\",\\\"css_class\\\":null,\\\"target\\\":\\\"_self\\\",\\\"has_child\\\":0,\\\"icon_image\\\":\\\"\\\",\\\"metadata\\\":[]}}]},{\\\"menuItem\\\":{\\\"id\\\":17,\\\"menu_id\\\":1,\\\"parent_id\\\":0,\\\"reference_id\\\":null,\\\"reference_type\\\":null,\\\"url\\\":\\\"\\/products\\/seeds-of-change-organic-quinoe\\\",\\\"icon_font\\\":null,\\\"position\\\":3,\\\"title\\\":\\\"Product\\\",\\\"css_class\\\":null,\\\"target\\\":\\\"_self\\\",\\\"has_child\\\":1,\\\"icon_image\\\":\\\"\\\",\\\"metadata\\\":[],\\\"children\\\":[]},\\\"children\\\":[]},{\\\"menuItem\\\":{\\\"id\\\":21,\\\"menu_id\\\":1,\\\"parent_id\\\":0,\\\"reference_id\\\":5,\\\"reference_type\\\":\\\"Botble\\\\\\\\Page\\\\\\\\Models\\\\\\\\Page\\\",\\\"url\\\":\\\"\\/blog\\\",\\\"icon_font\\\":null,\\\"position\\\":4,\\\"title\\\":\\\"Blog\\\",\\\"css_class\\\":null,\\\"target\\\":\\\"_self\\\",\\\"has_child\\\":1,\\\"icon_image\\\":\\\"\\\",\\\"metadata\\\":[],\\\"children\\\":[]},\\\"children\\\":[{\\\"menuItem\\\":{\\\"id\\\":22,\\\"menu_id\\\":1,\\\"parent_id\\\":21,\\\"reference_id\\\":5,\\\"reference_type\\\":\\\"Botble\\\\\\\\Page\\\\\\\\Models\\\\\\\\Page\\\",\\\"url\\\":\\\"\\/blog\\\",\\\"icon_font\\\":null,\\\"position\\\":0,\\\"title\\\":\\\"Blog Grid\\\",\\\"css_class\\\":null,\\\"target\\\":\\\"_self\\\",\\\"has_child\\\":0,\\\"icon_image\\\":\\\"\\\",\\\"metadata\\\":[]}},{\\\"menuItem\\\":{\\\"id\\\":23,\\\"menu_id\\\":1,\\\"parent_id\\\":21,\\\"reference_id\\\":13,\\\"reference_type\\\":\\\"Botble\\\\\\\\Page\\\\\\\\Models\\\\\\\\Page\\\",\\\"url\\\":\\\"\\/blog-list\\\",\\\"icon_font\\\":null,\\\"position\\\":0,\\\"title\\\":\\\"Blog List\\\",\\\"css_class\\\":null,\\\"target\\\":\\\"_self\\\",\\\"has_child\\\":0,\\\"icon_image\\\":\\\"\\\",\\\"metadata\\\":[]}},{\\\"menuItem\\\":{\\\"id\\\":24,\\\"menu_id\\\":1,\\\"parent_id\\\":21,\\\"reference_id\\\":14,\\\"reference_type\\\":\\\"Botble\\\\\\\\Page\\\\\\\\Models\\\\\\\\Page\\\",\\\"url\\\":\\\"\\/blog-big\\\",\\\"icon_font\\\":null,\\\"position\\\":0,\\\"title\\\":\\\"Blog Big\\\",\\\"css_class\\\":null,\\\"target\\\":\\\"_self\\\",\\\"has_child\\\":0,\\\"icon_image\\\":\\\"\\\",\\\"metadata\\\":[]}},{\\\"menuItem\\\":{\\\"id\\\":25,\\\"menu_id\\\":1,\\\"parent_id\\\":21,\\\"reference_id\\\":15,\\\"reference_type\\\":\\\"Botble\\\\\\\\Page\\\\\\\\Models\\\\\\\\Page\\\",\\\"url\\\":\\\"\\/blog-wide\\\",\\\"icon_font\\\":null,\\\"position\\\":0,\\\"title\\\":\\\"Blog Wide\\\",\\\"css_class\\\":null,\\\"target\\\":\\\"_self\\\",\\\"has_child\\\":0,\\\"icon_image\\\":\\\"\\\",\\\"metadata\\\":[]}},{\\\"menuItem\\\":{\\\"id\\\":26,\\\"menu_id\\\":1,\\\"parent_id\\\":21,\\\"reference_id\\\":null,\\\"reference_type\\\":null,\\\"url\\\":\\\"\\/blog\\/4-expert-tips-on-how-to-choose-the-right-mens-wallet\\\",\\\"icon_font\\\":null,\\\"position\\\":0,\\\"title\\\":\\\"Single Post\\\",\\\"css_class\\\":null,\\\"target\\\":\\\"_self\\\",\\\"has_child\\\":1,\\\"icon_image\\\":\\\"\\\",\\\"metadata\\\":[]},\\\"children\\\":[{\\\"menuItem\\\":{\\\"id\\\":27,\\\"menu_id\\\":1,\\\"parent_id\\\":26,\\\"reference_id\\\":null,\\\"reference_type\\\":null,\\\"url\\\":\\\"\\/blog\\/4-expert-tips-on-how-to-choose-the-right-mens-wallet\\\",\\\"icon_font\\\":null,\\\"position\\\":0,\\\"title\\\":\\\"Single Post Right Sidebar\\\",\\\"css_class\\\":null,\\\"target\\\":\\\"_self\\\",\\\"has_child\\\":0,\\\"icon_image\\\":\\\"\\\",\\\"metadata\\\":[]}},{\\\"menuItem\\\":{\\\"id\\\":28,\\\"menu_id\\\":1,\\\"parent_id\\\":26,\\\"reference_id\\\":null,\\\"reference_type\\\":null,\\\"url\\\":\\\"\\/blog\\/sexy-clutches-how-to-buy-amp-wear-a-designer-clutch-bag\\\",\\\"icon_font\\\":null,\\\"position\\\":0,\\\"title\\\":\\\"Single Post Left Sidebar\\\",\\\"css_class\\\":null,\\\"target\\\":\\\"_self\\\",\\\"has_child\\\":0,\\\"icon_image\\\":\\\"\\\",\\\"metadata\\\":[]}},{\\\"menuItem\\\":{\\\"id\\\":29,\\\"menu_id\\\":1,\\\"parent_id\\\":26,\\\"reference_id\\\":null,\\\"reference_type\\\":null,\\\"url\\\":\\\"\\/blog\\/the-top-2020-handbag-trends-to-know\\\",\\\"icon_font\\\":null,\\\"position\\\":0,\\\"title\\\":\\\"Single Post Full Width\\\",\\\"css_class\\\":null,\\\"target\\\":\\\"_self\\\",\\\"has_child\\\":0,\\\"icon_image\\\":\\\"\\\",\\\"metadata\\\":[]}},{\\\"menuItem\\\":{\\\"id\\\":30,\\\"menu_id\\\":1,\\\"parent_id\\\":26,\\\"reference_id\\\":null,\\\"reference_type\\\":null,\\\"url\\\":\\\"\\/blog\\/how-to-match-the-color-of-your-handbag-with-an-outfit\\\",\\\"icon_font\\\":null,\\\"position\\\":0,\\\"title\\\":\\\"Single Post with Product Listing\\\",\\\"css_class\\\":null,\\\"target\\\":\\\"_self\\\",\\\"has_child\\\":0,\\\"icon_image\\\":\\\"\\\",\\\"metadata\\\":[]}}]}]},{\\\"menuItem\\\":{\\\"id\\\":31,\\\"menu_id\\\":1,\\\"parent_id\\\":0,\\\"reference_id\\\":18,\\\"reference_type\\\":\\\"Botble\\\\\\\\Page\\\\\\\\Models\\\\\\\\Page\\\",\\\"url\\\":\\\"\\/faq\\\",\\\"icon_font\\\":null,\\\"position\\\":5,\\\"title\\\":\\\"FAQ\\\",\\\"css_class\\\":null,\\\"target\\\":\\\"_self\\\",\\\"has_child\\\":0,\\\"icon_image\\\":\\\"\\\",\\\"metadata\\\":[],\\\"children\\\":[]}},{\\\"menuItem\\\":{\\\"id\\\":32,\\\"menu_id\\\":1,\\\"parent_id\\\":0,\\\"reference_id\\\":6,\\\"reference_type\\\":\\\"Botble\\\\\\\\Page\\\\\\\\Models\\\\\\\\Page\\\",\\\"url\\\":\\\"\\/contact\\\",\\\"icon_font\\\":null,\\\"position\\\":6,\\\"title\\\":\\\"Contact\\\",\\\"css_class\\\":null,\\\"target\\\":\\\"_self\\\",\\\"has_child\\\":0,\\\"icon_image\\\":\\\"\\\",\\\"metadata\\\":[],\\\"children\\\":[]}}]\",\"menu_id\":\"1\",\"title\":\"Contact\",\"url\":\"\\/blog\\/how-to-match-the-color-of-your-handbag-with-an-outfit\",\"icon_font\":null,\"icon_image\":null,\"css_class\":null,\"target\":\"_self\",\"locations\":[\"main-menu\"],\"submit\":\"save\",\"language\":\"en_US\",\"ref_from\":null,\"status\":\"published\"}','updated','Mozilla/5.0 (Windows NT 10.0; Win64; x64) AppleWebKit/537.36 (KHTML, like Gecko) Chrome/114.0.0.0 Safari/537.36','::1',1,32,'Contact','primary','2023-06-15 10:33:30','2023-06-15 10:33:30'),(32,1,'menu_node','{\"ref_from\":\"3\",\"ref_lang\":\"en_US\",\"data\":{\"reference_type\":\"Botble\\\\Ecommerce\\\\Models\\\\ProductCategory\",\"reference_id\":\"4\",\"title\":\"Baking material\",\"menu_id\":\"3\",\"position\":\"1\"}}','created','Mozilla/5.0 (Windows NT 10.0; Win64; x64) AppleWebKit/537.36 (KHTML, like Gecko) Chrome/114.0.0.0 Safari/537.36','::1',1,97,'Baking material','info','2023-06-15 10:35:05','2023-06-15 10:35:05'),(33,1,'menu_node','{\"ref_from\":\"3\",\"ref_lang\":\"en_US\",\"data\":{\"reference_type\":\"Botble\\\\Ecommerce\\\\Models\\\\ProductCategory\",\"reference_id\":\"10\",\"title\":\"Bread and Juice\",\"menu_id\":\"3\",\"position\":\"3\"}}','created','Mozilla/5.0 (Windows NT 10.0; Win64; x64) AppleWebKit/537.36 (KHTML, like Gecko) Chrome/114.0.0.0 Safari/537.36','::1',1,98,'Bread and Juice','info','2023-06-15 10:35:05','2023-06-15 10:35:05'),(34,1,'menu_node','{\"ref_from\":\"3\",\"ref_lang\":\"en_US\",\"data\":{\"reference_type\":\"Botble\\\\Ecommerce\\\\Models\\\\ProductCategory\",\"reference_id\":\"11\",\"title\":\"Cake &amp; Milk\",\"menu_id\":\"3\",\"position\":\"5\"}}','created','Mozilla/5.0 (Windows NT 10.0; Win64; x64) AppleWebKit/537.36 (KHTML, like Gecko) Chrome/114.0.0.0 Safari/537.36','::1',1,99,'Cake & Milk','info','2023-06-15 10:35:05','2023-06-15 10:35:05'),(35,1,'menu_node','{\"ref_from\":\"3\",\"ref_lang\":\"en_US\",\"data\":{\"reference_type\":\"Botble\\\\Ecommerce\\\\Models\\\\ProductCategory\",\"reference_id\":\"2\",\"title\":\"Clothing &amp; beauty\",\"menu_id\":\"3\",\"position\":\"7\"}}','created','Mozilla/5.0 (Windows NT 10.0; Win64; x64) AppleWebKit/537.36 (KHTML, like Gecko) Chrome/114.0.0.0 Safari/537.36','::1',1,100,'Clothing & beauty','info','2023-06-15 10:35:06','2023-06-15 10:35:06'),(36,1,'menu_node','{\"ref_from\":\"3\",\"ref_lang\":\"en_US\",\"data\":{\"reference_type\":\"Botble\\\\Ecommerce\\\\Models\\\\ProductCategory\",\"reference_id\":\"12\",\"title\":\"Coffee &amp; Teas\",\"menu_id\":\"3\",\"position\":\"9\"}}','created','Mozilla/5.0 (Windows NT 10.0; Win64; x64) AppleWebKit/537.36 (KHTML, like Gecko) Chrome/114.0.0.0 Safari/537.36','::1',1,101,'Coffee & Teas','info','2023-06-15 10:35:06','2023-06-15 10:35:06'),(37,1,'menu_node','{\"ref_from\":\"3\",\"ref_lang\":\"en_US\",\"data\":{\"reference_type\":\"Botble\\\\Ecommerce\\\\Models\\\\ProductCategory\",\"reference_id\":\"14\",\"title\":\"Diet Foods\",\"menu_id\":\"3\",\"position\":\"11\"}}','created','Mozilla/5.0 (Windows NT 10.0; Win64; x64) AppleWebKit/537.36 (KHTML, like Gecko) Chrome/114.0.0.0 Safari/537.36','::1',1,102,'Diet Foods','info','2023-06-15 10:35:06','2023-06-15 10:35:06'),(38,1,'menu','{\"name\":\"Product categories\",\"deleted_nodes\":\"35 36 37 38 39 40\",\"menu_nodes\":\"[{\\\"menuItem\\\":{\\\"reference_type\\\":\\\"Botble\\\\\\\\Ecommerce\\\\\\\\Models\\\\\\\\ProductCategory\\\",\\\"reference_id\\\":4,\\\"title\\\":\\\"Baking material\\\",\\\"menu_id\\\":\\\"3\\\",\\\"position\\\":0,\\\"url\\\":\\\"\\/product-categories\\/baking-material\\\",\\\"id\\\":97,\\\"icon_image\\\":\\\"\\\",\\\"metadata\\\":[],\\\"children\\\":[]}},{\\\"menuItem\\\":{\\\"reference_type\\\":\\\"Botble\\\\\\\\Ecommerce\\\\\\\\Models\\\\\\\\ProductCategory\\\",\\\"reference_id\\\":10,\\\"title\\\":\\\"Bread and Juice\\\",\\\"menu_id\\\":\\\"3\\\",\\\"position\\\":1,\\\"url\\\":\\\"\\/product-categories\\/bread-and-juice\\\",\\\"id\\\":98,\\\"icon_image\\\":\\\"\\\",\\\"metadata\\\":[],\\\"children\\\":[]}},{\\\"menuItem\\\":{\\\"reference_type\\\":\\\"Botble\\\\\\\\Ecommerce\\\\\\\\Models\\\\\\\\ProductCategory\\\",\\\"reference_id\\\":11,\\\"title\\\":\\\"Cake & Milk\\\",\\\"menu_id\\\":\\\"3\\\",\\\"position\\\":2,\\\"url\\\":\\\"\\/product-categories\\/cake-milk\\\",\\\"id\\\":99,\\\"icon_image\\\":\\\"\\\",\\\"metadata\\\":[],\\\"children\\\":[]}},{\\\"menuItem\\\":{\\\"reference_type\\\":\\\"Botble\\\\\\\\Ecommerce\\\\\\\\Models\\\\\\\\ProductCategory\\\",\\\"reference_id\\\":2,\\\"title\\\":\\\"Clothing & beauty\\\",\\\"menu_id\\\":\\\"3\\\",\\\"position\\\":3,\\\"url\\\":\\\"\\/product-categories\\/clothing-beauty\\\",\\\"id\\\":100,\\\"icon_image\\\":\\\"\\\",\\\"metadata\\\":[],\\\"children\\\":[]}},{\\\"menuItem\\\":{\\\"reference_type\\\":\\\"Botble\\\\\\\\Ecommerce\\\\\\\\Models\\\\\\\\ProductCategory\\\",\\\"reference_id\\\":12,\\\"title\\\":\\\"Coffee & Teas\\\",\\\"menu_id\\\":\\\"3\\\",\\\"position\\\":4,\\\"url\\\":\\\"\\/product-categories\\/coffee-teas\\\",\\\"id\\\":101,\\\"icon_image\\\":\\\"\\\",\\\"metadata\\\":[],\\\"children\\\":[]}},{\\\"menuItem\\\":{\\\"reference_type\\\":\\\"Botble\\\\\\\\Ecommerce\\\\\\\\Models\\\\\\\\ProductCategory\\\",\\\"reference_id\\\":14,\\\"title\\\":\\\"Diet Foods\\\",\\\"menu_id\\\":\\\"3\\\",\\\"position\\\":5,\\\"url\\\":\\\"\\/product-categories\\/diet-foods\\\",\\\"id\\\":102,\\\"icon_image\\\":\\\"\\\",\\\"metadata\\\":[],\\\"children\\\":[]}}]\",\"menu_id\":\"3\",\"title\":\"Diet Foods\",\"url\":\"\\/\",\"icon_font\":null,\"icon_image\":null,\"css_class\":null,\"target\":\"_self\",\"submit\":\"save\",\"language\":\"en_US\",\"ref_from\":null,\"status\":\"published\"}','updated','Mozilla/5.0 (Windows NT 10.0; Win64; x64) AppleWebKit/537.36 (KHTML, like Gecko) Chrome/114.0.0.0 Safari/537.36','::1',1,3,'Product categories','primary','2023-06-15 10:35:13','2023-06-15 10:35:13'),(39,1,'menu_node','{\"name\":\"Product categories\",\"deleted_nodes\":\"35 36 37 38 39 40\",\"menu_nodes\":\"[{\\\"menuItem\\\":{\\\"reference_type\\\":\\\"Botble\\\\\\\\Ecommerce\\\\\\\\Models\\\\\\\\ProductCategory\\\",\\\"reference_id\\\":4,\\\"title\\\":\\\"Baking material\\\",\\\"menu_id\\\":\\\"3\\\",\\\"position\\\":0,\\\"url\\\":\\\"\\/product-categories\\/baking-material\\\",\\\"id\\\":97,\\\"icon_image\\\":\\\"\\\",\\\"metadata\\\":[],\\\"children\\\":[]}},{\\\"menuItem\\\":{\\\"reference_type\\\":\\\"Botble\\\\\\\\Ecommerce\\\\\\\\Models\\\\\\\\ProductCategory\\\",\\\"reference_id\\\":10,\\\"title\\\":\\\"Bread and Juice\\\",\\\"menu_id\\\":\\\"3\\\",\\\"position\\\":1,\\\"url\\\":\\\"\\/product-categories\\/bread-and-juice\\\",\\\"id\\\":98,\\\"icon_image\\\":\\\"\\\",\\\"metadata\\\":[],\\\"children\\\":[]}},{\\\"menuItem\\\":{\\\"reference_type\\\":\\\"Botble\\\\\\\\Ecommerce\\\\\\\\Models\\\\\\\\ProductCategory\\\",\\\"reference_id\\\":11,\\\"title\\\":\\\"Cake & Milk\\\",\\\"menu_id\\\":\\\"3\\\",\\\"position\\\":2,\\\"url\\\":\\\"\\/product-categories\\/cake-milk\\\",\\\"id\\\":99,\\\"icon_image\\\":\\\"\\\",\\\"metadata\\\":[],\\\"children\\\":[]}},{\\\"menuItem\\\":{\\\"reference_type\\\":\\\"Botble\\\\\\\\Ecommerce\\\\\\\\Models\\\\\\\\ProductCategory\\\",\\\"reference_id\\\":2,\\\"title\\\":\\\"Clothing & beauty\\\",\\\"menu_id\\\":\\\"3\\\",\\\"position\\\":3,\\\"url\\\":\\\"\\/product-categories\\/clothing-beauty\\\",\\\"id\\\":100,\\\"icon_image\\\":\\\"\\\",\\\"metadata\\\":[],\\\"children\\\":[]}},{\\\"menuItem\\\":{\\\"reference_type\\\":\\\"Botble\\\\\\\\Ecommerce\\\\\\\\Models\\\\\\\\ProductCategory\\\",\\\"reference_id\\\":12,\\\"title\\\":\\\"Coffee & Teas\\\",\\\"menu_id\\\":\\\"3\\\",\\\"position\\\":4,\\\"url\\\":\\\"\\/product-categories\\/coffee-teas\\\",\\\"id\\\":101,\\\"icon_image\\\":\\\"\\\",\\\"metadata\\\":[],\\\"children\\\":[]}},{\\\"menuItem\\\":{\\\"reference_type\\\":\\\"Botble\\\\\\\\Ecommerce\\\\\\\\Models\\\\\\\\ProductCategory\\\",\\\"reference_id\\\":14,\\\"title\\\":\\\"Diet Foods\\\",\\\"menu_id\\\":\\\"3\\\",\\\"position\\\":5,\\\"url\\\":\\\"\\/product-categories\\/diet-foods\\\",\\\"id\\\":102,\\\"icon_image\\\":\\\"\\\",\\\"metadata\\\":[],\\\"children\\\":[]}}]\",\"menu_id\":\"3\",\"title\":\"Diet Foods\",\"url\":\"\\/\",\"icon_font\":null,\"icon_image\":null,\"css_class\":null,\"target\":\"_self\",\"submit\":\"save\",\"language\":\"en_US\",\"ref_from\":null,\"status\":\"published\"}','updated','Mozilla/5.0 (Windows NT 10.0; Win64; x64) AppleWebKit/537.36 (KHTML, like Gecko) Chrome/114.0.0.0 Safari/537.36','::1',1,97,'Baking material','primary','2023-06-15 10:35:13','2023-06-15 10:35:13'),(40,1,'menu_node','{\"name\":\"Product categories\",\"deleted_nodes\":\"35 36 37 38 39 40\",\"menu_nodes\":\"[{\\\"menuItem\\\":{\\\"reference_type\\\":\\\"Botble\\\\\\\\Ecommerce\\\\\\\\Models\\\\\\\\ProductCategory\\\",\\\"reference_id\\\":4,\\\"title\\\":\\\"Baking material\\\",\\\"menu_id\\\":\\\"3\\\",\\\"position\\\":0,\\\"url\\\":\\\"\\/product-categories\\/baking-material\\\",\\\"id\\\":97,\\\"icon_image\\\":\\\"\\\",\\\"metadata\\\":[],\\\"children\\\":[]}},{\\\"menuItem\\\":{\\\"reference_type\\\":\\\"Botble\\\\\\\\Ecommerce\\\\\\\\Models\\\\\\\\ProductCategory\\\",\\\"reference_id\\\":10,\\\"title\\\":\\\"Bread and Juice\\\",\\\"menu_id\\\":\\\"3\\\",\\\"position\\\":1,\\\"url\\\":\\\"\\/product-categories\\/bread-and-juice\\\",\\\"id\\\":98,\\\"icon_image\\\":\\\"\\\",\\\"metadata\\\":[],\\\"children\\\":[]}},{\\\"menuItem\\\":{\\\"reference_type\\\":\\\"Botble\\\\\\\\Ecommerce\\\\\\\\Models\\\\\\\\ProductCategory\\\",\\\"reference_id\\\":11,\\\"title\\\":\\\"Cake & Milk\\\",\\\"menu_id\\\":\\\"3\\\",\\\"position\\\":2,\\\"url\\\":\\\"\\/product-categories\\/cake-milk\\\",\\\"id\\\":99,\\\"icon_image\\\":\\\"\\\",\\\"metadata\\\":[],\\\"children\\\":[]}},{\\\"menuItem\\\":{\\\"reference_type\\\":\\\"Botble\\\\\\\\Ecommerce\\\\\\\\Models\\\\\\\\ProductCategory\\\",\\\"reference_id\\\":2,\\\"title\\\":\\\"Clothing & beauty\\\",\\\"menu_id\\\":\\\"3\\\",\\\"position\\\":3,\\\"url\\\":\\\"\\/product-categories\\/clothing-beauty\\\",\\\"id\\\":100,\\\"icon_image\\\":\\\"\\\",\\\"metadata\\\":[],\\\"children\\\":[]}},{\\\"menuItem\\\":{\\\"reference_type\\\":\\\"Botble\\\\\\\\Ecommerce\\\\\\\\Models\\\\\\\\ProductCategory\\\",\\\"reference_id\\\":12,\\\"title\\\":\\\"Coffee & Teas\\\",\\\"menu_id\\\":\\\"3\\\",\\\"position\\\":4,\\\"url\\\":\\\"\\/product-categories\\/coffee-teas\\\",\\\"id\\\":101,\\\"icon_image\\\":\\\"\\\",\\\"metadata\\\":[],\\\"children\\\":[]}},{\\\"menuItem\\\":{\\\"reference_type\\\":\\\"Botble\\\\\\\\Ecommerce\\\\\\\\Models\\\\\\\\ProductCategory\\\",\\\"reference_id\\\":14,\\\"title\\\":\\\"Diet Foods\\\",\\\"menu_id\\\":\\\"3\\\",\\\"position\\\":5,\\\"url\\\":\\\"\\/product-categories\\/diet-foods\\\",\\\"id\\\":102,\\\"icon_image\\\":\\\"\\\",\\\"metadata\\\":[],\\\"children\\\":[]}}]\",\"menu_id\":\"3\",\"title\":\"Diet Foods\",\"url\":\"\\/\",\"icon_font\":null,\"icon_image\":null,\"css_class\":null,\"target\":\"_self\",\"submit\":\"save\",\"language\":\"en_US\",\"ref_from\":null,\"status\":\"published\"}','updated','Mozilla/5.0 (Windows NT 10.0; Win64; x64) AppleWebKit/537.36 (KHTML, like Gecko) Chrome/114.0.0.0 Safari/537.36','::1',1,98,'Bread and Juice','primary','2023-06-15 10:35:13','2023-06-15 10:35:13'),(41,1,'menu_node','{\"name\":\"Product categories\",\"deleted_nodes\":\"35 36 37 38 39 40\",\"menu_nodes\":\"[{\\\"menuItem\\\":{\\\"reference_type\\\":\\\"Botble\\\\\\\\Ecommerce\\\\\\\\Models\\\\\\\\ProductCategory\\\",\\\"reference_id\\\":4,\\\"title\\\":\\\"Baking material\\\",\\\"menu_id\\\":\\\"3\\\",\\\"position\\\":0,\\\"url\\\":\\\"\\/product-categories\\/baking-material\\\",\\\"id\\\":97,\\\"icon_image\\\":\\\"\\\",\\\"metadata\\\":[],\\\"children\\\":[]}},{\\\"menuItem\\\":{\\\"reference_type\\\":\\\"Botble\\\\\\\\Ecommerce\\\\\\\\Models\\\\\\\\ProductCategory\\\",\\\"reference_id\\\":10,\\\"title\\\":\\\"Bread and Juice\\\",\\\"menu_id\\\":\\\"3\\\",\\\"position\\\":1,\\\"url\\\":\\\"\\/product-categories\\/bread-and-juice\\\",\\\"id\\\":98,\\\"icon_image\\\":\\\"\\\",\\\"metadata\\\":[],\\\"children\\\":[]}},{\\\"menuItem\\\":{\\\"reference_type\\\":\\\"Botble\\\\\\\\Ecommerce\\\\\\\\Models\\\\\\\\ProductCategory\\\",\\\"reference_id\\\":11,\\\"title\\\":\\\"Cake & Milk\\\",\\\"menu_id\\\":\\\"3\\\",\\\"position\\\":2,\\\"url\\\":\\\"\\/product-categories\\/cake-milk\\\",\\\"id\\\":99,\\\"icon_image\\\":\\\"\\\",\\\"metadata\\\":[],\\\"children\\\":[]}},{\\\"menuItem\\\":{\\\"reference_type\\\":\\\"Botble\\\\\\\\Ecommerce\\\\\\\\Models\\\\\\\\ProductCategory\\\",\\\"reference_id\\\":2,\\\"title\\\":\\\"Clothing & beauty\\\",\\\"menu_id\\\":\\\"3\\\",\\\"position\\\":3,\\\"url\\\":\\\"\\/product-categories\\/clothing-beauty\\\",\\\"id\\\":100,\\\"icon_image\\\":\\\"\\\",\\\"metadata\\\":[],\\\"children\\\":[]}},{\\\"menuItem\\\":{\\\"reference_type\\\":\\\"Botble\\\\\\\\Ecommerce\\\\\\\\Models\\\\\\\\ProductCategory\\\",\\\"reference_id\\\":12,\\\"title\\\":\\\"Coffee & Teas\\\",\\\"menu_id\\\":\\\"3\\\",\\\"position\\\":4,\\\"url\\\":\\\"\\/product-categories\\/coffee-teas\\\",\\\"id\\\":101,\\\"icon_image\\\":\\\"\\\",\\\"metadata\\\":[],\\\"children\\\":[]}},{\\\"menuItem\\\":{\\\"reference_type\\\":\\\"Botble\\\\\\\\Ecommerce\\\\\\\\Models\\\\\\\\ProductCategory\\\",\\\"reference_id\\\":14,\\\"title\\\":\\\"Diet Foods\\\",\\\"menu_id\\\":\\\"3\\\",\\\"position\\\":5,\\\"url\\\":\\\"\\/product-categories\\/diet-foods\\\",\\\"id\\\":102,\\\"icon_image\\\":\\\"\\\",\\\"metadata\\\":[],\\\"children\\\":[]}}]\",\"menu_id\":\"3\",\"title\":\"Diet Foods\",\"url\":\"\\/\",\"icon_font\":null,\"icon_image\":null,\"css_class\":null,\"target\":\"_self\",\"submit\":\"save\",\"language\":\"en_US\",\"ref_from\":null,\"status\":\"published\"}','updated','Mozilla/5.0 (Windows NT 10.0; Win64; x64) AppleWebKit/537.36 (KHTML, like Gecko) Chrome/114.0.0.0 Safari/537.36','::1',1,99,'Cake & Milk','primary','2023-06-15 10:35:13','2023-06-15 10:35:13'),(42,1,'menu_node','{\"name\":\"Product categories\",\"deleted_nodes\":\"35 36 37 38 39 40\",\"menu_nodes\":\"[{\\\"menuItem\\\":{\\\"reference_type\\\":\\\"Botble\\\\\\\\Ecommerce\\\\\\\\Models\\\\\\\\ProductCategory\\\",\\\"reference_id\\\":4,\\\"title\\\":\\\"Baking material\\\",\\\"menu_id\\\":\\\"3\\\",\\\"position\\\":0,\\\"url\\\":\\\"\\/product-categories\\/baking-material\\\",\\\"id\\\":97,\\\"icon_image\\\":\\\"\\\",\\\"metadata\\\":[],\\\"children\\\":[]}},{\\\"menuItem\\\":{\\\"reference_type\\\":\\\"Botble\\\\\\\\Ecommerce\\\\\\\\Models\\\\\\\\ProductCategory\\\",\\\"reference_id\\\":10,\\\"title\\\":\\\"Bread and Juice\\\",\\\"menu_id\\\":\\\"3\\\",\\\"position\\\":1,\\\"url\\\":\\\"\\/product-categories\\/bread-and-juice\\\",\\\"id\\\":98,\\\"icon_image\\\":\\\"\\\",\\\"metadata\\\":[],\\\"children\\\":[]}},{\\\"menuItem\\\":{\\\"reference_type\\\":\\\"Botble\\\\\\\\Ecommerce\\\\\\\\Models\\\\\\\\ProductCategory\\\",\\\"reference_id\\\":11,\\\"title\\\":\\\"Cake & Milk\\\",\\\"menu_id\\\":\\\"3\\\",\\\"position\\\":2,\\\"url\\\":\\\"\\/product-categories\\/cake-milk\\\",\\\"id\\\":99,\\\"icon_image\\\":\\\"\\\",\\\"metadata\\\":[],\\\"children\\\":[]}},{\\\"menuItem\\\":{\\\"reference_type\\\":\\\"Botble\\\\\\\\Ecommerce\\\\\\\\Models\\\\\\\\ProductCategory\\\",\\\"reference_id\\\":2,\\\"title\\\":\\\"Clothing & beauty\\\",\\\"menu_id\\\":\\\"3\\\",\\\"position\\\":3,\\\"url\\\":\\\"\\/product-categories\\/clothing-beauty\\\",\\\"id\\\":100,\\\"icon_image\\\":\\\"\\\",\\\"metadata\\\":[],\\\"children\\\":[]}},{\\\"menuItem\\\":{\\\"reference_type\\\":\\\"Botble\\\\\\\\Ecommerce\\\\\\\\Models\\\\\\\\ProductCategory\\\",\\\"reference_id\\\":12,\\\"title\\\":\\\"Coffee & Teas\\\",\\\"menu_id\\\":\\\"3\\\",\\\"position\\\":4,\\\"url\\\":\\\"\\/product-categories\\/coffee-teas\\\",\\\"id\\\":101,\\\"icon_image\\\":\\\"\\\",\\\"metadata\\\":[],\\\"children\\\":[]}},{\\\"menuItem\\\":{\\\"reference_type\\\":\\\"Botble\\\\\\\\Ecommerce\\\\\\\\Models\\\\\\\\ProductCategory\\\",\\\"reference_id\\\":14,\\\"title\\\":\\\"Diet Foods\\\",\\\"menu_id\\\":\\\"3\\\",\\\"position\\\":5,\\\"url\\\":\\\"\\/product-categories\\/diet-foods\\\",\\\"id\\\":102,\\\"icon_image\\\":\\\"\\\",\\\"metadata\\\":[],\\\"children\\\":[]}}]\",\"menu_id\":\"3\",\"title\":\"Diet Foods\",\"url\":\"\\/\",\"icon_font\":null,\"icon_image\":null,\"css_class\":null,\"target\":\"_self\",\"submit\":\"save\",\"language\":\"en_US\",\"ref_from\":null,\"status\":\"published\"}','updated','Mozilla/5.0 (Windows NT 10.0; Win64; x64) AppleWebKit/537.36 (KHTML, like Gecko) Chrome/114.0.0.0 Safari/537.36','::1',1,100,'Clothing & beauty','primary','2023-06-15 10:35:13','2023-06-15 10:35:13'),(43,1,'menu_node','{\"name\":\"Product categories\",\"deleted_nodes\":\"35 36 37 38 39 40\",\"menu_nodes\":\"[{\\\"menuItem\\\":{\\\"reference_type\\\":\\\"Botble\\\\\\\\Ecommerce\\\\\\\\Models\\\\\\\\ProductCategory\\\",\\\"reference_id\\\":4,\\\"title\\\":\\\"Baking material\\\",\\\"menu_id\\\":\\\"3\\\",\\\"position\\\":0,\\\"url\\\":\\\"\\/product-categories\\/baking-material\\\",\\\"id\\\":97,\\\"icon_image\\\":\\\"\\\",\\\"metadata\\\":[],\\\"children\\\":[]}},{\\\"menuItem\\\":{\\\"reference_type\\\":\\\"Botble\\\\\\\\Ecommerce\\\\\\\\Models\\\\\\\\ProductCategory\\\",\\\"reference_id\\\":10,\\\"title\\\":\\\"Bread and Juice\\\",\\\"menu_id\\\":\\\"3\\\",\\\"position\\\":1,\\\"url\\\":\\\"\\/product-categories\\/bread-and-juice\\\",\\\"id\\\":98,\\\"icon_image\\\":\\\"\\\",\\\"metadata\\\":[],\\\"children\\\":[]}},{\\\"menuItem\\\":{\\\"reference_type\\\":\\\"Botble\\\\\\\\Ecommerce\\\\\\\\Models\\\\\\\\ProductCategory\\\",\\\"reference_id\\\":11,\\\"title\\\":\\\"Cake & Milk\\\",\\\"menu_id\\\":\\\"3\\\",\\\"position\\\":2,\\\"url\\\":\\\"\\/product-categories\\/cake-milk\\\",\\\"id\\\":99,\\\"icon_image\\\":\\\"\\\",\\\"metadata\\\":[],\\\"children\\\":[]}},{\\\"menuItem\\\":{\\\"reference_type\\\":\\\"Botble\\\\\\\\Ecommerce\\\\\\\\Models\\\\\\\\ProductCategory\\\",\\\"reference_id\\\":2,\\\"title\\\":\\\"Clothing & beauty\\\",\\\"menu_id\\\":\\\"3\\\",\\\"position\\\":3,\\\"url\\\":\\\"\\/product-categories\\/clothing-beauty\\\",\\\"id\\\":100,\\\"icon_image\\\":\\\"\\\",\\\"metadata\\\":[],\\\"children\\\":[]}},{\\\"menuItem\\\":{\\\"reference_type\\\":\\\"Botble\\\\\\\\Ecommerce\\\\\\\\Models\\\\\\\\ProductCategory\\\",\\\"reference_id\\\":12,\\\"title\\\":\\\"Coffee & Teas\\\",\\\"menu_id\\\":\\\"3\\\",\\\"position\\\":4,\\\"url\\\":\\\"\\/product-categories\\/coffee-teas\\\",\\\"id\\\":101,\\\"icon_image\\\":\\\"\\\",\\\"metadata\\\":[],\\\"children\\\":[]}},{\\\"menuItem\\\":{\\\"reference_type\\\":\\\"Botble\\\\\\\\Ecommerce\\\\\\\\Models\\\\\\\\ProductCategory\\\",\\\"reference_id\\\":14,\\\"title\\\":\\\"Diet Foods\\\",\\\"menu_id\\\":\\\"3\\\",\\\"position\\\":5,\\\"url\\\":\\\"\\/product-categories\\/diet-foods\\\",\\\"id\\\":102,\\\"icon_image\\\":\\\"\\\",\\\"metadata\\\":[],\\\"children\\\":[]}}]\",\"menu_id\":\"3\",\"title\":\"Diet Foods\",\"url\":\"\\/\",\"icon_font\":null,\"icon_image\":null,\"css_class\":null,\"target\":\"_self\",\"submit\":\"save\",\"language\":\"en_US\",\"ref_from\":null,\"status\":\"published\"}','updated','Mozilla/5.0 (Windows NT 10.0; Win64; x64) AppleWebKit/537.36 (KHTML, like Gecko) Chrome/114.0.0.0 Safari/537.36','::1',1,101,'Coffee & Teas','primary','2023-06-15 10:35:14','2023-06-15 10:35:14'),(44,1,'menu_node','{\"name\":\"Product categories\",\"deleted_nodes\":\"35 36 37 38 39 40\",\"menu_nodes\":\"[{\\\"menuItem\\\":{\\\"reference_type\\\":\\\"Botble\\\\\\\\Ecommerce\\\\\\\\Models\\\\\\\\ProductCategory\\\",\\\"reference_id\\\":4,\\\"title\\\":\\\"Baking material\\\",\\\"menu_id\\\":\\\"3\\\",\\\"position\\\":0,\\\"url\\\":\\\"\\/product-categories\\/baking-material\\\",\\\"id\\\":97,\\\"icon_image\\\":\\\"\\\",\\\"metadata\\\":[],\\\"children\\\":[]}},{\\\"menuItem\\\":{\\\"reference_type\\\":\\\"Botble\\\\\\\\Ecommerce\\\\\\\\Models\\\\\\\\ProductCategory\\\",\\\"reference_id\\\":10,\\\"title\\\":\\\"Bread and Juice\\\",\\\"menu_id\\\":\\\"3\\\",\\\"position\\\":1,\\\"url\\\":\\\"\\/product-categories\\/bread-and-juice\\\",\\\"id\\\":98,\\\"icon_image\\\":\\\"\\\",\\\"metadata\\\":[],\\\"children\\\":[]}},{\\\"menuItem\\\":{\\\"reference_type\\\":\\\"Botble\\\\\\\\Ecommerce\\\\\\\\Models\\\\\\\\ProductCategory\\\",\\\"reference_id\\\":11,\\\"title\\\":\\\"Cake & Milk\\\",\\\"menu_id\\\":\\\"3\\\",\\\"position\\\":2,\\\"url\\\":\\\"\\/product-categories\\/cake-milk\\\",\\\"id\\\":99,\\\"icon_image\\\":\\\"\\\",\\\"metadata\\\":[],\\\"children\\\":[]}},{\\\"menuItem\\\":{\\\"reference_type\\\":\\\"Botble\\\\\\\\Ecommerce\\\\\\\\Models\\\\\\\\ProductCategory\\\",\\\"reference_id\\\":2,\\\"title\\\":\\\"Clothing & beauty\\\",\\\"menu_id\\\":\\\"3\\\",\\\"position\\\":3,\\\"url\\\":\\\"\\/product-categories\\/clothing-beauty\\\",\\\"id\\\":100,\\\"icon_image\\\":\\\"\\\",\\\"metadata\\\":[],\\\"children\\\":[]}},{\\\"menuItem\\\":{\\\"reference_type\\\":\\\"Botble\\\\\\\\Ecommerce\\\\\\\\Models\\\\\\\\ProductCategory\\\",\\\"reference_id\\\":12,\\\"title\\\":\\\"Coffee & Teas\\\",\\\"menu_id\\\":\\\"3\\\",\\\"position\\\":4,\\\"url\\\":\\\"\\/product-categories\\/coffee-teas\\\",\\\"id\\\":101,\\\"icon_image\\\":\\\"\\\",\\\"metadata\\\":[],\\\"children\\\":[]}},{\\\"menuItem\\\":{\\\"reference_type\\\":\\\"Botble\\\\\\\\Ecommerce\\\\\\\\Models\\\\\\\\ProductCategory\\\",\\\"reference_id\\\":14,\\\"title\\\":\\\"Diet Foods\\\",\\\"menu_id\\\":\\\"3\\\",\\\"position\\\":5,\\\"url\\\":\\\"\\/product-categories\\/diet-foods\\\",\\\"id\\\":102,\\\"icon_image\\\":\\\"\\\",\\\"metadata\\\":[],\\\"children\\\":[]}}]\",\"menu_id\":\"3\",\"title\":\"Diet Foods\",\"url\":\"\\/\",\"icon_font\":null,\"icon_image\":null,\"css_class\":null,\"target\":\"_self\",\"submit\":\"save\",\"language\":\"en_US\",\"ref_from\":null,\"status\":\"published\"}','updated','Mozilla/5.0 (Windows NT 10.0; Win64; x64) AppleWebKit/537.36 (KHTML, like Gecko) Chrome/114.0.0.0 Safari/537.36','::1',1,102,'Diet Foods','primary','2023-06-15 10:35:14','2023-06-15 10:35:14');
/*!40000 ALTER TABLE `audit_histories` ENABLE KEYS */;
UNLOCK TABLES;

--
-- Table structure for table `categories`
--

DROP TABLE IF EXISTS `categories`;
/*!40101 SET @saved_cs_client     = @@character_set_client */;
/*!50503 SET character_set_client = utf8mb4 */;
CREATE TABLE `categories` (
  `id` bigint unsigned NOT NULL AUTO_INCREMENT,
  `name` varchar(120) CHARACTER SET utf8mb4 COLLATE utf8mb4_unicode_ci NOT NULL,
  `parent_id` bigint unsigned NOT NULL DEFAULT '0',
  `description` varchar(400) CHARACTER SET utf8mb4 COLLATE utf8mb4_unicode_ci DEFAULT NULL,
  `status` varchar(60) CHARACTER SET utf8mb4 COLLATE utf8mb4_unicode_ci NOT NULL DEFAULT 'published',
  `author_id` bigint unsigned NOT NULL,
  `author_type` varchar(255) CHARACTER SET utf8mb4 COLLATE utf8mb4_unicode_ci NOT NULL DEFAULT 'Botble\\ACL\\Models\\User',
  `icon` varchar(60) CHARACTER SET utf8mb4 COLLATE utf8mb4_unicode_ci DEFAULT NULL,
  `order` tinyint NOT NULL DEFAULT '0',
  `is_featured` tinyint NOT NULL DEFAULT '0',
  `is_default` tinyint unsigned NOT NULL DEFAULT '0',
  `created_at` timestamp NULL DEFAULT NULL,
  `updated_at` timestamp NULL DEFAULT NULL,
  PRIMARY KEY (`id`),
  KEY `parent_id` (`parent_id`),
  KEY `status` (`status`),
  KEY `created_at` (`created_at`)
) ENGINE=InnoDB AUTO_INCREMENT=5 DEFAULT CHARSET=utf8mb4 COLLATE=utf8mb4_unicode_ci;
/*!40101 SET character_set_client = @saved_cs_client */;

--
-- Dumping data for table `categories`
--

LOCK TABLES `categories` WRITE;
/*!40000 ALTER TABLE `categories` DISABLE KEYS */;
INSERT INTO `categories` VALUES (1,'Ecommerce',0,'Et velit est omnis nihil molestiae velit enim. Sed nihil accusantium aspernatur. Soluta sit eum ab aspernatur commodi. Dolores qui explicabo libero odio.','published',1,'Botble\\ACL\\Models\\User',NULL,0,0,1,'2023-03-05 23:43:00','2023-03-05 23:43:00'),(2,'Fashion',0,'Omnis sed necessitatibus aspernatur possimus et ut aut. Libero non hic quos tenetur illum quaerat.','published',1,'Botble\\ACL\\Models\\User',NULL,0,1,0,'2023-03-05 23:43:00','2023-03-05 23:43:00'),(3,'Electronic',0,'Molestiae voluptate quidem commodi molestiae itaque. Est fuga iure at repellendus. Id aliquid distinctio impedit ut.','published',1,'Botble\\ACL\\Models\\User',NULL,0,1,0,'2023-03-05 23:43:00','2023-03-05 23:43:00'),(4,'Commercial',0,'Similique voluptatem soluta qui cupiditate tenetur quia. Perferendis impedit illum voluptatem ea corporis quo. Culpa sed saepe ut.','published',1,'Botble\\ACL\\Models\\User',NULL,0,1,0,'2023-03-05 23:43:00','2023-03-05 23:43:00');
/*!40000 ALTER TABLE `categories` ENABLE KEYS */;
UNLOCK TABLES;

--
-- Table structure for table `categories_translations`
--

DROP TABLE IF EXISTS `categories_translations`;
/*!40101 SET @saved_cs_client     = @@character_set_client */;
/*!50503 SET character_set_client = utf8mb4 */;
CREATE TABLE `categories_translations` (
  `lang_code` varchar(191) CHARACTER SET utf8mb4 COLLATE utf8mb4_unicode_ci NOT NULL,
  `categories_id` bigint unsigned NOT NULL,
  `name` varchar(255) CHARACTER SET utf8mb4 COLLATE utf8mb4_unicode_ci DEFAULT NULL,
  `description` varchar(400) CHARACTER SET utf8mb4 COLLATE utf8mb4_unicode_ci DEFAULT NULL,
  PRIMARY KEY (`lang_code`,`categories_id`)
) ENGINE=InnoDB DEFAULT CHARSET=utf8mb4 COLLATE=utf8mb4_unicode_ci;
/*!40101 SET character_set_client = @saved_cs_client */;

--
-- Dumping data for table `categories_translations`
--

LOCK TABLES `categories_translations` WRITE;
/*!40000 ALTER TABLE `categories_translations` DISABLE KEYS */;
INSERT INTO `categories_translations` VALUES ('vi',1,'Thương mại điện tử',NULL),('vi',2,'Thời trang',NULL),('vi',3,'Điện tử',NULL),('vi',4,'Thương mại',NULL);
/*!40000 ALTER TABLE `categories_translations` ENABLE KEYS */;
UNLOCK TABLES;

--
-- Table structure for table `cities`
--

DROP TABLE IF EXISTS `cities`;
/*!40101 SET @saved_cs_client     = @@character_set_client */;
/*!50503 SET character_set_client = utf8mb4 */;
CREATE TABLE `cities` (
  `id` bigint unsigned NOT NULL AUTO_INCREMENT,
  `name` varchar(120) CHARACTER SET utf8mb4 COLLATE utf8mb4_unicode_ci NOT NULL,
  `state_id` bigint unsigned NOT NULL,
  `country_id` bigint unsigned DEFAULT NULL,
  `record_id` varchar(40) CHARACTER SET utf8mb4 COLLATE utf8mb4_unicode_ci DEFAULT NULL,
  `order` tinyint NOT NULL DEFAULT '0',
  `is_default` tinyint unsigned NOT NULL DEFAULT '0',
  `status` varchar(60) CHARACTER SET utf8mb4 COLLATE utf8mb4_unicode_ci NOT NULL DEFAULT 'published',
  `created_at` timestamp NULL DEFAULT NULL,
  `updated_at` timestamp NULL DEFAULT NULL,
  PRIMARY KEY (`id`)
) ENGINE=InnoDB AUTO_INCREMENT=2 DEFAULT CHARSET=utf8mb4 COLLATE=utf8mb4_unicode_ci;
/*!40101 SET character_set_client = @saved_cs_client */;

--
-- Dumping data for table `cities`
--

LOCK TABLES `cities` WRITE;
/*!40000 ALTER TABLE `cities` DISABLE KEYS */;
INSERT INTO `cities` VALUES (1,'Kuala Lumpur',1,1,NULL,0,1,'published','2023-06-15 08:30:53','2023-06-15 08:30:53');
/*!40000 ALTER TABLE `cities` ENABLE KEYS */;
UNLOCK TABLES;

--
-- Table structure for table `cities_translations`
--

DROP TABLE IF EXISTS `cities_translations`;
/*!40101 SET @saved_cs_client     = @@character_set_client */;
/*!50503 SET character_set_client = utf8mb4 */;
CREATE TABLE `cities_translations` (
  `lang_code` varchar(191) CHARACTER SET utf8mb4 COLLATE utf8mb4_unicode_ci NOT NULL,
  `cities_id` bigint unsigned NOT NULL,
  `name` varchar(120) CHARACTER SET utf8mb4 COLLATE utf8mb4_unicode_ci DEFAULT NULL,
  PRIMARY KEY (`lang_code`,`cities_id`)
) ENGINE=InnoDB DEFAULT CHARSET=utf8mb4 COLLATE=utf8mb4_unicode_ci;
/*!40101 SET character_set_client = @saved_cs_client */;

--
-- Dumping data for table `cities_translations`
--

LOCK TABLES `cities_translations` WRITE;
/*!40000 ALTER TABLE `cities_translations` DISABLE KEYS */;
INSERT INTO `cities_translations` VALUES ('vi',1,'Kuala Lumpur');
/*!40000 ALTER TABLE `cities_translations` ENABLE KEYS */;
UNLOCK TABLES;

--
-- Table structure for table `contact_replies`
--

DROP TABLE IF EXISTS `contact_replies`;
/*!40101 SET @saved_cs_client     = @@character_set_client */;
/*!50503 SET character_set_client = utf8mb4 */;
CREATE TABLE `contact_replies` (
  `id` bigint unsigned NOT NULL AUTO_INCREMENT,
  `message` longtext CHARACTER SET utf8mb4 COLLATE utf8mb4_unicode_ci NOT NULL,
  `contact_id` bigint unsigned NOT NULL,
  `created_at` timestamp NULL DEFAULT NULL,
  `updated_at` timestamp NULL DEFAULT NULL,
  PRIMARY KEY (`id`)
) ENGINE=InnoDB DEFAULT CHARSET=utf8mb4 COLLATE=utf8mb4_unicode_ci;
/*!40101 SET character_set_client = @saved_cs_client */;

--
-- Dumping data for table `contact_replies`
--

LOCK TABLES `contact_replies` WRITE;
/*!40000 ALTER TABLE `contact_replies` DISABLE KEYS */;
/*!40000 ALTER TABLE `contact_replies` ENABLE KEYS */;
UNLOCK TABLES;

--
-- Table structure for table `contacts`
--

DROP TABLE IF EXISTS `contacts`;
/*!40101 SET @saved_cs_client     = @@character_set_client */;
/*!50503 SET character_set_client = utf8mb4 */;
CREATE TABLE `contacts` (
  `id` bigint unsigned NOT NULL AUTO_INCREMENT,
  `name` varchar(60) CHARACTER SET utf8mb4 COLLATE utf8mb4_unicode_ci NOT NULL,
  `email` varchar(60) CHARACTER SET utf8mb4 COLLATE utf8mb4_unicode_ci NOT NULL,
  `phone` varchar(60) CHARACTER SET utf8mb4 COLLATE utf8mb4_unicode_ci DEFAULT NULL,
  `address` varchar(120) CHARACTER SET utf8mb4 COLLATE utf8mb4_unicode_ci DEFAULT NULL,
  `subject` varchar(120) CHARACTER SET utf8mb4 COLLATE utf8mb4_unicode_ci DEFAULT NULL,
  `content` longtext CHARACTER SET utf8mb4 COLLATE utf8mb4_unicode_ci NOT NULL,
  `status` varchar(60) CHARACTER SET utf8mb4 COLLATE utf8mb4_unicode_ci NOT NULL DEFAULT 'unread',
  `created_at` timestamp NULL DEFAULT NULL,
  `updated_at` timestamp NULL DEFAULT NULL,
  PRIMARY KEY (`id`)
) ENGINE=InnoDB DEFAULT CHARSET=utf8mb4 COLLATE=utf8mb4_unicode_ci;
/*!40101 SET character_set_client = @saved_cs_client */;

--
-- Dumping data for table `contacts`
--

LOCK TABLES `contacts` WRITE;
/*!40000 ALTER TABLE `contacts` DISABLE KEYS */;
/*!40000 ALTER TABLE `contacts` ENABLE KEYS */;
UNLOCK TABLES;

--
-- Table structure for table `countries`
--

DROP TABLE IF EXISTS `countries`;
/*!40101 SET @saved_cs_client     = @@character_set_client */;
/*!50503 SET character_set_client = utf8mb4 */;
CREATE TABLE `countries` (
  `id` bigint unsigned NOT NULL AUTO_INCREMENT,
  `name` varchar(120) CHARACTER SET utf8mb4 COLLATE utf8mb4_unicode_ci NOT NULL,
  `nationality` varchar(120) CHARACTER SET utf8mb4 COLLATE utf8mb4_unicode_ci DEFAULT NULL,
  `order` tinyint NOT NULL DEFAULT '0',
  `is_default` tinyint unsigned NOT NULL DEFAULT '0',
  `status` varchar(60) CHARACTER SET utf8mb4 COLLATE utf8mb4_unicode_ci NOT NULL DEFAULT 'published',
  `created_at` timestamp NULL DEFAULT NULL,
  `updated_at` timestamp NULL DEFAULT NULL,
  `code` varchar(10) CHARACTER SET utf8mb4 COLLATE utf8mb4_unicode_ci DEFAULT NULL,
  PRIMARY KEY (`id`)
) ENGINE=InnoDB AUTO_INCREMENT=2 DEFAULT CHARSET=utf8mb4 COLLATE=utf8mb4_unicode_ci;
/*!40101 SET character_set_client = @saved_cs_client */;

--
-- Dumping data for table `countries`
--

LOCK TABLES `countries` WRITE;
/*!40000 ALTER TABLE `countries` DISABLE KEYS */;
INSERT INTO `countries` VALUES (1,'Malaysia','Malaysian',0,1,'published','2023-06-15 08:29:37','2023-06-15 08:29:37','MY');
/*!40000 ALTER TABLE `countries` ENABLE KEYS */;
UNLOCK TABLES;

--
-- Table structure for table `countries_translations`
--

DROP TABLE IF EXISTS `countries_translations`;
/*!40101 SET @saved_cs_client     = @@character_set_client */;
/*!50503 SET character_set_client = utf8mb4 */;
CREATE TABLE `countries_translations` (
  `lang_code` varchar(191) CHARACTER SET utf8mb4 COLLATE utf8mb4_unicode_ci NOT NULL,
  `countries_id` bigint unsigned NOT NULL,
  `name` varchar(120) CHARACTER SET utf8mb4 COLLATE utf8mb4_unicode_ci DEFAULT NULL,
  `nationality` varchar(120) CHARACTER SET utf8mb4 COLLATE utf8mb4_unicode_ci DEFAULT NULL,
  PRIMARY KEY (`lang_code`,`countries_id`)
) ENGINE=InnoDB DEFAULT CHARSET=utf8mb4 COLLATE=utf8mb4_unicode_ci;
/*!40101 SET character_set_client = @saved_cs_client */;

--
-- Dumping data for table `countries_translations`
--

LOCK TABLES `countries_translations` WRITE;
/*!40000 ALTER TABLE `countries_translations` DISABLE KEYS */;
INSERT INTO `countries_translations` VALUES ('vi',1,'Malaysia','Malaysian');
/*!40000 ALTER TABLE `countries_translations` ENABLE KEYS */;
UNLOCK TABLES;

--
-- Table structure for table `dashboard_widget_settings`
--

DROP TABLE IF EXISTS `dashboard_widget_settings`;
/*!40101 SET @saved_cs_client     = @@character_set_client */;
/*!50503 SET character_set_client = utf8mb4 */;
CREATE TABLE `dashboard_widget_settings` (
  `id` bigint unsigned NOT NULL AUTO_INCREMENT,
  `settings` text CHARACTER SET utf8mb4 COLLATE utf8mb4_unicode_ci,
  `user_id` bigint unsigned NOT NULL,
  `widget_id` bigint unsigned NOT NULL,
  `order` tinyint unsigned NOT NULL DEFAULT '0',
  `status` tinyint unsigned NOT NULL DEFAULT '1',
  `created_at` timestamp NULL DEFAULT NULL,
  `updated_at` timestamp NULL DEFAULT NULL,
  PRIMARY KEY (`id`),
  KEY `dashboard_widget_settings_user_id_index` (`user_id`),
  KEY `dashboard_widget_settings_widget_id_index` (`widget_id`)
) ENGINE=InnoDB DEFAULT CHARSET=utf8mb4 COLLATE=utf8mb4_unicode_ci;
/*!40101 SET character_set_client = @saved_cs_client */;

--
-- Dumping data for table `dashboard_widget_settings`
--

LOCK TABLES `dashboard_widget_settings` WRITE;
/*!40000 ALTER TABLE `dashboard_widget_settings` DISABLE KEYS */;
/*!40000 ALTER TABLE `dashboard_widget_settings` ENABLE KEYS */;
UNLOCK TABLES;

--
-- Table structure for table `dashboard_widgets`
--

DROP TABLE IF EXISTS `dashboard_widgets`;
/*!40101 SET @saved_cs_client     = @@character_set_client */;
/*!50503 SET character_set_client = utf8mb4 */;
CREATE TABLE `dashboard_widgets` (
  `id` bigint unsigned NOT NULL AUTO_INCREMENT,
  `name` varchar(120) CHARACTER SET utf8mb4 COLLATE utf8mb4_unicode_ci NOT NULL,
  `created_at` timestamp NULL DEFAULT NULL,
  `updated_at` timestamp NULL DEFAULT NULL,
  PRIMARY KEY (`id`)
) ENGINE=InnoDB AUTO_INCREMENT=16 DEFAULT CHARSET=utf8mb4 COLLATE=utf8mb4_unicode_ci;
/*!40101 SET character_set_client = @saved_cs_client */;

--
-- Dumping data for table `dashboard_widgets`
--

LOCK TABLES `dashboard_widgets` WRITE;
/*!40000 ALTER TABLE `dashboard_widgets` DISABLE KEYS */;
INSERT INTO `dashboard_widgets` VALUES (1,'widget_total_1','2023-06-14 23:02:57','2023-06-14 23:02:57'),(2,'widget_total_2','2023-06-14 23:02:57','2023-06-14 23:02:57'),(3,'widget_total_themes','2023-06-14 23:02:57','2023-06-14 23:02:57'),(4,'widget_total_3','2023-06-14 23:02:57','2023-06-14 23:02:57'),(5,'widget_total_4','2023-06-14 23:02:57','2023-06-14 23:02:57'),(6,'widget_total_users','2023-06-14 23:02:57','2023-06-14 23:02:57'),(7,'widget_total_pages','2023-06-14 23:02:57','2023-06-14 23:02:57'),(8,'widget_total_plugins','2023-06-14 23:02:57','2023-06-14 23:02:57'),(9,'widget_analytics_general','2023-06-14 23:02:57','2023-06-14 23:02:57'),(10,'widget_analytics_page','2023-06-14 23:02:57','2023-06-14 23:02:57'),(11,'widget_analytics_browser','2023-06-14 23:02:57','2023-06-14 23:02:57'),(12,'widget_analytics_referrer','2023-06-14 23:02:57','2023-06-14 23:02:57'),(13,'widget_posts_recent','2023-06-14 23:02:57','2023-06-14 23:02:57'),(14,'widget_audit_logs','2023-06-14 23:02:57','2023-06-14 23:02:57'),(15,'widget_ecommerce_report_general','2023-06-14 23:02:57','2023-06-14 23:02:57');
/*!40000 ALTER TABLE `dashboard_widgets` ENABLE KEYS */;
UNLOCK TABLES;

--
-- Table structure for table `ec_brands`
--

DROP TABLE IF EXISTS `ec_brands`;
/*!40101 SET @saved_cs_client     = @@character_set_client */;
/*!50503 SET character_set_client = utf8mb4 */;
CREATE TABLE `ec_brands` (
  `id` bigint unsigned NOT NULL AUTO_INCREMENT,
  `name` varchar(191) CHARACTER SET utf8mb4 COLLATE utf8mb4_unicode_ci NOT NULL,
  `description` mediumtext CHARACTER SET utf8mb4 COLLATE utf8mb4_unicode_ci,
  `website` varchar(255) CHARACTER SET utf8mb4 COLLATE utf8mb4_unicode_ci DEFAULT NULL,
  `logo` varchar(255) CHARACTER SET utf8mb4 COLLATE utf8mb4_unicode_ci DEFAULT NULL,
  `status` varchar(60) CHARACTER SET utf8mb4 COLLATE utf8mb4_unicode_ci NOT NULL DEFAULT 'published',
  `order` tinyint unsigned NOT NULL DEFAULT '0',
  `is_featured` tinyint unsigned NOT NULL DEFAULT '0',
  `created_at` timestamp NULL DEFAULT NULL,
  `updated_at` timestamp NULL DEFAULT NULL,
  PRIMARY KEY (`id`)
) ENGINE=InnoDB AUTO_INCREMENT=8 DEFAULT CHARSET=utf8mb4 COLLATE=utf8mb4_unicode_ci;
/*!40101 SET character_set_client = @saved_cs_client */;

--
-- Dumping data for table `ec_brands`
--

LOCK TABLES `ec_brands` WRITE;
/*!40000 ALTER TABLE `ec_brands` DISABLE KEYS */;
INSERT INTO `ec_brands` VALUES (1,'Perxsion',NULL,NULL,NULL,'published',0,1,'2023-03-05 23:42:49','2023-03-05 23:42:49'),(2,'Hiching',NULL,NULL,NULL,'published',1,1,'2023-03-05 23:42:49','2023-03-05 23:42:49'),(3,'Kepslo',NULL,NULL,NULL,'published',2,1,'2023-03-05 23:42:49','2023-03-05 23:42:49'),(4,'Groneba',NULL,NULL,NULL,'published',3,1,'2023-03-05 23:42:49','2023-03-05 23:42:49'),(5,'Babian',NULL,NULL,NULL,'published',4,1,'2023-03-05 23:42:49','2023-03-05 23:42:49'),(6,'Valorant',NULL,NULL,NULL,'published',5,1,'2023-03-05 23:42:49','2023-03-05 23:42:49'),(7,'Pure',NULL,NULL,NULL,'published',6,1,'2023-03-05 23:42:49','2023-03-05 23:42:49');
/*!40000 ALTER TABLE `ec_brands` ENABLE KEYS */;
UNLOCK TABLES;

--
-- Table structure for table `ec_brands_translations`
--

DROP TABLE IF EXISTS `ec_brands_translations`;
/*!40101 SET @saved_cs_client     = @@character_set_client */;
/*!50503 SET character_set_client = utf8mb4 */;
CREATE TABLE `ec_brands_translations` (
  `lang_code` varchar(191) CHARACTER SET utf8mb4 COLLATE utf8mb4_unicode_ci NOT NULL,
  `ec_brands_id` bigint unsigned NOT NULL,
  `name` varchar(191) CHARACTER SET utf8mb4 COLLATE utf8mb4_unicode_ci DEFAULT NULL,
  `description` varchar(191) CHARACTER SET utf8mb4 COLLATE utf8mb4_unicode_ci DEFAULT NULL,
  PRIMARY KEY (`lang_code`,`ec_brands_id`)
) ENGINE=InnoDB DEFAULT CHARSET=utf8mb4 COLLATE=utf8mb4_unicode_ci;
/*!40101 SET character_set_client = @saved_cs_client */;

--
-- Dumping data for table `ec_brands_translations`
--

LOCK TABLES `ec_brands_translations` WRITE;
/*!40000 ALTER TABLE `ec_brands_translations` DISABLE KEYS */;
INSERT INTO `ec_brands_translations` VALUES ('vi',1,'Perxsion',NULL),('vi',2,'Hiching',NULL),('vi',3,'Kepslo',NULL),('vi',4,'Groneba',NULL),('vi',5,'Babian',NULL),('vi',6,'Valorant',NULL),('vi',7,'Pure',NULL);
/*!40000 ALTER TABLE `ec_brands_translations` ENABLE KEYS */;
UNLOCK TABLES;

--
-- Table structure for table `ec_cart`
--

DROP TABLE IF EXISTS `ec_cart`;
/*!40101 SET @saved_cs_client     = @@character_set_client */;
/*!50503 SET character_set_client = utf8mb4 */;
CREATE TABLE `ec_cart` (
  `identifier` varchar(60) CHARACTER SET utf8mb4 COLLATE utf8mb4_unicode_ci NOT NULL,
  `instance` varchar(60) CHARACTER SET utf8mb4 COLLATE utf8mb4_unicode_ci NOT NULL,
  `content` longtext CHARACTER SET utf8mb4 COLLATE utf8mb4_unicode_ci NOT NULL,
  `created_at` timestamp NULL DEFAULT NULL,
  `updated_at` timestamp NULL DEFAULT NULL,
  PRIMARY KEY (`identifier`,`instance`)
) ENGINE=InnoDB DEFAULT CHARSET=utf8mb4 COLLATE=utf8mb4_unicode_ci;
/*!40101 SET character_set_client = @saved_cs_client */;

--
-- Dumping data for table `ec_cart`
--

LOCK TABLES `ec_cart` WRITE;
/*!40000 ALTER TABLE `ec_cart` DISABLE KEYS */;
/*!40000 ALTER TABLE `ec_cart` ENABLE KEYS */;
UNLOCK TABLES;

--
-- Table structure for table `ec_currencies`
--

DROP TABLE IF EXISTS `ec_currencies`;
/*!40101 SET @saved_cs_client     = @@character_set_client */;
/*!50503 SET character_set_client = utf8mb4 */;
CREATE TABLE `ec_currencies` (
  `id` bigint unsigned NOT NULL AUTO_INCREMENT,
  `title` varchar(191) CHARACTER SET utf8mb4 COLLATE utf8mb4_unicode_ci NOT NULL,
  `symbol` varchar(10) CHARACTER SET utf8mb4 COLLATE utf8mb4_unicode_ci NOT NULL,
  `is_prefix_symbol` tinyint unsigned NOT NULL DEFAULT '0',
  `decimals` tinyint unsigned DEFAULT '0',
  `order` int unsigned DEFAULT '0',
  `is_default` tinyint NOT NULL DEFAULT '0',
  `exchange_rate` double NOT NULL DEFAULT '1',
  `created_at` timestamp NULL DEFAULT NULL,
  `updated_at` timestamp NULL DEFAULT NULL,
  PRIMARY KEY (`id`)
) ENGINE=InnoDB AUTO_INCREMENT=4 DEFAULT CHARSET=utf8mb4 COLLATE=utf8mb4_unicode_ci;
/*!40101 SET character_set_client = @saved_cs_client */;

--
-- Dumping data for table `ec_currencies`
--

LOCK TABLES `ec_currencies` WRITE;
/*!40000 ALTER TABLE `ec_currencies` DISABLE KEYS */;
INSERT INTO `ec_currencies` VALUES (1,'MYR','RM',1,2,0,1,1,'2023-03-05 23:42:49','2023-06-15 08:48:06');
/*!40000 ALTER TABLE `ec_currencies` ENABLE KEYS */;
UNLOCK TABLES;

--
-- Table structure for table `ec_customer_addresses`
--

DROP TABLE IF EXISTS `ec_customer_addresses`;
/*!40101 SET @saved_cs_client     = @@character_set_client */;
/*!50503 SET character_set_client = utf8mb4 */;
CREATE TABLE `ec_customer_addresses` (
  `id` bigint unsigned NOT NULL AUTO_INCREMENT,
  `name` varchar(191) CHARACTER SET utf8mb4 COLLATE utf8mb4_unicode_ci NOT NULL,
  `email` varchar(60) CHARACTER SET utf8mb4 COLLATE utf8mb4_unicode_ci DEFAULT NULL,
  `phone` varchar(20) CHARACTER SET utf8mb4 COLLATE utf8mb4_unicode_ci DEFAULT NULL,
  `country` varchar(120) CHARACTER SET utf8mb4 COLLATE utf8mb4_unicode_ci DEFAULT NULL,
  `state` varchar(120) CHARACTER SET utf8mb4 COLLATE utf8mb4_unicode_ci DEFAULT NULL,
  `city` varchar(120) CHARACTER SET utf8mb4 COLLATE utf8mb4_unicode_ci DEFAULT NULL,
  `address` varchar(191) CHARACTER SET utf8mb4 COLLATE utf8mb4_unicode_ci NOT NULL,
  `customer_id` bigint unsigned NOT NULL,
  `is_default` tinyint unsigned NOT NULL DEFAULT '0',
  `created_at` timestamp NULL DEFAULT NULL,
  `updated_at` timestamp NULL DEFAULT NULL,
  `zip_code` varchar(20) CHARACTER SET utf8mb4 COLLATE utf8mb4_unicode_ci DEFAULT NULL,
  PRIMARY KEY (`id`)
) ENGINE=InnoDB AUTO_INCREMENT=13 DEFAULT CHARSET=utf8mb4 COLLATE=utf8mb4_unicode_ci;
/*!40101 SET character_set_client = @saved_cs_client */;

--
-- Dumping data for table `ec_customer_addresses`
--

LOCK TABLES `ec_customer_addresses` WRITE;
/*!40000 ALTER TABLE `ec_customer_addresses` DISABLE KEYS */;
INSERT INTO `ec_customer_addresses` VALUES (1,'Ms. Anahi Ziemann II','customer@botble.com','+17867746686','SX','Florida','Esperanzaside','4739 Octavia Flat',1,1,'2023-03-05 23:42:56','2023-03-05 23:42:56','65658-4733'),(2,'Ms. Anahi Ziemann II','customer@botble.com','+13513038708','FI','Tennessee','Erdmantown','91209 Brycen Bridge Apt. 911',1,0,'2023-03-05 23:42:56','2023-03-05 23:42:56','80882'),(3,'Prof. Rudolph Wolf I','vendor@botble.com','+16026642053','UM','Georgia','Daughertyville','1381 Lonie Tunnel Apt. 318',2,1,'2023-03-05 23:42:56','2023-03-05 23:42:56','99747-4018'),(4,'Prof. Rudolph Wolf I','vendor@botble.com','+19848464898','TG','Missouri','North Heloisechester','471 Hartmann Meadows',2,0,'2023-03-05 23:42:56','2023-03-05 23:42:56','45464-3161'),(5,'Prof. Paolo Rempel PhD','irwin34@example.com','+17275605777','LB','Alaska','Schroederfort','657 Davonte Ports',3,1,'2023-03-05 23:42:57','2023-03-05 23:42:57','09329'),(6,'Dalton Hyatt','lonnie.larson@example.com','+18702148179','NI','Virginia','South Grayson','743 Wolf Lakes Apt. 773',4,1,'2023-03-05 23:42:57','2023-03-05 23:42:57','63515-9524'),(7,'Enid Shields II','wilber.abshire@example.org','+16299327828','BD','Oregon','Loisfurt','4246 Mervin Divide',5,1,'2023-03-05 23:42:57','2023-03-05 23:42:57','46067'),(8,'Freddie Crona','schaden.lauretta@example.net','+17074829394','BL','New Hampshire','New Savannah','46615 Ana Shoal Suite 045',6,1,'2023-03-05 23:42:57','2023-03-05 23:42:57','75160-7437'),(9,'Prof. Serena Strosin','ila.farrell@example.org','+12125027225','MQ','Vermont','New Millie','83122 Gulgowski Drive Apt. 953',7,1,'2023-03-05 23:42:57','2023-03-05 23:42:57','92558'),(10,'Christiana Maggio','marcella.zboncak@example.com','+14634045348','LK','Delaware','Port Aubree','868 Morris Shore Apt. 670',8,1,'2023-03-05 23:42:57','2023-03-05 23:42:57','42462'),(11,'June Schaden','rhane@example.com','+15597689195','AO','Mississippi','Williamsonside','7425 Felicity Path',9,1,'2023-03-05 23:42:57','2023-03-05 23:42:57','72849-5238'),(12,'Maye Crist','vern49@example.com','+14243676503','TN','Mississippi','Aufderharview','421 Franco Coves',10,1,'2023-03-05 23:42:57','2023-03-05 23:42:57','71292-8516');
/*!40000 ALTER TABLE `ec_customer_addresses` ENABLE KEYS */;
UNLOCK TABLES;

--
-- Table structure for table `ec_customer_password_resets`
--

DROP TABLE IF EXISTS `ec_customer_password_resets`;
/*!40101 SET @saved_cs_client     = @@character_set_client */;
/*!50503 SET character_set_client = utf8mb4 */;
CREATE TABLE `ec_customer_password_resets` (
  `email` varchar(191) CHARACTER SET utf8mb4 COLLATE utf8mb4_unicode_ci NOT NULL,
  `token` varchar(191) CHARACTER SET utf8mb4 COLLATE utf8mb4_unicode_ci NOT NULL,
  `created_at` timestamp NULL DEFAULT NULL,
  KEY `ec_customer_password_resets_email_index` (`email`),
  KEY `ec_customer_password_resets_token_index` (`token`)
) ENGINE=InnoDB DEFAULT CHARSET=utf8mb4 COLLATE=utf8mb4_unicode_ci;
/*!40101 SET character_set_client = @saved_cs_client */;

--
-- Dumping data for table `ec_customer_password_resets`
--

LOCK TABLES `ec_customer_password_resets` WRITE;
/*!40000 ALTER TABLE `ec_customer_password_resets` DISABLE KEYS */;
/*!40000 ALTER TABLE `ec_customer_password_resets` ENABLE KEYS */;
UNLOCK TABLES;

--
-- Table structure for table `ec_customer_recently_viewed_products`
--

DROP TABLE IF EXISTS `ec_customer_recently_viewed_products`;
/*!40101 SET @saved_cs_client     = @@character_set_client */;
/*!50503 SET character_set_client = utf8mb4 */;
CREATE TABLE `ec_customer_recently_viewed_products` (
  `id` bigint unsigned NOT NULL AUTO_INCREMENT,
  `customer_id` bigint unsigned NOT NULL,
  `product_id` bigint unsigned NOT NULL,
  PRIMARY KEY (`id`)
) ENGINE=InnoDB DEFAULT CHARSET=utf8mb4 COLLATE=utf8mb4_unicode_ci;
/*!40101 SET character_set_client = @saved_cs_client */;

--
-- Dumping data for table `ec_customer_recently_viewed_products`
--

LOCK TABLES `ec_customer_recently_viewed_products` WRITE;
/*!40000 ALTER TABLE `ec_customer_recently_viewed_products` DISABLE KEYS */;
/*!40000 ALTER TABLE `ec_customer_recently_viewed_products` ENABLE KEYS */;
UNLOCK TABLES;

--
-- Table structure for table `ec_customer_used_coupons`
--

DROP TABLE IF EXISTS `ec_customer_used_coupons`;
/*!40101 SET @saved_cs_client     = @@character_set_client */;
/*!50503 SET character_set_client = utf8mb4 */;
CREATE TABLE `ec_customer_used_coupons` (
  `discount_id` bigint unsigned NOT NULL,
  `customer_id` bigint unsigned NOT NULL,
  PRIMARY KEY (`discount_id`,`customer_id`)
) ENGINE=InnoDB DEFAULT CHARSET=utf8mb4 COLLATE=utf8mb4_unicode_ci;
/*!40101 SET character_set_client = @saved_cs_client */;

--
-- Dumping data for table `ec_customer_used_coupons`
--

LOCK TABLES `ec_customer_used_coupons` WRITE;
/*!40000 ALTER TABLE `ec_customer_used_coupons` DISABLE KEYS */;
/*!40000 ALTER TABLE `ec_customer_used_coupons` ENABLE KEYS */;
UNLOCK TABLES;

--
-- Table structure for table `ec_customers`
--

DROP TABLE IF EXISTS `ec_customers`;
/*!40101 SET @saved_cs_client     = @@character_set_client */;
/*!50503 SET character_set_client = utf8mb4 */;
CREATE TABLE `ec_customers` (
  `id` bigint unsigned NOT NULL AUTO_INCREMENT,
  `name` varchar(191) CHARACTER SET utf8mb4 COLLATE utf8mb4_unicode_ci NOT NULL,
  `email` varchar(191) CHARACTER SET utf8mb4 COLLATE utf8mb4_unicode_ci NOT NULL,
  `password` varchar(191) CHARACTER SET utf8mb4 COLLATE utf8mb4_unicode_ci NOT NULL,
  `avatar` varchar(255) CHARACTER SET utf8mb4 COLLATE utf8mb4_unicode_ci DEFAULT NULL,
  `dob` date DEFAULT NULL,
  `phone` varchar(25) CHARACTER SET utf8mb4 COLLATE utf8mb4_unicode_ci DEFAULT NULL,
  `remember_token` varchar(100) CHARACTER SET utf8mb4 COLLATE utf8mb4_unicode_ci DEFAULT NULL,
  `created_at` timestamp NULL DEFAULT NULL,
  `updated_at` timestamp NULL DEFAULT NULL,
  `confirmed_at` datetime DEFAULT NULL,
  `email_verify_token` varchar(120) CHARACTER SET utf8mb4 COLLATE utf8mb4_unicode_ci DEFAULT NULL,
  `status` varchar(60) CHARACTER SET utf8mb4 COLLATE utf8mb4_unicode_ci NOT NULL DEFAULT 'activated',
  `is_vendor` tinyint(1) NOT NULL DEFAULT '0',
  `vendor_verified_at` datetime DEFAULT NULL,
  PRIMARY KEY (`id`),
  UNIQUE KEY `ec_customers_email_unique` (`email`)
) ENGINE=InnoDB AUTO_INCREMENT=11 DEFAULT CHARSET=utf8mb4 COLLATE=utf8mb4_unicode_ci;
/*!40101 SET character_set_client = @saved_cs_client */;

--
-- Dumping data for table `ec_customers`
--

LOCK TABLES `ec_customers` WRITE;
/*!40000 ALTER TABLE `ec_customers` DISABLE KEYS */;
INSERT INTO `ec_customers` VALUES (1,'Ms. Anahi Ziemann II','customer@botble.com','$2y$10$LaMrrJkwtQkB1xzC/WBiPuaVn8uW46aoLEnfjrn4uTL4RFjH0Ve62','customers/6.jpg','1995-02-18','+16782532574',NULL,'2023-03-05 23:42:56','2023-03-05 23:42:56','2023-03-06 06:42:56',NULL,'activated',0,NULL),(2,'Prof. Rudolph Wolf','vendor@botble.com','$2y$10$4h12S2xXAXcoYe2vw3sYA.wl9sCiN0kzNb8MWRBo.zb.hSAHpTizS','stores/farmers-market-concept-illustration-vector.jpg','1977-02-21','+14253717443',NULL,'2023-03-05 23:42:56','2023-06-15 08:43:09','2023-03-06 06:42:56',NULL,'activated',1,'2023-03-06 06:43:04'),(3,'Prof. Paolo Rempel PhD','irwin34@example.com','$2y$10$dqSddZZcgS.kJu72bz0yQuVJK3WUCO/78Cu1U9Su7s4pF/Ikh.CMG','customers/1.jpg','1986-02-09','+18575288226',NULL,'2023-03-05 23:42:57','2023-03-05 23:42:57','2023-03-06 06:42:57',NULL,'activated',0,NULL),(4,'Dalton Hyatt','lonnie.larson@example.com','$2y$10$UDyB64y3GWDOP5iEpTmhguvnjbQytc7mCq.klNqLSBhnj9Z2ytob6','customers/2.jpg','2002-02-26','+19864344063',NULL,'2023-03-05 23:42:57','2023-03-05 23:42:57','2023-03-06 06:42:57',NULL,'activated',0,NULL),(5,'Enid Shields II','wilber.abshire@example.org','$2y$10$VMnNV0z10XWYYU8Wx9lgCuqWNBixOhKWumKUrHcyHnUdjjvprYUdm','customers/3.jpg','1992-03-04','+15648202063',NULL,'2023-03-05 23:42:57','2023-03-05 23:42:57','2023-03-06 06:42:57',NULL,'activated',0,NULL),(6,'Freddie Crona','schaden.lauretta@example.net','$2y$10$4ExTns6QayRWr9bdUvTyWehgDIeJ5qH1Z/5Kde51F11GqAX0nT7kq','customers/4.jpg','1987-03-01','+19796853563',NULL,'2023-03-05 23:42:57','2023-03-05 23:43:04','2023-03-06 06:42:57',NULL,'activated',1,'2023-03-06 06:43:04'),(7,'Prof. Serena Strosin','ila.farrell@example.org','$2y$10$EFSf6c3cVzYE6lIwNVQbO.H8C7Dtp3s57TTZ9T/clHwylkE9Ci7eS','customers/5.jpg','1999-03-04','+18607269125',NULL,'2023-03-05 23:42:57','2023-03-05 23:43:04','2023-03-06 06:42:57',NULL,'activated',1,'2023-03-06 06:43:04'),(8,'Christiana Maggio','marcella.zboncak@example.com','$2y$10$cSAjBJIhVCwmWi3o2DCpXeL8/l/uqQZJou.6ZKfZ4bk1wboEpHM/C','customers/6.jpg','1979-02-09','+12394137911',NULL,'2023-03-05 23:42:57','2023-03-05 23:42:57','2023-03-06 06:42:57',NULL,'activated',0,NULL),(9,'June Schaden','rhane@example.com','$2y$10$Bij13OnJ80vwaG3cnI0CYe5p.o61Yhoa1AhBvfEsBnuEXsiqV0OGm','customers/7.jpg','1999-02-08','+14585771064',NULL,'2023-03-05 23:42:57','2023-03-05 23:42:57','2023-03-06 06:42:57',NULL,'activated',0,NULL),(10,'Maye Crist','vern49@example.com','$2y$10$hC0821pdErbEauZgGWEzU.JWFGOK.ESLIDs8JEZ55kCGQYDbxkUWC','customers/8.jpg','1988-03-04','+14233541701',NULL,'2023-03-05 23:42:57','2023-03-05 23:43:04','2023-03-06 06:42:57',NULL,'activated',1,'2023-03-06 06:43:04');
/*!40000 ALTER TABLE `ec_customers` ENABLE KEYS */;
UNLOCK TABLES;

--
-- Table structure for table `ec_discount_customers`
--

DROP TABLE IF EXISTS `ec_discount_customers`;
/*!40101 SET @saved_cs_client     = @@character_set_client */;
/*!50503 SET character_set_client = utf8mb4 */;
CREATE TABLE `ec_discount_customers` (
  `discount_id` bigint unsigned NOT NULL,
  `customer_id` bigint unsigned NOT NULL,
  PRIMARY KEY (`discount_id`,`customer_id`)
) ENGINE=InnoDB DEFAULT CHARSET=utf8mb4 COLLATE=utf8mb4_unicode_ci;
/*!40101 SET character_set_client = @saved_cs_client */;

--
-- Dumping data for table `ec_discount_customers`
--

LOCK TABLES `ec_discount_customers` WRITE;
/*!40000 ALTER TABLE `ec_discount_customers` DISABLE KEYS */;
/*!40000 ALTER TABLE `ec_discount_customers` ENABLE KEYS */;
UNLOCK TABLES;

--
-- Table structure for table `ec_discount_product_collections`
--

DROP TABLE IF EXISTS `ec_discount_product_collections`;
/*!40101 SET @saved_cs_client     = @@character_set_client */;
/*!50503 SET character_set_client = utf8mb4 */;
CREATE TABLE `ec_discount_product_collections` (
  `discount_id` bigint unsigned NOT NULL,
  `product_collection_id` bigint unsigned NOT NULL,
  PRIMARY KEY (`discount_id`,`product_collection_id`)
) ENGINE=InnoDB DEFAULT CHARSET=utf8mb4 COLLATE=utf8mb4_unicode_ci;
/*!40101 SET character_set_client = @saved_cs_client */;

--
-- Dumping data for table `ec_discount_product_collections`
--

LOCK TABLES `ec_discount_product_collections` WRITE;
/*!40000 ALTER TABLE `ec_discount_product_collections` DISABLE KEYS */;
/*!40000 ALTER TABLE `ec_discount_product_collections` ENABLE KEYS */;
UNLOCK TABLES;

--
-- Table structure for table `ec_discount_products`
--

DROP TABLE IF EXISTS `ec_discount_products`;
/*!40101 SET @saved_cs_client     = @@character_set_client */;
/*!50503 SET character_set_client = utf8mb4 */;
CREATE TABLE `ec_discount_products` (
  `discount_id` bigint unsigned NOT NULL,
  `product_id` bigint unsigned NOT NULL,
  PRIMARY KEY (`discount_id`,`product_id`)
) ENGINE=InnoDB DEFAULT CHARSET=utf8mb4 COLLATE=utf8mb4_unicode_ci;
/*!40101 SET character_set_client = @saved_cs_client */;

--
-- Dumping data for table `ec_discount_products`
--

LOCK TABLES `ec_discount_products` WRITE;
/*!40000 ALTER TABLE `ec_discount_products` DISABLE KEYS */;
/*!40000 ALTER TABLE `ec_discount_products` ENABLE KEYS */;
UNLOCK TABLES;

--
-- Table structure for table `ec_discounts`
--

DROP TABLE IF EXISTS `ec_discounts`;
/*!40101 SET @saved_cs_client     = @@character_set_client */;
/*!50503 SET character_set_client = utf8mb4 */;
CREATE TABLE `ec_discounts` (
  `id` bigint unsigned NOT NULL AUTO_INCREMENT,
  `title` varchar(120) CHARACTER SET utf8mb4 COLLATE utf8mb4_unicode_ci DEFAULT NULL,
  `code` varchar(20) CHARACTER SET utf8mb4 COLLATE utf8mb4_unicode_ci DEFAULT NULL,
  `start_date` datetime DEFAULT NULL,
  `end_date` datetime DEFAULT NULL,
  `quantity` int DEFAULT NULL,
  `total_used` int unsigned NOT NULL DEFAULT '0',
  `value` double DEFAULT NULL,
  `type` varchar(60) CHARACTER SET utf8mb4 COLLATE utf8mb4_unicode_ci DEFAULT 'coupon',
  `can_use_with_promotion` tinyint(1) NOT NULL DEFAULT '0',
  `discount_on` varchar(20) CHARACTER SET utf8mb4 COLLATE utf8mb4_unicode_ci DEFAULT NULL,
  `product_quantity` int unsigned DEFAULT NULL,
  `type_option` varchar(100) CHARACTER SET utf8mb4 COLLATE utf8mb4_unicode_ci NOT NULL DEFAULT 'amount',
  `target` varchar(100) CHARACTER SET utf8mb4 COLLATE utf8mb4_unicode_ci NOT NULL DEFAULT 'all-orders',
  `min_order_price` decimal(15,2) DEFAULT NULL,
  `created_at` timestamp NULL DEFAULT NULL,
  `updated_at` timestamp NULL DEFAULT NULL,
  `store_id` bigint unsigned DEFAULT NULL,
  PRIMARY KEY (`id`),
  UNIQUE KEY `ec_discounts_code_unique` (`code`)
) ENGINE=InnoDB DEFAULT CHARSET=utf8mb4 COLLATE=utf8mb4_unicode_ci;
/*!40101 SET character_set_client = @saved_cs_client */;

--
-- Dumping data for table `ec_discounts`
--

LOCK TABLES `ec_discounts` WRITE;
/*!40000 ALTER TABLE `ec_discounts` DISABLE KEYS */;
/*!40000 ALTER TABLE `ec_discounts` ENABLE KEYS */;
UNLOCK TABLES;

--
-- Table structure for table `ec_flash_sale_products`
--

DROP TABLE IF EXISTS `ec_flash_sale_products`;
/*!40101 SET @saved_cs_client     = @@character_set_client */;
/*!50503 SET character_set_client = utf8mb4 */;
CREATE TABLE `ec_flash_sale_products` (
  `flash_sale_id` bigint unsigned NOT NULL,
  `product_id` bigint unsigned NOT NULL,
  `price` double unsigned DEFAULT NULL,
  `quantity` int unsigned DEFAULT NULL,
  `sold` int unsigned NOT NULL DEFAULT '0'
) ENGINE=InnoDB DEFAULT CHARSET=utf8mb4 COLLATE=utf8mb4_unicode_ci;
/*!40101 SET character_set_client = @saved_cs_client */;

--
-- Dumping data for table `ec_flash_sale_products`
--

LOCK TABLES `ec_flash_sale_products` WRITE;
/*!40000 ALTER TABLE `ec_flash_sale_products` DISABLE KEYS */;
INSERT INTO `ec_flash_sale_products` VALUES (1,5,41.83,13,5),(2,2,340.09,10,3),(3,7,40.3,17,4),(4,22,98.6,12,1),(5,17,71.68,15,2),(6,1,182.7,8,5),(6,2,282.61,11,2),(6,3,239.19,20,5),(6,4,45.5198,16,1),(6,5,41.83,12,5),(6,6,28.2,20,4),(6,7,72.8,8,5),(6,8,84.6336,20,1),(6,9,78.39,12,4),(6,10,143,10,2),(6,11,69,6,1),(6,12,93.6903,12,3),(6,13,64,18,1),(6,14,38.72,19,4),(6,15,110.94,14,4),(6,16,71.1474,11,3),(6,17,61.6,17,1),(6,18,46.74,7,4),(6,19,39.68,13,3),(6,20,74.97,7,5);
/*!40000 ALTER TABLE `ec_flash_sale_products` ENABLE KEYS */;
UNLOCK TABLES;

--
-- Table structure for table `ec_flash_sales`
--

DROP TABLE IF EXISTS `ec_flash_sales`;
/*!40101 SET @saved_cs_client     = @@character_set_client */;
/*!50503 SET character_set_client = utf8mb4 */;
CREATE TABLE `ec_flash_sales` (
  `id` bigint unsigned NOT NULL AUTO_INCREMENT,
  `name` varchar(255) CHARACTER SET utf8mb4 COLLATE utf8mb4_unicode_ci NOT NULL,
  `end_date` datetime NOT NULL,
  `status` varchar(60) CHARACTER SET utf8mb4 COLLATE utf8mb4_unicode_ci NOT NULL DEFAULT 'published',
  `created_at` timestamp NULL DEFAULT NULL,
  `updated_at` timestamp NULL DEFAULT NULL,
  PRIMARY KEY (`id`)
) ENGINE=InnoDB AUTO_INCREMENT=7 DEFAULT CHARSET=utf8mb4 COLLATE=utf8mb4_unicode_ci;
/*!40101 SET character_set_client = @saved_cs_client */;

--
-- Dumping data for table `ec_flash_sales`
--

LOCK TABLES `ec_flash_sales` WRITE;
/*!40000 ALTER TABLE `ec_flash_sales` DISABLE KEYS */;
INSERT INTO `ec_flash_sales` VALUES (1,'Deal of the Day','2023-04-05 00:00:00','published','2023-03-05 23:42:57','2023-03-05 23:42:57'),(2,'Flash sale 2','2023-04-22 00:00:00','published','2023-03-05 23:42:57','2023-03-05 23:42:57'),(3,'Flash sale 3','2023-04-21 00:00:00','published','2023-03-05 23:42:57','2023-03-05 23:42:57'),(4,'Flash sale 4','2023-03-27 00:00:00','published','2023-03-05 23:42:57','2023-03-05 23:42:57'),(5,'Flash sale 5','2023-04-16 00:00:00','published','2023-03-05 23:42:57','2023-03-05 23:42:57'),(6,'Daily Best Sales','2023-04-05 00:00:00','published','2023-03-05 23:42:57','2023-03-05 23:42:57');
/*!40000 ALTER TABLE `ec_flash_sales` ENABLE KEYS */;
UNLOCK TABLES;

--
-- Table structure for table `ec_flash_sales_translations`
--

DROP TABLE IF EXISTS `ec_flash_sales_translations`;
/*!40101 SET @saved_cs_client     = @@character_set_client */;
/*!50503 SET character_set_client = utf8mb4 */;
CREATE TABLE `ec_flash_sales_translations` (
  `lang_code` varchar(191) CHARACTER SET utf8mb4 COLLATE utf8mb4_unicode_ci NOT NULL,
  `ec_flash_sales_id` bigint unsigned NOT NULL,
  `name` varchar(191) CHARACTER SET utf8mb4 COLLATE utf8mb4_unicode_ci DEFAULT NULL,
  PRIMARY KEY (`lang_code`,`ec_flash_sales_id`)
) ENGINE=InnoDB DEFAULT CHARSET=utf8mb4 COLLATE=utf8mb4_unicode_ci;
/*!40101 SET character_set_client = @saved_cs_client */;

--
-- Dumping data for table `ec_flash_sales_translations`
--

LOCK TABLES `ec_flash_sales_translations` WRITE;
/*!40000 ALTER TABLE `ec_flash_sales_translations` DISABLE KEYS */;
INSERT INTO `ec_flash_sales_translations` VALUES ('vi',1,'Ưu đãi trong ngày'),('vi',2,'Khuyến mãi 2'),('vi',3,'Khuyến mãi 3'),('vi',4,'Khuyến mãi 4'),('vi',5,'Khuyến mãi 5'),('vi',6,'Bán tốt nhất hàng ngày');
/*!40000 ALTER TABLE `ec_flash_sales_translations` ENABLE KEYS */;
UNLOCK TABLES;

--
-- Table structure for table `ec_global_option_value`
--

DROP TABLE IF EXISTS `ec_global_option_value`;
/*!40101 SET @saved_cs_client     = @@character_set_client */;
/*!50503 SET character_set_client = utf8mb4 */;
CREATE TABLE `ec_global_option_value` (
  `option_id` bigint unsigned NOT NULL COMMENT 'option id',
  `id` bigint unsigned NOT NULL AUTO_INCREMENT,
  `option_value` tinytext CHARACTER SET utf8mb4 COLLATE utf8mb4_unicode_ci COMMENT 'option value',
  `affect_price` double DEFAULT NULL COMMENT 'value of price of this option affect',
  `order` int NOT NULL DEFAULT '9999',
  `affect_type` tinyint NOT NULL DEFAULT '0' COMMENT '0. fixed 1. percent',
  `created_at` timestamp NULL DEFAULT NULL,
  `updated_at` timestamp NULL DEFAULT NULL,
  PRIMARY KEY (`id`)
) ENGINE=InnoDB AUTO_INCREMENT=13 DEFAULT CHARSET=utf8mb4 COLLATE=utf8mb4_unicode_ci;
/*!40101 SET character_set_client = @saved_cs_client */;

--
-- Dumping data for table `ec_global_option_value`
--

LOCK TABLES `ec_global_option_value` WRITE;
/*!40000 ALTER TABLE `ec_global_option_value` DISABLE KEYS */;
INSERT INTO `ec_global_option_value` VALUES (1,1,'1 Year',0,9999,0,'2023-03-05 23:43:03','2023-03-05 23:43:03'),(1,2,'2 Year',10,9999,0,'2023-03-05 23:43:03','2023-03-05 23:43:03'),(1,3,'3 Year',20,9999,0,'2023-03-05 23:43:03','2023-03-05 23:43:03'),(3,7,'Core i5',0,9999,0,'2023-03-05 23:43:03','2023-03-05 23:43:03'),(3,8,'Core i7',10,9999,0,'2023-03-05 23:43:03','2023-03-05 23:43:03'),(3,9,'Core i9',20,9999,0,'2023-03-05 23:43:03','2023-03-05 23:43:03'),(4,10,'128GB',0,9999,0,'2023-03-05 23:43:03','2023-03-05 23:43:03'),(4,11,'256GB',10,9999,0,'2023-03-05 23:43:03','2023-03-05 23:43:03'),(4,12,'512GB',20,9999,0,'2023-03-05 23:43:03','2023-03-05 23:43:03');
/*!40000 ALTER TABLE `ec_global_option_value` ENABLE KEYS */;
UNLOCK TABLES;

--
-- Table structure for table `ec_global_option_value_translations`
--

DROP TABLE IF EXISTS `ec_global_option_value_translations`;
/*!40101 SET @saved_cs_client     = @@character_set_client */;
/*!50503 SET character_set_client = utf8mb4 */;
CREATE TABLE `ec_global_option_value_translations` (
  `lang_code` varchar(191) CHARACTER SET utf8mb4 COLLATE utf8mb4_unicode_ci NOT NULL,
  `ec_global_option_value_id` bigint unsigned NOT NULL,
  `option_value` varchar(255) CHARACTER SET utf8mb4 COLLATE utf8mb4_unicode_ci DEFAULT NULL,
  PRIMARY KEY (`lang_code`,`ec_global_option_value_id`)
) ENGINE=InnoDB DEFAULT CHARSET=utf8mb4 COLLATE=utf8mb4_unicode_ci;
/*!40101 SET character_set_client = @saved_cs_client */;

--
-- Dumping data for table `ec_global_option_value_translations`
--

LOCK TABLES `ec_global_option_value_translations` WRITE;
/*!40000 ALTER TABLE `ec_global_option_value_translations` DISABLE KEYS */;
/*!40000 ALTER TABLE `ec_global_option_value_translations` ENABLE KEYS */;
UNLOCK TABLES;

--
-- Table structure for table `ec_global_options`
--

DROP TABLE IF EXISTS `ec_global_options`;
/*!40101 SET @saved_cs_client     = @@character_set_client */;
/*!50503 SET character_set_client = utf8mb4 */;
CREATE TABLE `ec_global_options` (
  `id` bigint unsigned NOT NULL AUTO_INCREMENT,
  `name` varchar(191) CHARACTER SET utf8mb4 COLLATE utf8mb4_unicode_ci NOT NULL COMMENT 'Name of options',
  `option_type` varchar(191) CHARACTER SET utf8mb4 COLLATE utf8mb4_unicode_ci NOT NULL COMMENT 'option type',
  `required` tinyint(1) NOT NULL DEFAULT '0' COMMENT 'Checked if this option is required',
  `created_at` timestamp NULL DEFAULT NULL,
  `updated_at` timestamp NULL DEFAULT NULL,
  PRIMARY KEY (`id`)
) ENGINE=InnoDB AUTO_INCREMENT=5 DEFAULT CHARSET=utf8mb4 COLLATE=utf8mb4_unicode_ci;
/*!40101 SET character_set_client = @saved_cs_client */;

--
-- Dumping data for table `ec_global_options`
--

LOCK TABLES `ec_global_options` WRITE;
/*!40000 ALTER TABLE `ec_global_options` DISABLE KEYS */;
INSERT INTO `ec_global_options` VALUES (1,'Warranty','Botble\\Ecommerce\\Option\\OptionType\\RadioButton',1,'2023-03-05 23:43:03','2023-03-05 23:43:03'),(3,'CPU','Botble\\Ecommerce\\Option\\OptionType\\RadioButton',1,'2023-03-05 23:43:03','2023-03-05 23:43:03'),(4,'HDD','Botble\\Ecommerce\\Option\\OptionType\\Dropdown',0,'2023-03-05 23:43:03','2023-03-05 23:43:03');
/*!40000 ALTER TABLE `ec_global_options` ENABLE KEYS */;
UNLOCK TABLES;

--
-- Table structure for table `ec_global_options_translations`
--

DROP TABLE IF EXISTS `ec_global_options_translations`;
/*!40101 SET @saved_cs_client     = @@character_set_client */;
/*!50503 SET character_set_client = utf8mb4 */;
CREATE TABLE `ec_global_options_translations` (
  `lang_code` varchar(191) CHARACTER SET utf8mb4 COLLATE utf8mb4_unicode_ci NOT NULL,
  `ec_global_options_id` bigint unsigned NOT NULL,
  `name` varchar(255) CHARACTER SET utf8mb4 COLLATE utf8mb4_unicode_ci DEFAULT NULL,
  PRIMARY KEY (`lang_code`,`ec_global_options_id`)
) ENGINE=InnoDB DEFAULT CHARSET=utf8mb4 COLLATE=utf8mb4_unicode_ci;
/*!40101 SET character_set_client = @saved_cs_client */;

--
-- Dumping data for table `ec_global_options_translations`
--

LOCK TABLES `ec_global_options_translations` WRITE;
/*!40000 ALTER TABLE `ec_global_options_translations` DISABLE KEYS */;
/*!40000 ALTER TABLE `ec_global_options_translations` ENABLE KEYS */;
UNLOCK TABLES;

--
-- Table structure for table `ec_grouped_products`
--

DROP TABLE IF EXISTS `ec_grouped_products`;
/*!40101 SET @saved_cs_client     = @@character_set_client */;
/*!50503 SET character_set_client = utf8mb4 */;
CREATE TABLE `ec_grouped_products` (
  `id` bigint unsigned NOT NULL AUTO_INCREMENT,
  `parent_product_id` bigint unsigned NOT NULL,
  `product_id` bigint unsigned NOT NULL,
  `fixed_qty` int NOT NULL DEFAULT '1',
  PRIMARY KEY (`id`)
) ENGINE=InnoDB DEFAULT CHARSET=utf8mb4 COLLATE=utf8mb4_unicode_ci;
/*!40101 SET character_set_client = @saved_cs_client */;

--
-- Dumping data for table `ec_grouped_products`
--

LOCK TABLES `ec_grouped_products` WRITE;
/*!40000 ALTER TABLE `ec_grouped_products` DISABLE KEYS */;
/*!40000 ALTER TABLE `ec_grouped_products` ENABLE KEYS */;
UNLOCK TABLES;

--
-- Table structure for table `ec_invoice_items`
--

DROP TABLE IF EXISTS `ec_invoice_items`;
/*!40101 SET @saved_cs_client     = @@character_set_client */;
/*!50503 SET character_set_client = utf8mb4 */;
CREATE TABLE `ec_invoice_items` (
  `id` bigint unsigned NOT NULL AUTO_INCREMENT,
  `invoice_id` bigint unsigned NOT NULL,
  `reference_type` varchar(191) CHARACTER SET utf8mb4 COLLATE utf8mb4_unicode_ci NOT NULL,
  `reference_id` bigint unsigned NOT NULL,
  `name` varchar(191) CHARACTER SET utf8mb4 COLLATE utf8mb4_unicode_ci NOT NULL,
  `description` varchar(191) CHARACTER SET utf8mb4 COLLATE utf8mb4_unicode_ci DEFAULT NULL,
  `image` varchar(191) CHARACTER SET utf8mb4 COLLATE utf8mb4_unicode_ci DEFAULT NULL,
  `qty` int unsigned NOT NULL,
  `sub_total` decimal(15,2) unsigned NOT NULL,
  `tax_amount` decimal(15,2) unsigned NOT NULL DEFAULT '0.00',
  `discount_amount` decimal(15,2) unsigned NOT NULL DEFAULT '0.00',
  `amount` decimal(15,2) unsigned NOT NULL,
  `options` text CHARACTER SET utf8mb4 COLLATE utf8mb4_unicode_ci,
  `created_at` timestamp NULL DEFAULT NULL,
  `updated_at` timestamp NULL DEFAULT NULL,
  PRIMARY KEY (`id`),
  KEY `ec_invoice_items_reference_type_reference_id_index` (`reference_type`,`reference_id`)
) ENGINE=InnoDB DEFAULT CHARSET=utf8mb4 COLLATE=utf8mb4_unicode_ci;
/*!40101 SET character_set_client = @saved_cs_client */;

--
-- Dumping data for table `ec_invoice_items`
--

LOCK TABLES `ec_invoice_items` WRITE;
/*!40000 ALTER TABLE `ec_invoice_items` DISABLE KEYS */;
/*!40000 ALTER TABLE `ec_invoice_items` ENABLE KEYS */;
UNLOCK TABLES;

--
-- Table structure for table `ec_invoices`
--

DROP TABLE IF EXISTS `ec_invoices`;
/*!40101 SET @saved_cs_client     = @@character_set_client */;
/*!50503 SET character_set_client = utf8mb4 */;
CREATE TABLE `ec_invoices` (
  `id` bigint unsigned NOT NULL AUTO_INCREMENT,
  `reference_type` varchar(191) CHARACTER SET utf8mb4 COLLATE utf8mb4_unicode_ci NOT NULL,
  `reference_id` bigint unsigned NOT NULL,
  `code` varchar(191) CHARACTER SET utf8mb4 COLLATE utf8mb4_unicode_ci NOT NULL,
  `customer_name` varchar(191) CHARACTER SET utf8mb4 COLLATE utf8mb4_unicode_ci DEFAULT NULL,
  `company_name` varchar(191) CHARACTER SET utf8mb4 COLLATE utf8mb4_unicode_ci DEFAULT NULL,
  `company_logo` varchar(191) CHARACTER SET utf8mb4 COLLATE utf8mb4_unicode_ci DEFAULT NULL,
  `customer_email` varchar(191) CHARACTER SET utf8mb4 COLLATE utf8mb4_unicode_ci DEFAULT NULL,
  `customer_phone` varchar(191) CHARACTER SET utf8mb4 COLLATE utf8mb4_unicode_ci DEFAULT NULL,
  `customer_address` varchar(191) CHARACTER SET utf8mb4 COLLATE utf8mb4_unicode_ci DEFAULT NULL,
  `customer_tax_id` varchar(191) CHARACTER SET utf8mb4 COLLATE utf8mb4_unicode_ci DEFAULT NULL,
  `sub_total` decimal(15,2) unsigned NOT NULL,
  `tax_amount` decimal(15,2) unsigned NOT NULL DEFAULT '0.00',
  `shipping_amount` decimal(15,2) unsigned NOT NULL DEFAULT '0.00',
  `discount_amount` decimal(15,2) unsigned NOT NULL DEFAULT '0.00',
  `shipping_option` varchar(60) CHARACTER SET utf8mb4 COLLATE utf8mb4_unicode_ci DEFAULT NULL,
  `shipping_method` varchar(60) CHARACTER SET utf8mb4 COLLATE utf8mb4_unicode_ci NOT NULL DEFAULT 'default',
  `coupon_code` varchar(120) CHARACTER SET utf8mb4 COLLATE utf8mb4_unicode_ci DEFAULT NULL,
  `discount_description` varchar(255) CHARACTER SET utf8mb4 COLLATE utf8mb4_unicode_ci DEFAULT NULL,
  `amount` decimal(15,2) unsigned NOT NULL,
  `description` text CHARACTER SET utf8mb4 COLLATE utf8mb4_unicode_ci,
  `payment_id` bigint unsigned DEFAULT NULL,
  `status` varchar(191) CHARACTER SET utf8mb4 COLLATE utf8mb4_unicode_ci NOT NULL DEFAULT 'pending',
  `paid_at` timestamp NULL DEFAULT NULL,
  `created_at` timestamp NULL DEFAULT NULL,
  `updated_at` timestamp NULL DEFAULT NULL,
  PRIMARY KEY (`id`),
  UNIQUE KEY `ec_invoices_code_unique` (`code`),
  KEY `ec_invoices_reference_type_reference_id_index` (`reference_type`,`reference_id`),
  KEY `ec_invoices_payment_id_index` (`payment_id`),
  KEY `ec_invoices_status_index` (`status`)
) ENGINE=InnoDB DEFAULT CHARSET=utf8mb4 COLLATE=utf8mb4_unicode_ci;
/*!40101 SET character_set_client = @saved_cs_client */;

--
-- Dumping data for table `ec_invoices`
--

LOCK TABLES `ec_invoices` WRITE;
/*!40000 ALTER TABLE `ec_invoices` DISABLE KEYS */;
/*!40000 ALTER TABLE `ec_invoices` ENABLE KEYS */;
UNLOCK TABLES;

--
-- Table structure for table `ec_option_value`
--

DROP TABLE IF EXISTS `ec_option_value`;
/*!40101 SET @saved_cs_client     = @@character_set_client */;
/*!50503 SET character_set_client = utf8mb4 */;
CREATE TABLE `ec_option_value` (
  `option_id` bigint unsigned NOT NULL COMMENT 'option id',
  `id` bigint unsigned NOT NULL AUTO_INCREMENT,
  `option_value` tinytext CHARACTER SET utf8mb4 COLLATE utf8mb4_unicode_ci COMMENT 'option value',
  `affect_price` double DEFAULT NULL COMMENT 'value of price of this option affect',
  `order` int NOT NULL DEFAULT '9999',
  `affect_type` tinyint NOT NULL DEFAULT '0' COMMENT '0. fixed 1. percent',
  `created_at` timestamp NULL DEFAULT NULL,
  `updated_at` timestamp NULL DEFAULT NULL,
  PRIMARY KEY (`id`)
) ENGINE=InnoDB DEFAULT CHARSET=utf8mb4 COLLATE=utf8mb4_unicode_ci;
/*!40101 SET character_set_client = @saved_cs_client */;

--
-- Dumping data for table `ec_option_value`
--

LOCK TABLES `ec_option_value` WRITE;
/*!40000 ALTER TABLE `ec_option_value` DISABLE KEYS */;
/*!40000 ALTER TABLE `ec_option_value` ENABLE KEYS */;
UNLOCK TABLES;

--
-- Table structure for table `ec_option_value_translations`
--

DROP TABLE IF EXISTS `ec_option_value_translations`;
/*!40101 SET @saved_cs_client     = @@character_set_client */;
/*!50503 SET character_set_client = utf8mb4 */;
CREATE TABLE `ec_option_value_translations` (
  `lang_code` varchar(191) CHARACTER SET utf8mb4 COLLATE utf8mb4_unicode_ci NOT NULL,
  `ec_option_value_id` bigint unsigned NOT NULL,
  `option_value` varchar(255) CHARACTER SET utf8mb4 COLLATE utf8mb4_unicode_ci DEFAULT NULL,
  PRIMARY KEY (`lang_code`,`ec_option_value_id`)
) ENGINE=InnoDB DEFAULT CHARSET=utf8mb4 COLLATE=utf8mb4_unicode_ci;
/*!40101 SET character_set_client = @saved_cs_client */;

--
-- Dumping data for table `ec_option_value_translations`
--

LOCK TABLES `ec_option_value_translations` WRITE;
/*!40000 ALTER TABLE `ec_option_value_translations` DISABLE KEYS */;
/*!40000 ALTER TABLE `ec_option_value_translations` ENABLE KEYS */;
UNLOCK TABLES;

--
-- Table structure for table `ec_options`
--

DROP TABLE IF EXISTS `ec_options`;
/*!40101 SET @saved_cs_client     = @@character_set_client */;
/*!50503 SET character_set_client = utf8mb4 */;
CREATE TABLE `ec_options` (
  `id` bigint unsigned NOT NULL AUTO_INCREMENT,
  `name` varchar(191) CHARACTER SET utf8mb4 COLLATE utf8mb4_unicode_ci NOT NULL COMMENT 'Name of options',
  `option_type` varchar(191) CHARACTER SET utf8mb4 COLLATE utf8mb4_unicode_ci DEFAULT NULL COMMENT 'option type',
  `product_id` bigint unsigned NOT NULL DEFAULT '0',
  `order` int NOT NULL DEFAULT '9999',
  `required` tinyint(1) NOT NULL DEFAULT '0' COMMENT 'Checked if this option is required',
  `created_at` timestamp NULL DEFAULT NULL,
  `updated_at` timestamp NULL DEFAULT NULL,
  PRIMARY KEY (`id`)
) ENGINE=InnoDB DEFAULT CHARSET=utf8mb4 COLLATE=utf8mb4_unicode_ci;
/*!40101 SET character_set_client = @saved_cs_client */;

--
-- Dumping data for table `ec_options`
--

LOCK TABLES `ec_options` WRITE;
/*!40000 ALTER TABLE `ec_options` DISABLE KEYS */;
/*!40000 ALTER TABLE `ec_options` ENABLE KEYS */;
UNLOCK TABLES;

--
-- Table structure for table `ec_options_translations`
--

DROP TABLE IF EXISTS `ec_options_translations`;
/*!40101 SET @saved_cs_client     = @@character_set_client */;
/*!50503 SET character_set_client = utf8mb4 */;
CREATE TABLE `ec_options_translations` (
  `lang_code` varchar(191) CHARACTER SET utf8mb4 COLLATE utf8mb4_unicode_ci NOT NULL,
  `ec_options_id` bigint unsigned NOT NULL,
  `name` varchar(255) CHARACTER SET utf8mb4 COLLATE utf8mb4_unicode_ci DEFAULT NULL,
  PRIMARY KEY (`lang_code`,`ec_options_id`)
) ENGINE=InnoDB DEFAULT CHARSET=utf8mb4 COLLATE=utf8mb4_unicode_ci;
/*!40101 SET character_set_client = @saved_cs_client */;

--
-- Dumping data for table `ec_options_translations`
--

LOCK TABLES `ec_options_translations` WRITE;
/*!40000 ALTER TABLE `ec_options_translations` DISABLE KEYS */;
/*!40000 ALTER TABLE `ec_options_translations` ENABLE KEYS */;
UNLOCK TABLES;

--
-- Table structure for table `ec_order_addresses`
--

DROP TABLE IF EXISTS `ec_order_addresses`;
/*!40101 SET @saved_cs_client     = @@character_set_client */;
/*!50503 SET character_set_client = utf8mb4 */;
CREATE TABLE `ec_order_addresses` (
  `id` bigint unsigned NOT NULL AUTO_INCREMENT,
  `name` varchar(191) CHARACTER SET utf8mb4 COLLATE utf8mb4_unicode_ci NOT NULL,
  `phone` varchar(20) CHARACTER SET utf8mb4 COLLATE utf8mb4_unicode_ci DEFAULT NULL,
  `email` varchar(191) CHARACTER SET utf8mb4 COLLATE utf8mb4_unicode_ci DEFAULT NULL,
  `country` varchar(120) CHARACTER SET utf8mb4 COLLATE utf8mb4_unicode_ci DEFAULT NULL,
  `state` varchar(120) CHARACTER SET utf8mb4 COLLATE utf8mb4_unicode_ci DEFAULT NULL,
  `city` varchar(120) CHARACTER SET utf8mb4 COLLATE utf8mb4_unicode_ci DEFAULT NULL,
  `address` varchar(255) CHARACTER SET utf8mb4 COLLATE utf8mb4_unicode_ci DEFAULT NULL,
  `order_id` bigint unsigned NOT NULL,
  `zip_code` varchar(20) CHARACTER SET utf8mb4 COLLATE utf8mb4_unicode_ci DEFAULT NULL,
  `type` varchar(60) CHARACTER SET utf8mb4 COLLATE utf8mb4_unicode_ci NOT NULL DEFAULT 'shipping_address',
  PRIMARY KEY (`id`)
) ENGINE=InnoDB AUTO_INCREMENT=40 DEFAULT CHARSET=utf8mb4 COLLATE=utf8mb4_unicode_ci;
/*!40101 SET character_set_client = @saved_cs_client */;

--
-- Dumping data for table `ec_order_addresses`
--

LOCK TABLES `ec_order_addresses` WRITE;
/*!40000 ALTER TABLE `ec_order_addresses` DISABLE KEYS */;
INSERT INTO `ec_order_addresses` VALUES (1,'Prof. Paolo Rempel PhD','+17275605777','irwin34@example.com','LB','Alaska','Schroederfort','657 Davonte Ports',1,'09329','shipping_address'),(2,'Prof. Paolo Rempel PhD','+17275605777','irwin34@example.com','LB','Alaska','Schroederfort','657 Davonte Ports',2,'09329','shipping_address'),(3,'June Schaden','+15597689195','rhane@example.com','AO','Mississippi','Williamsonside','7425 Felicity Path',3,'72849-5238','shipping_address'),(4,'June Schaden','+15597689195','rhane@example.com','AO','Mississippi','Williamsonside','7425 Felicity Path',4,'72849-5238','shipping_address'),(5,'Christiana Maggio','+14634045348','marcella.zboncak@example.com','LK','Delaware','Port Aubree','868 Morris Shore Apt. 670',5,'42462','shipping_address'),(6,'Christiana Maggio','+14634045348','marcella.zboncak@example.com','LK','Delaware','Port Aubree','868 Morris Shore Apt. 670',6,'42462','shipping_address'),(7,'Enid Shields II','+16299327828','wilber.abshire@example.org','BD','Oregon','Loisfurt','4246 Mervin Divide',7,'46067','shipping_address'),(8,'Enid Shields II','+16299327828','wilber.abshire@example.org','BD','Oregon','Loisfurt','4246 Mervin Divide',8,'46067','shipping_address'),(9,'Christiana Maggio','+14634045348','marcella.zboncak@example.com','LK','Delaware','Port Aubree','868 Morris Shore Apt. 670',9,'42462','shipping_address'),(10,'Dalton Hyatt','+18702148179','lonnie.larson@example.com','NI','Virginia','South Grayson','743 Wolf Lakes Apt. 773',10,'63515-9524','shipping_address'),(11,'Dalton Hyatt','+18702148179','lonnie.larson@example.com','NI','Virginia','South Grayson','743 Wolf Lakes Apt. 773',11,'63515-9524','shipping_address'),(12,'Dalton Hyatt','+18702148179','lonnie.larson@example.com','NI','Virginia','South Grayson','743 Wolf Lakes Apt. 773',12,'63515-9524','shipping_address'),(13,'June Schaden','+15597689195','rhane@example.com','AO','Mississippi','Williamsonside','7425 Felicity Path',13,'72849-5238','shipping_address'),(14,'June Schaden','+15597689195','rhane@example.com','AO','Mississippi','Williamsonside','7425 Felicity Path',14,'72849-5238','shipping_address'),(15,'Dalton Hyatt','+18702148179','lonnie.larson@example.com','NI','Virginia','South Grayson','743 Wolf Lakes Apt. 773',15,'63515-9524','shipping_address'),(16,'Enid Shields II','+16299327828','wilber.abshire@example.org','BD','Oregon','Loisfurt','4246 Mervin Divide',16,'46067','shipping_address'),(17,'Enid Shields II','+16299327828','wilber.abshire@example.org','BD','Oregon','Loisfurt','4246 Mervin Divide',17,'46067','shipping_address'),(18,'Enid Shields II','+16299327828','wilber.abshire@example.org','BD','Oregon','Loisfurt','4246 Mervin Divide',18,'46067','shipping_address'),(19,'Ms. Anahi Ziemann II','+17867746686','customer@botble.com','SX','Florida','Esperanzaside','4739 Octavia Flat',19,'65658-4733','shipping_address'),(20,'Ms. Anahi Ziemann II','+17867746686','customer@botble.com','SX','Florida','Esperanzaside','4739 Octavia Flat',20,'65658-4733','shipping_address'),(21,'Ms. Anahi Ziemann II','+17867746686','customer@botble.com','SX','Florida','Esperanzaside','4739 Octavia Flat',21,'65658-4733','shipping_address'),(22,'Ms. Anahi Ziemann II','+17867746686','customer@botble.com','SX','Florida','Esperanzaside','4739 Octavia Flat',22,'65658-4733','shipping_address'),(23,'Enid Shields II','+16299327828','wilber.abshire@example.org','BD','Oregon','Loisfurt','4246 Mervin Divide',23,'46067','shipping_address'),(24,'Enid Shields II','+16299327828','wilber.abshire@example.org','BD','Oregon','Loisfurt','4246 Mervin Divide',24,'46067','shipping_address'),(25,'Enid Shields II','+16299327828','wilber.abshire@example.org','BD','Oregon','Loisfurt','4246 Mervin Divide',25,'46067','shipping_address'),(26,'Christiana Maggio','+14634045348','marcella.zboncak@example.com','LK','Delaware','Port Aubree','868 Morris Shore Apt. 670',26,'42462','shipping_address'),(27,'Dalton Hyatt','+18702148179','lonnie.larson@example.com','NI','Virginia','South Grayson','743 Wolf Lakes Apt. 773',27,'63515-9524','shipping_address'),(28,'Dalton Hyatt','+18702148179','lonnie.larson@example.com','NI','Virginia','South Grayson','743 Wolf Lakes Apt. 773',28,'63515-9524','shipping_address'),(29,'Ms. Anahi Ziemann II','+17867746686','customer@botble.com','SX','Florida','Esperanzaside','4739 Octavia Flat',29,'65658-4733','shipping_address'),(30,'Ms. Anahi Ziemann II','+17867746686','customer@botble.com','SX','Florida','Esperanzaside','4739 Octavia Flat',30,'65658-4733','shipping_address'),(31,'June Schaden','+15597689195','rhane@example.com','AO','Mississippi','Williamsonside','7425 Felicity Path',31,'72849-5238','shipping_address'),(32,'June Schaden','+15597689195','rhane@example.com','AO','Mississippi','Williamsonside','7425 Felicity Path',32,'72849-5238','shipping_address'),(33,'June Schaden','+15597689195','rhane@example.com','AO','Mississippi','Williamsonside','7425 Felicity Path',33,'72849-5238','shipping_address'),(34,'Enid Shields II','+16299327828','wilber.abshire@example.org','BD','Oregon','Loisfurt','4246 Mervin Divide',34,'46067','shipping_address'),(35,'Enid Shields II','+16299327828','wilber.abshire@example.org','BD','Oregon','Loisfurt','4246 Mervin Divide',35,'46067','shipping_address'),(36,'Enid Shields II','+16299327828','wilber.abshire@example.org','BD','Oregon','Loisfurt','4246 Mervin Divide',36,'46067','shipping_address'),(37,'Prof. Paolo Rempel PhD','+17275605777','irwin34@example.com','LB','Alaska','Schroederfort','657 Davonte Ports',37,'09329','shipping_address'),(38,'Ms. Anahi Ziemann II','+17867746686','customer@botble.com','SX','Florida','Esperanzaside','4739 Octavia Flat',38,'65658-4733','shipping_address'),(39,'Ms. Anahi Ziemann II','+17867746686','customer@botble.com','SX','Florida','Esperanzaside','4739 Octavia Flat',39,'65658-4733','shipping_address');
/*!40000 ALTER TABLE `ec_order_addresses` ENABLE KEYS */;
UNLOCK TABLES;

--
-- Table structure for table `ec_order_histories`
--

DROP TABLE IF EXISTS `ec_order_histories`;
/*!40101 SET @saved_cs_client     = @@character_set_client */;
/*!50503 SET character_set_client = utf8mb4 */;
CREATE TABLE `ec_order_histories` (
  `id` bigint unsigned NOT NULL AUTO_INCREMENT,
  `action` varchar(120) CHARACTER SET utf8mb4 COLLATE utf8mb4_unicode_ci NOT NULL,
  `description` varchar(255) CHARACTER SET utf8mb4 COLLATE utf8mb4_unicode_ci NOT NULL,
  `user_id` bigint unsigned DEFAULT NULL,
  `order_id` bigint unsigned NOT NULL,
  `extras` text CHARACTER SET utf8mb4 COLLATE utf8mb4_unicode_ci,
  `created_at` timestamp NULL DEFAULT NULL,
  `updated_at` timestamp NULL DEFAULT NULL,
  PRIMARY KEY (`id`)
) ENGINE=InnoDB AUTO_INCREMENT=185 DEFAULT CHARSET=utf8mb4 COLLATE=utf8mb4_unicode_ci;
/*!40101 SET character_set_client = @saved_cs_client */;

--
-- Dumping data for table `ec_order_histories`
--

LOCK TABLES `ec_order_histories` WRITE;
/*!40000 ALTER TABLE `ec_order_histories` DISABLE KEYS */;
INSERT INTO `ec_order_histories` VALUES (1,'create_order_from_seeder','Order is created from the checkout page',NULL,1,NULL,'2023-02-18 23:43:05','2023-02-18 23:43:05'),(2,'confirm_order','Order was verified by %user_name%',0,1,NULL,'2023-02-18 23:43:05','2023-02-18 23:43:05'),(3,'confirm_payment','Payment was confirmed (amount $230.00) by %user_name%',0,1,NULL,'2023-03-05 23:43:05','2023-03-05 23:43:05'),(4,'create_shipment','Created shipment for order',0,1,NULL,'2023-03-05 23:43:05','2023-03-05 23:43:05'),(5,'create_order_from_seeder','Order is created from the checkout page',NULL,2,NULL,'2023-03-04 07:43:05','2023-03-04 07:43:05'),(6,'confirm_order','Order was verified by %user_name%',0,2,NULL,'2023-03-04 07:43:05','2023-03-04 07:43:05'),(7,'confirm_payment','Payment was confirmed (amount $252.00) by %user_name%',0,2,NULL,'2023-03-05 23:43:05','2023-03-05 23:43:05'),(8,'create_shipment','Created shipment for order',0,2,NULL,'2023-03-05 23:43:05','2023-03-05 23:43:05'),(9,'create_order_from_seeder','Order is created from the checkout page',NULL,3,NULL,'2023-02-26 01:43:05','2023-02-26 01:43:05'),(10,'confirm_order','Order was verified by %user_name%',0,3,NULL,'2023-02-26 01:43:05','2023-02-26 01:43:05'),(11,'confirm_payment','Payment was confirmed (amount $237.00) by %user_name%',0,3,NULL,'2023-03-05 23:43:05','2023-03-05 23:43:05'),(12,'create_shipment','Created shipment for order',0,3,NULL,'2023-03-05 23:43:05','2023-03-05 23:43:05'),(13,'update_status','Changed status of shipping to: Delivered. Updated by: %user_name%',0,3,NULL,'2023-03-05 23:43:05','2023-03-05 23:43:05'),(14,'create_order_from_seeder','Order is created from the checkout page',NULL,4,NULL,'2023-02-22 21:43:05','2023-02-22 21:43:05'),(15,'confirm_order','Order was verified by %user_name%',0,4,NULL,'2023-02-22 21:43:05','2023-02-22 21:43:05'),(16,'confirm_payment','Payment was confirmed (amount $351.00) by %user_name%',0,4,NULL,'2023-03-05 23:43:05','2023-03-05 23:43:05'),(17,'create_shipment','Created shipment for order',0,4,NULL,'2023-03-05 23:43:05','2023-03-05 23:43:05'),(18,'update_status','Changed status of shipping to: Delivered. Updated by: %user_name%',0,4,NULL,'2023-03-05 23:43:05','2023-03-05 23:43:05'),(19,'create_order_from_seeder','Order is created from the checkout page',NULL,5,NULL,'2023-02-21 23:43:05','2023-02-21 23:43:05'),(20,'confirm_order','Order was verified by %user_name%',0,5,NULL,'2023-02-21 23:43:05','2023-02-21 23:43:05'),(21,'create_shipment','Created shipment for order',0,5,NULL,'2023-03-05 23:43:05','2023-03-05 23:43:05'),(22,'update_status','Changed status of shipping to: Delivered. Updated by: %user_name%',0,5,NULL,'2023-03-05 23:43:05','2023-03-05 23:43:05'),(23,'create_order_from_seeder','Order is created from the checkout page',NULL,6,NULL,'2023-02-23 11:43:05','2023-02-23 11:43:05'),(24,'confirm_order','Order was verified by %user_name%',0,6,NULL,'2023-02-23 11:43:05','2023-02-23 11:43:05'),(25,'confirm_payment','Payment was confirmed (amount $384.00) by %user_name%',0,6,NULL,'2023-03-05 23:43:05','2023-03-05 23:43:05'),(26,'create_shipment','Created shipment for order',0,6,NULL,'2023-03-05 23:43:05','2023-03-05 23:43:05'),(27,'update_status','Changed status of shipping to: Delivered. Updated by: %user_name%',0,6,NULL,'2023-03-05 23:43:05','2023-03-05 23:43:05'),(28,'create_order_from_seeder','Order is created from the checkout page',NULL,7,NULL,'2023-03-03 03:43:05','2023-03-03 03:43:05'),(29,'confirm_order','Order was verified by %user_name%',0,7,NULL,'2023-03-03 03:43:05','2023-03-03 03:43:05'),(30,'create_shipment','Created shipment for order',0,7,NULL,'2023-03-05 23:43:05','2023-03-05 23:43:05'),(31,'update_status','Changed status of shipping to: Delivered. Updated by: %user_name%',0,7,NULL,'2023-03-05 23:43:05','2023-03-05 23:43:05'),(32,'create_order_from_seeder','Order is created from the checkout page',NULL,8,NULL,'2023-02-26 21:43:05','2023-02-26 21:43:05'),(33,'confirm_order','Order was verified by %user_name%',0,8,NULL,'2023-02-26 21:43:05','2023-02-26 21:43:05'),(34,'create_shipment','Created shipment for order',0,8,NULL,'2023-03-05 23:43:05','2023-03-05 23:43:05'),(35,'update_status','Changed status of shipping to: Delivered. Updated by: %user_name%',0,8,NULL,'2023-03-05 23:43:05','2023-03-05 23:43:05'),(36,'create_order_from_seeder','Order is created from the checkout page',NULL,9,NULL,'2023-02-25 23:43:05','2023-02-25 23:43:05'),(37,'confirm_order','Order was verified by %user_name%',0,9,NULL,'2023-02-25 23:43:05','2023-02-25 23:43:05'),(38,'confirm_payment','Payment was confirmed (amount $604.00) by %user_name%',0,9,NULL,'2023-03-05 23:43:05','2023-03-05 23:43:05'),(39,'create_shipment','Created shipment for order',0,9,NULL,'2023-03-05 23:43:05','2023-03-05 23:43:05'),(40,'update_status','Changed status of shipping to: Delivered. Updated by: %user_name%',0,9,NULL,'2023-03-05 23:43:05','2023-03-05 23:43:05'),(41,'create_order_from_seeder','Order is created from the checkout page',NULL,10,NULL,'2023-03-03 11:43:05','2023-03-03 11:43:05'),(42,'confirm_order','Order was verified by %user_name%',0,10,NULL,'2023-03-03 11:43:05','2023-03-03 11:43:05'),(43,'create_shipment','Created shipment for order',0,10,NULL,'2023-03-05 23:43:05','2023-03-05 23:43:05'),(44,'create_order_from_seeder','Order is created from the checkout page',NULL,11,NULL,'2023-02-23 23:43:05','2023-02-23 23:43:05'),(45,'confirm_order','Order was verified by %user_name%',0,11,NULL,'2023-02-23 23:43:05','2023-02-23 23:43:05'),(46,'confirm_payment','Payment was confirmed (amount $121.00) by %user_name%',0,11,NULL,'2023-03-05 23:43:05','2023-03-05 23:43:05'),(47,'create_shipment','Created shipment for order',0,11,NULL,'2023-03-05 23:43:05','2023-03-05 23:43:05'),(48,'update_status','Changed status of shipping to: Delivered. Updated by: %user_name%',0,11,NULL,'2023-03-05 23:43:05','2023-03-05 23:43:05'),(49,'create_order_from_seeder','Order is created from the checkout page',NULL,12,NULL,'2023-02-22 17:43:05','2023-02-22 17:43:05'),(50,'confirm_order','Order was verified by %user_name%',0,12,NULL,'2023-02-22 17:43:05','2023-02-22 17:43:05'),(51,'confirm_payment','Payment was confirmed (amount $342.00) by %user_name%',0,12,NULL,'2023-03-05 23:43:05','2023-03-05 23:43:05'),(52,'create_shipment','Created shipment for order',0,12,NULL,'2023-03-05 23:43:05','2023-03-05 23:43:05'),(53,'create_order_from_seeder','Order is created from the checkout page',NULL,13,NULL,'2023-02-26 23:43:05','2023-02-26 23:43:05'),(54,'confirm_order','Order was verified by %user_name%',0,13,NULL,'2023-02-26 23:43:05','2023-02-26 23:43:05'),(55,'confirm_payment','Payment was confirmed (amount $431.00) by %user_name%',0,13,NULL,'2023-03-05 23:43:05','2023-03-05 23:43:05'),(56,'create_shipment','Created shipment for order',0,13,NULL,'2023-03-05 23:43:05','2023-03-05 23:43:05'),(57,'update_status','Changed status of shipping to: Delivered. Updated by: %user_name%',0,13,NULL,'2023-03-05 23:43:05','2023-03-05 23:43:05'),(58,'create_order_from_seeder','Order is created from the checkout page',NULL,14,NULL,'2023-02-25 19:43:05','2023-02-25 19:43:05'),(59,'confirm_order','Order was verified by %user_name%',0,14,NULL,'2023-02-25 19:43:05','2023-02-25 19:43:05'),(60,'create_shipment','Created shipment for order',0,14,NULL,'2023-03-05 23:43:05','2023-03-05 23:43:05'),(61,'update_status','Changed status of shipping to: Delivered. Updated by: %user_name%',0,14,NULL,'2023-03-05 23:43:06','2023-03-05 23:43:06'),(62,'create_order_from_seeder','Order is created from the checkout page',NULL,15,NULL,'2023-02-26 09:43:06','2023-02-26 09:43:06'),(63,'confirm_order','Order was verified by %user_name%',0,15,NULL,'2023-02-26 09:43:06','2023-02-26 09:43:06'),(64,'create_shipment','Created shipment for order',0,15,NULL,'2023-03-05 23:43:06','2023-03-05 23:43:06'),(65,'update_status','Changed status of shipping to: Delivered. Updated by: %user_name%',0,15,NULL,'2023-03-05 23:43:06','2023-03-05 23:43:06'),(66,'create_order_from_seeder','Order is created from the checkout page',NULL,16,NULL,'2023-02-24 23:43:06','2023-02-24 23:43:06'),(67,'confirm_order','Order was verified by %user_name%',0,16,NULL,'2023-02-24 23:43:06','2023-02-24 23:43:06'),(68,'create_shipment','Created shipment for order',0,16,NULL,'2023-03-05 23:43:06','2023-03-05 23:43:06'),(69,'update_status','Changed status of shipping to: Delivered. Updated by: %user_name%',0,16,NULL,'2023-03-05 23:43:06','2023-03-05 23:43:06'),(70,'create_order_from_seeder','Order is created from the checkout page',NULL,17,NULL,'2023-03-03 23:43:06','2023-03-03 23:43:06'),(71,'confirm_order','Order was verified by %user_name%',0,17,NULL,'2023-03-03 23:43:06','2023-03-03 23:43:06'),(72,'confirm_payment','Payment was confirmed (amount $242.00) by %user_name%',0,17,NULL,'2023-03-05 23:43:06','2023-03-05 23:43:06'),(73,'create_shipment','Created shipment for order',0,17,NULL,'2023-03-05 23:43:06','2023-03-05 23:43:06'),(74,'create_order_from_seeder','Order is created from the checkout page',NULL,18,NULL,'2023-02-23 23:43:06','2023-02-23 23:43:06'),(75,'confirm_order','Order was verified by %user_name%',0,18,NULL,'2023-02-23 23:43:06','2023-02-23 23:43:06'),(76,'create_shipment','Created shipment for order',0,18,NULL,'2023-03-05 23:43:06','2023-03-05 23:43:06'),(77,'update_status','Changed status of shipping to: Delivered. Updated by: %user_name%',0,18,NULL,'2023-03-05 23:43:06','2023-03-05 23:43:06'),(78,'create_order_from_seeder','Order is created from the checkout page',NULL,19,NULL,'2023-02-27 13:43:06','2023-02-27 13:43:06'),(79,'confirm_order','Order was verified by %user_name%',0,19,NULL,'2023-02-27 13:43:06','2023-02-27 13:43:06'),(80,'confirm_payment','Payment was confirmed (amount $79.00) by %user_name%',0,19,NULL,'2023-03-05 23:43:06','2023-03-05 23:43:06'),(81,'create_shipment','Created shipment for order',0,19,NULL,'2023-03-05 23:43:06','2023-03-05 23:43:06'),(82,'create_order_from_seeder','Order is created from the checkout page',NULL,20,NULL,'2023-03-03 05:43:06','2023-03-03 05:43:06'),(83,'confirm_order','Order was verified by %user_name%',0,20,NULL,'2023-03-03 05:43:06','2023-03-03 05:43:06'),(84,'confirm_payment','Payment was confirmed (amount $1,648.00) by %user_name%',0,20,NULL,'2023-03-05 23:43:06','2023-03-05 23:43:06'),(85,'create_shipment','Created shipment for order',0,20,NULL,'2023-03-05 23:43:06','2023-03-05 23:43:06'),(86,'update_status','Changed status of shipping to: Delivered. Updated by: %user_name%',0,20,NULL,'2023-03-05 23:43:06','2023-03-05 23:43:06'),(87,'create_order_from_seeder','Order is created from the checkout page',NULL,21,NULL,'2023-02-26 11:43:06','2023-02-26 11:43:06'),(88,'confirm_order','Order was verified by %user_name%',0,21,NULL,'2023-02-26 11:43:06','2023-02-26 11:43:06'),(89,'create_shipment','Created shipment for order',0,21,NULL,'2023-03-05 23:43:06','2023-03-05 23:43:06'),(90,'create_order_from_seeder','Order is created from the checkout page',NULL,22,NULL,'2023-03-01 11:43:06','2023-03-01 11:43:06'),(91,'confirm_order','Order was verified by %user_name%',0,22,NULL,'2023-03-01 11:43:06','2023-03-01 11:43:06'),(92,'confirm_payment','Payment was confirmed (amount $173.00) by %user_name%',0,22,NULL,'2023-03-05 23:43:06','2023-03-05 23:43:06'),(93,'create_shipment','Created shipment for order',0,22,NULL,'2023-03-05 23:43:06','2023-03-05 23:43:06'),(94,'update_status','Changed status of shipping to: Delivered. Updated by: %user_name%',0,22,NULL,'2023-03-05 23:43:06','2023-03-05 23:43:06'),(95,'create_order_from_seeder','Order is created from the checkout page',NULL,23,NULL,'2023-02-27 23:43:06','2023-02-27 23:43:06'),(96,'confirm_order','Order was verified by %user_name%',0,23,NULL,'2023-02-27 23:43:06','2023-02-27 23:43:06'),(97,'confirm_payment','Payment was confirmed (amount $237.00) by %user_name%',0,23,NULL,'2023-03-05 23:43:06','2023-03-05 23:43:06'),(98,'create_shipment','Created shipment for order',0,23,NULL,'2023-03-05 23:43:06','2023-03-05 23:43:06'),(99,'update_status','Changed status of shipping to: Delivered. Updated by: %user_name%',0,23,NULL,'2023-03-05 23:43:06','2023-03-05 23:43:06'),(100,'create_order_from_seeder','Order is created from the checkout page',NULL,24,NULL,'2023-03-03 23:43:06','2023-03-03 23:43:06'),(101,'confirm_order','Order was verified by %user_name%',0,24,NULL,'2023-03-03 23:43:06','2023-03-03 23:43:06'),(102,'confirm_payment','Payment was confirmed (amount $384.00) by %user_name%',0,24,NULL,'2023-03-05 23:43:06','2023-03-05 23:43:06'),(103,'create_shipment','Created shipment for order',0,24,NULL,'2023-03-05 23:43:06','2023-03-05 23:43:06'),(104,'update_status','Changed status of shipping to: Delivered. Updated by: %user_name%',0,24,NULL,'2023-03-05 23:43:06','2023-03-05 23:43:06'),(105,'create_order_from_seeder','Order is created from the checkout page',NULL,25,NULL,'2023-03-05 07:43:06','2023-03-05 07:43:06'),(106,'confirm_order','Order was verified by %user_name%',0,25,NULL,'2023-03-05 07:43:06','2023-03-05 07:43:06'),(107,'confirm_payment','Payment was confirmed (amount $252.00) by %user_name%',0,25,NULL,'2023-03-05 23:43:06','2023-03-05 23:43:06'),(108,'create_shipment','Created shipment for order',0,25,NULL,'2023-03-05 23:43:06','2023-03-05 23:43:06'),(109,'update_status','Changed status of shipping to: Delivered. Updated by: %user_name%',0,25,NULL,'2023-03-05 23:43:06','2023-03-05 23:43:06'),(110,'create_order_from_seeder','Order is created from the checkout page',NULL,26,NULL,'2023-03-01 21:43:06','2023-03-01 21:43:06'),(111,'confirm_order','Order was verified by %user_name%',0,26,NULL,'2023-03-01 21:43:06','2023-03-01 21:43:06'),(112,'confirm_payment','Payment was confirmed (amount $608.00) by %user_name%',0,26,NULL,'2023-03-05 23:43:06','2023-03-05 23:43:06'),(113,'create_shipment','Created shipment for order',0,26,NULL,'2023-03-05 23:43:06','2023-03-05 23:43:06'),(114,'create_order_from_seeder','Order is created from the checkout page',NULL,27,NULL,'2023-03-03 11:43:06','2023-03-03 11:43:06'),(115,'confirm_order','Order was verified by %user_name%',0,27,NULL,'2023-03-03 11:43:06','2023-03-03 11:43:06'),(116,'create_shipment','Created shipment for order',0,27,NULL,'2023-03-05 23:43:06','2023-03-05 23:43:06'),(117,'create_order_from_seeder','Order is created from the checkout page',NULL,28,NULL,'2023-03-05 11:43:06','2023-03-05 11:43:06'),(118,'confirm_order','Order was verified by %user_name%',0,28,NULL,'2023-03-05 11:43:06','2023-03-05 11:43:06'),(119,'confirm_payment','Payment was confirmed (amount $119.00) by %user_name%',0,28,NULL,'2023-03-05 23:43:06','2023-03-05 23:43:06'),(120,'create_shipment','Created shipment for order',0,28,NULL,'2023-03-05 23:43:06','2023-03-05 23:43:06'),(121,'update_status','Changed status of shipping to: Delivered. Updated by: %user_name%',0,28,NULL,'2023-03-05 23:43:06','2023-03-05 23:43:06'),(122,'create_order_from_seeder','Order is created from the checkout page',NULL,29,NULL,'2023-03-04 07:43:06','2023-03-04 07:43:06'),(123,'confirm_order','Order was verified by %user_name%',0,29,NULL,'2023-03-04 07:43:06','2023-03-04 07:43:06'),(124,'create_shipment','Created shipment for order',0,29,NULL,'2023-03-05 23:43:06','2023-03-05 23:43:06'),(125,'create_order_from_seeder','Order is created from the checkout page',NULL,30,NULL,'2023-03-02 15:43:06','2023-03-02 15:43:06'),(126,'confirm_order','Order was verified by %user_name%',0,30,NULL,'2023-03-02 15:43:06','2023-03-02 15:43:06'),(127,'confirm_payment','Payment was confirmed (amount $741.00) by %user_name%',0,30,NULL,'2023-03-05 23:43:06','2023-03-05 23:43:06'),(128,'create_shipment','Created shipment for order',0,30,NULL,'2023-03-05 23:43:06','2023-03-05 23:43:06'),(129,'update_status','Changed status of shipping to: Delivered. Updated by: %user_name%',0,30,NULL,'2023-03-05 23:43:06','2023-03-05 23:43:06'),(130,'create_order_from_seeder','Order is created from the checkout page',NULL,31,NULL,'2023-03-03 15:43:06','2023-03-03 15:43:06'),(131,'confirm_order','Order was verified by %user_name%',0,31,NULL,'2023-03-03 15:43:06','2023-03-03 15:43:06'),(132,'create_shipment','Created shipment for order',0,31,NULL,'2023-03-05 23:43:06','2023-03-05 23:43:06'),(133,'update_status','Changed status of shipping to: Delivered. Updated by: %user_name%',0,31,NULL,'2023-03-05 23:43:06','2023-03-05 23:43:06'),(134,'create_order_from_seeder','Order is created from the checkout page',NULL,32,NULL,'2023-03-05 07:43:06','2023-03-05 07:43:06'),(135,'confirm_order','Order was verified by %user_name%',0,32,NULL,'2023-03-05 07:43:06','2023-03-05 07:43:06'),(136,'confirm_payment','Payment was confirmed (amount $114.00) by %user_name%',0,32,NULL,'2023-03-05 23:43:06','2023-03-05 23:43:06'),(137,'create_shipment','Created shipment for order',0,32,NULL,'2023-03-05 23:43:06','2023-03-05 23:43:06'),(138,'create_order_from_seeder','Order is created from the checkout page',NULL,33,NULL,'2023-03-05 15:43:06','2023-03-05 15:43:06'),(139,'confirm_order','Order was verified by %user_name%',0,33,NULL,'2023-03-05 15:43:06','2023-03-05 15:43:06'),(140,'confirm_payment','Payment was confirmed (amount $378.00) by %user_name%',0,33,NULL,'2023-03-05 23:43:06','2023-03-05 23:43:06'),(141,'create_shipment','Created shipment for order',0,33,NULL,'2023-03-05 23:43:06','2023-03-05 23:43:06'),(142,'update_status','Changed status of shipping to: Delivered. Updated by: %user_name%',0,33,NULL,'2023-03-05 23:43:06','2023-03-05 23:43:06'),(143,'create_order_from_seeder','Order is created from the checkout page',NULL,34,NULL,'2023-03-03 11:43:06','2023-03-03 11:43:06'),(144,'confirm_order','Order was verified by %user_name%',0,34,NULL,'2023-03-03 11:43:06','2023-03-03 11:43:06'),(145,'confirm_payment','Payment was confirmed (amount $258.00) by %user_name%',0,34,NULL,'2023-03-05 23:43:06','2023-03-05 23:43:06'),(146,'create_shipment','Created shipment for order',0,34,NULL,'2023-03-05 23:43:06','2023-03-05 23:43:06'),(147,'create_order_from_seeder','Order is created from the checkout page',NULL,35,NULL,'2023-03-04 17:43:06','2023-03-04 17:43:06'),(148,'confirm_order','Order was verified by %user_name%',0,35,NULL,'2023-03-04 17:43:06','2023-03-04 17:43:06'),(149,'confirm_payment','Payment was confirmed (amount $232.00) by %user_name%',0,35,NULL,'2023-03-05 23:43:06','2023-03-05 23:43:06'),(150,'create_shipment','Created shipment for order',0,35,NULL,'2023-03-05 23:43:06','2023-03-05 23:43:06'),(151,'update_status','Changed status of shipping to: Delivered. Updated by: %user_name%',0,35,NULL,'2023-03-05 23:43:06','2023-03-05 23:43:06'),(152,'create_order_from_seeder','Order is created from the checkout page',NULL,36,NULL,'2023-03-03 11:43:06','2023-03-03 11:43:06'),(153,'confirm_order','Order was verified by %user_name%',0,36,NULL,'2023-03-03 11:43:06','2023-03-03 11:43:06'),(154,'create_shipment','Created shipment for order',0,36,NULL,'2023-03-05 23:43:06','2023-03-05 23:43:06'),(155,'create_order_from_seeder','Order is created from the checkout page',NULL,37,NULL,'2023-03-05 11:43:06','2023-03-05 11:43:06'),(156,'confirm_order','Order was verified by %user_name%',0,37,NULL,'2023-03-05 11:43:06','2023-03-05 11:43:06'),(157,'confirm_payment','Payment was confirmed (amount $644.00) by %user_name%',0,37,NULL,'2023-03-05 23:43:07','2023-03-05 23:43:07'),(158,'create_shipment','Created shipment for order',0,37,NULL,'2023-03-05 23:43:07','2023-03-05 23:43:07'),(159,'update_status','Changed status of shipping to: Delivered. Updated by: %user_name%',0,37,NULL,'2023-03-05 23:43:07','2023-03-05 23:43:07'),(160,'create_order_from_seeder','Order is created from the checkout page',NULL,38,NULL,'2023-03-05 09:43:07','2023-03-05 09:43:07'),(161,'confirm_order','Order was verified by %user_name%',0,38,NULL,'2023-03-05 09:43:07','2023-03-05 09:43:07'),(162,'create_shipment','Created shipment for order',0,38,NULL,'2023-03-05 23:43:07','2023-03-05 23:43:07'),(163,'create_order_from_seeder','Order is created from the checkout page',NULL,39,NULL,'2023-03-05 05:43:07','2023-03-05 05:43:07'),(164,'confirm_order','Order was verified by %user_name%',0,39,NULL,'2023-03-05 05:43:07','2023-03-05 05:43:07'),(165,'confirm_payment','Payment was confirmed (amount $489.00) by %user_name%',0,39,NULL,'2023-03-05 23:43:07','2023-03-05 23:43:07'),(166,'create_shipment','Created shipment for order',0,39,NULL,'2023-03-05 23:43:07','2023-03-05 23:43:07'),(167,'update_status','Changed status of shipping to: Delivered. Updated by: %user_name%',0,39,NULL,'2023-03-05 23:43:07','2023-03-05 23:43:07'),(168,'update_status','Order confirmed by %user_name%',0,3,NULL,'2023-03-05 23:43:07','2023-03-05 23:43:07'),(169,'update_status','Order confirmed by %user_name%',0,4,NULL,'2023-03-05 23:43:07','2023-03-05 23:43:07'),(170,'update_status','Order confirmed by %user_name%',0,6,NULL,'2023-03-05 23:43:07','2023-03-05 23:43:07'),(171,'update_status','Order confirmed by %user_name%',0,9,NULL,'2023-03-05 23:43:07','2023-03-05 23:43:07'),(172,'update_status','Order confirmed by %user_name%',0,11,NULL,'2023-03-05 23:43:07','2023-03-05 23:43:07'),(173,'update_status','Order confirmed by %user_name%',0,13,NULL,'2023-03-05 23:43:07','2023-03-05 23:43:07'),(174,'update_status','Order confirmed by %user_name%',0,20,NULL,'2023-03-05 23:43:07','2023-03-05 23:43:07'),(175,'update_status','Order confirmed by %user_name%',0,22,NULL,'2023-03-05 23:43:08','2023-03-05 23:43:08'),(176,'update_status','Order confirmed by %user_name%',0,23,NULL,'2023-03-05 23:43:08','2023-03-05 23:43:08'),(177,'update_status','Order confirmed by %user_name%',0,24,NULL,'2023-03-05 23:43:08','2023-03-05 23:43:08'),(178,'update_status','Order confirmed by %user_name%',0,25,NULL,'2023-03-05 23:43:08','2023-03-05 23:43:08'),(179,'update_status','Order confirmed by %user_name%',0,28,NULL,'2023-03-05 23:43:08','2023-03-05 23:43:08'),(180,'update_status','Order confirmed by %user_name%',0,30,NULL,'2023-03-05 23:43:08','2023-03-05 23:43:08'),(181,'update_status','Order confirmed by %user_name%',0,33,NULL,'2023-03-05 23:43:08','2023-03-05 23:43:08'),(182,'update_status','Order confirmed by %user_name%',0,35,NULL,'2023-03-05 23:43:08','2023-03-05 23:43:08'),(183,'update_status','Order confirmed by %user_name%',0,37,NULL,'2023-03-05 23:43:09','2023-03-05 23:43:09'),(184,'update_status','Order confirmed by %user_name%',0,39,NULL,'2023-03-05 23:43:09','2023-03-05 23:43:09');
/*!40000 ALTER TABLE `ec_order_histories` ENABLE KEYS */;
UNLOCK TABLES;

--
-- Table structure for table `ec_order_product`
--

DROP TABLE IF EXISTS `ec_order_product`;
/*!40101 SET @saved_cs_client     = @@character_set_client */;
/*!50503 SET character_set_client = utf8mb4 */;
CREATE TABLE `ec_order_product` (
  `id` bigint unsigned NOT NULL AUTO_INCREMENT,
  `order_id` bigint unsigned NOT NULL,
  `qty` int NOT NULL,
  `price` decimal(15,2) NOT NULL,
  `tax_amount` decimal(15,2) NOT NULL,
  `options` text CHARACTER SET utf8mb4 COLLATE utf8mb4_unicode_ci,
  `product_options` text CHARACTER SET utf8mb4 COLLATE utf8mb4_unicode_ci COMMENT 'product option data',
  `product_id` bigint unsigned DEFAULT NULL,
  `product_name` varchar(191) CHARACTER SET utf8mb4 COLLATE utf8mb4_unicode_ci NOT NULL,
  `product_image` varchar(191) CHARACTER SET utf8mb4 COLLATE utf8mb4_unicode_ci DEFAULT NULL,
  `weight` double(8,2) DEFAULT '0.00',
  `restock_quantity` int unsigned DEFAULT '0',
  `created_at` timestamp NULL DEFAULT NULL,
  `updated_at` timestamp NULL DEFAULT NULL,
  `product_type` varchar(60) CHARACTER SET utf8mb4 COLLATE utf8mb4_unicode_ci NOT NULL DEFAULT 'physical',
  `times_downloaded` int NOT NULL DEFAULT '0',
  PRIMARY KEY (`id`)
) ENGINE=InnoDB AUTO_INCREMENT=52 DEFAULT CHARSET=utf8mb4 COLLATE=utf8mb4_unicode_ci;
/*!40101 SET character_set_client = @saved_cs_client */;

--
-- Dumping data for table `ec_order_product`
--

LOCK TABLES `ec_order_product` WRITE;
/*!40000 ALTER TABLE `ec_order_product` DISABLE KEYS */;
INSERT INTO `ec_order_product` VALUES (1,1,2,115.00,0.00,'[]',NULL,51,'Nestle Original Coffee-Mate Coffee Creamer','products/11.jpg',1070.00,0,'2023-03-05 23:43:05','2023-03-05 23:43:05','physical',0),(2,2,2,126.00,0.00,'[]',NULL,68,'Perdue Simply Smart Organics Gluten Free','products/20.jpg',1642.00,0,'2023-03-05 23:43:05','2023-03-05 23:43:05','physical',0),(3,3,3,79.00,0.00,'[]',NULL,35,'Foster Farms Takeout Crispy Classic','products/4-1.jpg',1578.00,0,'2023-03-05 23:43:05','2023-03-05 23:43:05','physical',0),(4,4,3,117.00,0.00,'[]',NULL,77,'Signature Wood-Fired Mushroom and Caramelized','products/24.jpg',2523.00,0,'2023-03-05 23:43:05','2023-03-05 23:43:05','physical',0),(5,5,1,114.00,0.00,'[]',NULL,58,'Foster Farms Takeout Crispy Classic Buffalo Wings','products/16.jpg',872.00,0,'2023-03-05 23:43:05','2023-03-05 23:43:05','physical',0),(6,6,3,128.00,0.00,'[]',NULL,63,'Simply Lemonade with Raspberry Juice','products/19.jpg',2259.00,0,'2023-03-05 23:43:05','2023-03-05 23:43:05','physical',0),(7,7,3,60.00,0.00,'[]',NULL,39,'Chobani Complete Vanilla Greek','products/6-1.jpg',2061.00,0,'2023-03-05 23:43:05','2023-03-05 23:43:05','physical',0),(8,8,3,128.00,0.00,'[]',NULL,44,'Encore Seafoods Stuffed Alaskan','products/8-1.jpg',1536.00,0,'2023-03-05 23:43:05','2023-03-05 23:43:05','physical',0),(9,9,1,128.00,0.00,'[]',NULL,63,'Simply Lemonade with Raspberry Juice','products/19.jpg',753.00,0,'2023-03-05 23:43:05','2023-03-05 23:43:05','physical',0),(10,9,1,128.00,0.00,'[]',NULL,65,'Simply Lemonade with Raspberry Juice','products/19.jpg',753.00,0,'2023-03-05 23:43:05','2023-03-05 23:43:05','physical',0),(11,9,3,116.00,0.00,'[]',NULL,72,'Organic Cage-Free Grade A Large Brown Eggs','products/22.jpg',2007.00,0,'2023-03-05 23:43:05','2023-03-05 23:43:05','physical',0),(12,10,1,290.00,0.00,'[]',NULL,27,'Seeds of Change Organic Quinoe (Digital)','products/1.jpg',899.00,0,'2023-03-05 23:43:05','2023-03-05 23:43:05','physical',0),(13,11,1,121.00,0.00,'[]',NULL,56,'Organic Frozen Triple Berry Blend','products/14.jpg',642.00,0,'2023-03-05 23:43:05','2023-03-05 23:43:05','physical',0),(14,12,3,114.00,0.00,'[]',NULL,62,'All Natural Italian-Style Chicken Meatballs','products/18.jpg',1866.00,0,'2023-03-05 23:43:05','2023-03-05 23:43:05','physical',0),(15,13,1,47.00,0.00,'[]',NULL,37,'Blue Diamond Almonds Lightly (Digital)','products/5-1.jpg',586.00,0,'2023-03-05 23:43:05','2023-03-05 23:43:05','physical',0),(16,13,3,128.00,0.00,'[]',NULL,45,'Encore Seafoods Stuffed Alaskan','products/8.jpg',1536.00,0,'2023-03-05 23:43:05','2023-03-05 23:43:05','physical',0),(17,14,2,260.00,0.00,'[]',NULL,50,'Haagen-Dazs Caramel Cone Ice Cream','products/10.jpg',1104.00,0,'2023-03-05 23:43:05','2023-03-05 23:43:05','physical',0),(18,15,3,130.00,0.00,'[]',NULL,42,'Canada Dry Ginger Ale – 2 L Bottle','products/7.jpg',1653.00,0,'2023-03-05 23:43:06','2023-03-05 23:43:06','physical',0),(19,15,3,121.00,0.00,'[]',NULL,52,'Naturally Flavored Cinnamon Vanilla Light Roast Coffee','products/12.jpg',1539.00,0,'2023-03-05 23:43:06','2023-03-05 23:43:06','physical',0),(20,16,1,60.00,0.00,'[]',NULL,38,'Chobani Complete Vanilla Greek','products/6.jpg',687.00,0,'2023-03-05 23:43:06','2023-03-05 23:43:06','physical',0),(21,17,2,121.00,0.00,'[]',NULL,56,'Organic Frozen Triple Berry Blend','products/14.jpg',1284.00,0,'2023-03-05 23:43:06','2023-03-05 23:43:06','physical',0),(22,18,3,112.00,0.00,'[]',NULL,61,'Angie’s Boomchickapop Sweet &amp; Salty Kettle Corn (Digital)','products/17-1.jpg',2268.00,0,'2023-03-05 23:43:06','2023-03-05 23:43:06','physical',0),(23,19,1,79.00,0.00,'[]',NULL,35,'Foster Farms Takeout Crispy Classic','products/4-1.jpg',526.00,0,'2023-03-05 23:43:06','2023-03-05 23:43:06','physical',0),(24,20,2,260.00,0.00,'[]',NULL,47,'Haagen-Dazs Caramel Cone Ice Cream','products/10.jpg',1104.00,0,'2023-03-05 23:43:06','2023-03-05 23:43:06','physical',0),(25,20,3,260.00,0.00,'[]',NULL,48,'Haagen-Dazs Caramel Cone Ice Cream','products/10-1.jpg',1656.00,0,'2023-03-05 23:43:06','2023-03-05 23:43:06','physical',0),(26,20,3,116.00,0.00,'[]',NULL,73,'Organic Cage-Free Grade A Large Brown Eggs','products/22-1.jpg',2007.00,0,'2023-03-05 23:43:06','2023-03-05 23:43:06','physical',0),(27,21,2,128.00,0.00,'[]',NULL,44,'Encore Seafoods Stuffed Alaskan','products/8-1.jpg',1024.00,0,'2023-03-05 23:43:06','2023-03-05 23:43:06','physical',0),(28,21,3,115.00,0.00,'[]',NULL,51,'Nestle Original Coffee-Mate Coffee Creamer','products/11.jpg',1605.00,0,'2023-03-05 23:43:06','2023-03-05 23:43:06','physical',0),(29,22,1,60.00,0.00,'[]',NULL,40,'Chobani Complete Vanilla Greek','products/6.jpg',687.00,0,'2023-03-05 23:43:06','2023-03-05 23:43:06','physical',0),(30,22,1,113.00,0.00,'[]',NULL,71,'Chen Watermelon (Digital)','products/21-1.jpg',848.00,0,'2023-03-05 23:43:06','2023-03-05 23:43:06','physical',0),(31,23,3,79.00,0.00,'[]',NULL,35,'Foster Farms Takeout Crispy Classic','products/4-1.jpg',1578.00,0,'2023-03-05 23:43:06','2023-03-05 23:43:06','physical',0),(32,24,3,128.00,0.00,'[]',NULL,43,'Encore Seafoods Stuffed Alaskan','products/8.jpg',1536.00,0,'2023-03-05 23:43:06','2023-03-05 23:43:06','physical',0),(33,25,2,126.00,0.00,'[]',NULL,67,'Perdue Simply Smart Organics Gluten Free','products/20-1.jpg',1642.00,0,'2023-03-05 23:43:06','2023-03-05 23:43:06','physical',0),(34,26,1,260.00,0.00,'[]',NULL,49,'Haagen-Dazs Caramel Cone Ice Cream','products/10.jpg',552.00,0,'2023-03-05 23:43:06','2023-03-05 23:43:06','physical',0),(35,26,3,116.00,0.00,'[]',NULL,72,'Organic Cage-Free Grade A Large Brown Eggs','products/22.jpg',2007.00,0,'2023-03-05 23:43:06','2023-03-05 23:43:06','physical',0),(36,27,2,113.00,0.00,'[]',NULL,71,'Chen Watermelon (Digital)','products/21-1.jpg',1696.00,0,'2023-03-05 23:43:06','2023-03-05 23:43:06','physical',0),(37,28,1,119.00,0.00,'[]',NULL,74,'Colorful Banana','products/23.jpg',686.00,0,'2023-03-05 23:43:06','2023-03-05 23:43:06','physical',0),(38,29,3,60.00,0.00,'[]',NULL,39,'Chobani Complete Vanilla Greek','products/6-1.jpg',2061.00,0,'2023-03-05 23:43:06','2023-03-05 23:43:06','physical',0),(39,30,3,128.00,0.00,'[]',NULL,64,'Simply Lemonade with Raspberry Juice','products/19-1.jpg',2259.00,0,'2023-03-05 23:43:06','2023-03-05 23:43:06','physical',0),(40,30,3,119.00,0.00,'[]',NULL,74,'Colorful Banana','products/23.jpg',2058.00,0,'2023-03-05 23:43:06','2023-03-05 23:43:06','physical',0),(41,31,1,60.00,0.00,'[]',NULL,41,'Chobani Complete Vanilla Greek','products/6.jpg',687.00,0,'2023-03-05 23:43:06','2023-03-05 23:43:06','physical',0),(42,32,1,114.00,0.00,'[]',NULL,58,'Foster Farms Takeout Crispy Classic Buffalo Wings','products/16.jpg',872.00,0,'2023-03-05 23:43:06','2023-03-05 23:43:06','physical',0),(43,33,3,126.00,0.00,'[]',NULL,67,'Perdue Simply Smart Organics Gluten Free','products/20-1.jpg',2463.00,0,'2023-03-05 23:43:06','2023-03-05 23:43:06','physical',0),(44,34,2,129.00,0.00,'[]',NULL,57,'Oroweat Country Buttermilk Bread','products/15.jpg',1442.00,0,'2023-03-05 23:43:06','2023-03-05 23:43:06','physical',0),(45,35,2,116.00,0.00,'[]',NULL,73,'Organic Cage-Free Grade A Large Brown Eggs','products/22-1.jpg',1338.00,0,'2023-03-05 23:43:06','2023-03-05 23:43:06','physical',0),(46,36,2,117.00,0.00,'[]',NULL,78,'Signature Wood-Fired Mushroom and Caramelized','products/24-1.jpg',1682.00,0,'2023-03-05 23:43:06','2023-03-05 23:43:06','physical',0),(47,37,2,130.00,0.00,'[]',NULL,42,'Canada Dry Ginger Ale – 2 L Bottle','products/7.jpg',1102.00,0,'2023-03-05 23:43:07','2023-03-05 23:43:07','physical',0),(48,37,3,128.00,0.00,'[]',NULL,65,'Simply Lemonade with Raspberry Juice','products/19.jpg',2259.00,0,'2023-03-05 23:43:07','2023-03-05 23:43:07','physical',0),(49,38,1,290.00,0.00,'[]',NULL,26,'Seeds of Change Organic Quinoe (Digital)','products/1-1.jpg',899.00,0,'2023-03-05 23:43:07','2023-03-05 23:43:07','physical',0),(50,39,3,121.00,0.00,'[]',NULL,56,'Organic Frozen Triple Berry Blend','products/14.jpg',1926.00,0,'2023-03-05 23:43:07','2023-03-05 23:43:07','physical',0),(51,39,1,126.00,0.00,'[]',NULL,66,'Perdue Simply Smart Organics Gluten Free','products/20.jpg',821.00,0,'2023-03-05 23:43:07','2023-03-05 23:43:07','physical',0);
/*!40000 ALTER TABLE `ec_order_product` ENABLE KEYS */;
UNLOCK TABLES;

--
-- Table structure for table `ec_order_referrals`
--

DROP TABLE IF EXISTS `ec_order_referrals`;
/*!40101 SET @saved_cs_client     = @@character_set_client */;
/*!50503 SET character_set_client = utf8mb4 */;
CREATE TABLE `ec_order_referrals` (
  `id` bigint unsigned NOT NULL AUTO_INCREMENT,
  `ip` varchar(39) CHARACTER SET utf8mb4 COLLATE utf8mb4_unicode_ci DEFAULT NULL,
  `landing_domain` varchar(255) CHARACTER SET utf8mb4 COLLATE utf8mb4_unicode_ci DEFAULT NULL,
  `landing_page` varchar(255) CHARACTER SET utf8mb4 COLLATE utf8mb4_unicode_ci DEFAULT NULL,
  `landing_params` varchar(255) CHARACTER SET utf8mb4 COLLATE utf8mb4_unicode_ci DEFAULT NULL,
  `referral` varchar(255) CHARACTER SET utf8mb4 COLLATE utf8mb4_unicode_ci DEFAULT NULL,
  `gclid` varchar(255) CHARACTER SET utf8mb4 COLLATE utf8mb4_unicode_ci DEFAULT NULL,
  `fclid` varchar(255) CHARACTER SET utf8mb4 COLLATE utf8mb4_unicode_ci DEFAULT NULL,
  `utm_source` varchar(255) CHARACTER SET utf8mb4 COLLATE utf8mb4_unicode_ci DEFAULT NULL,
  `utm_campaign` varchar(255) CHARACTER SET utf8mb4 COLLATE utf8mb4_unicode_ci DEFAULT NULL,
  `utm_medium` varchar(255) CHARACTER SET utf8mb4 COLLATE utf8mb4_unicode_ci DEFAULT NULL,
  `utm_term` varchar(255) CHARACTER SET utf8mb4 COLLATE utf8mb4_unicode_ci DEFAULT NULL,
  `utm_content` varchar(255) CHARACTER SET utf8mb4 COLLATE utf8mb4_unicode_ci DEFAULT NULL,
  `referrer_url` text CHARACTER SET utf8mb4 COLLATE utf8mb4_unicode_ci,
  `referrer_domain` varchar(255) CHARACTER SET utf8mb4 COLLATE utf8mb4_unicode_ci DEFAULT NULL,
  `order_id` bigint unsigned DEFAULT NULL,
  `created_at` timestamp NULL DEFAULT NULL,
  `updated_at` timestamp NULL DEFAULT NULL,
  PRIMARY KEY (`id`),
  KEY `ec_order_referrals_order_id_index` (`order_id`)
) ENGINE=InnoDB DEFAULT CHARSET=utf8mb4 COLLATE=utf8mb4_unicode_ci;
/*!40101 SET character_set_client = @saved_cs_client */;

--
-- Dumping data for table `ec_order_referrals`
--

LOCK TABLES `ec_order_referrals` WRITE;
/*!40000 ALTER TABLE `ec_order_referrals` DISABLE KEYS */;
/*!40000 ALTER TABLE `ec_order_referrals` ENABLE KEYS */;
UNLOCK TABLES;

--
-- Table structure for table `ec_order_return_items`
--

DROP TABLE IF EXISTS `ec_order_return_items`;
/*!40101 SET @saved_cs_client     = @@character_set_client */;
/*!50503 SET character_set_client = utf8mb4 */;
CREATE TABLE `ec_order_return_items` (
  `id` bigint unsigned NOT NULL AUTO_INCREMENT,
  `order_return_id` bigint unsigned NOT NULL COMMENT 'Order return id',
  `order_product_id` bigint unsigned NOT NULL COMMENT 'Order product id',
  `product_id` bigint unsigned NOT NULL COMMENT 'Product id',
  `product_name` varchar(191) CHARACTER SET utf8mb4 COLLATE utf8mb4_unicode_ci NOT NULL,
  `product_image` varchar(191) CHARACTER SET utf8mb4 COLLATE utf8mb4_unicode_ci DEFAULT NULL,
  `qty` int NOT NULL COMMENT 'Quantity return',
  `price` decimal(15,2) NOT NULL COMMENT 'Price Product',
  `reason` text CHARACTER SET utf8mb4 COLLATE utf8mb4_unicode_ci,
  `created_at` timestamp NULL DEFAULT NULL,
  `updated_at` timestamp NULL DEFAULT NULL,
  `refund_amount` decimal(12,2) DEFAULT '0.00',
  PRIMARY KEY (`id`)
) ENGINE=InnoDB DEFAULT CHARSET=utf8mb4 COLLATE=utf8mb4_unicode_ci;
/*!40101 SET character_set_client = @saved_cs_client */;

--
-- Dumping data for table `ec_order_return_items`
--

LOCK TABLES `ec_order_return_items` WRITE;
/*!40000 ALTER TABLE `ec_order_return_items` DISABLE KEYS */;
/*!40000 ALTER TABLE `ec_order_return_items` ENABLE KEYS */;
UNLOCK TABLES;

--
-- Table structure for table `ec_order_returns`
--

DROP TABLE IF EXISTS `ec_order_returns`;
/*!40101 SET @saved_cs_client     = @@character_set_client */;
/*!50503 SET character_set_client = utf8mb4 */;
CREATE TABLE `ec_order_returns` (
  `id` bigint unsigned NOT NULL AUTO_INCREMENT,
  `code` varchar(191) CHARACTER SET utf8mb4 COLLATE utf8mb4_unicode_ci DEFAULT NULL,
  `order_id` bigint unsigned NOT NULL COMMENT 'Order ID',
  `store_id` bigint unsigned DEFAULT NULL COMMENT 'Store ID',
  `user_id` bigint unsigned NOT NULL COMMENT 'Customer ID',
  `reason` text CHARACTER SET utf8mb4 COLLATE utf8mb4_unicode_ci COMMENT 'Reason return order',
  `order_status` varchar(191) CHARACTER SET utf8mb4 COLLATE utf8mb4_unicode_ci DEFAULT NULL COMMENT 'Order current status',
  `return_status` varchar(191) CHARACTER SET utf8mb4 COLLATE utf8mb4_unicode_ci NOT NULL COMMENT 'Return status',
  `created_at` timestamp NULL DEFAULT NULL,
  `updated_at` timestamp NULL DEFAULT NULL,
  PRIMARY KEY (`id`),
  UNIQUE KEY `ec_order_returns_code_unique` (`code`)
) ENGINE=InnoDB DEFAULT CHARSET=utf8mb4 COLLATE=utf8mb4_unicode_ci;
/*!40101 SET character_set_client = @saved_cs_client */;

--
-- Dumping data for table `ec_order_returns`
--

LOCK TABLES `ec_order_returns` WRITE;
/*!40000 ALTER TABLE `ec_order_returns` DISABLE KEYS */;
/*!40000 ALTER TABLE `ec_order_returns` ENABLE KEYS */;
UNLOCK TABLES;

--
-- Table structure for table `ec_orders`
--

DROP TABLE IF EXISTS `ec_orders`;
/*!40101 SET @saved_cs_client     = @@character_set_client */;
/*!50503 SET character_set_client = utf8mb4 */;
CREATE TABLE `ec_orders` (
  `id` bigint unsigned NOT NULL AUTO_INCREMENT,
  `code` varchar(191) CHARACTER SET utf8mb4 COLLATE utf8mb4_unicode_ci DEFAULT NULL,
  `user_id` bigint unsigned NOT NULL,
  `shipping_option` varchar(60) CHARACTER SET utf8mb4 COLLATE utf8mb4_unicode_ci DEFAULT NULL,
  `shipping_method` varchar(60) CHARACTER SET utf8mb4 COLLATE utf8mb4_unicode_ci NOT NULL DEFAULT 'default',
  `status` varchar(120) CHARACTER SET utf8mb4 COLLATE utf8mb4_unicode_ci NOT NULL DEFAULT 'pending',
  `amount` decimal(15,2) NOT NULL,
  `tax_amount` decimal(15,2) DEFAULT NULL,
  `shipping_amount` decimal(15,2) DEFAULT NULL,
  `description` text CHARACTER SET utf8mb4 COLLATE utf8mb4_unicode_ci,
  `coupon_code` varchar(120) CHARACTER SET utf8mb4 COLLATE utf8mb4_unicode_ci DEFAULT NULL,
  `discount_amount` decimal(15,2) DEFAULT NULL,
  `sub_total` decimal(15,2) NOT NULL,
  `is_confirmed` tinyint(1) NOT NULL DEFAULT '0',
  `discount_description` varchar(255) CHARACTER SET utf8mb4 COLLATE utf8mb4_unicode_ci DEFAULT NULL,
  `is_finished` tinyint(1) DEFAULT '0',
  `completed_at` timestamp NULL DEFAULT NULL,
  `token` varchar(120) CHARACTER SET utf8mb4 COLLATE utf8mb4_unicode_ci DEFAULT NULL,
  `payment_id` bigint unsigned DEFAULT NULL,
  `created_at` timestamp NULL DEFAULT NULL,
  `updated_at` timestamp NULL DEFAULT NULL,
  `store_id` bigint unsigned DEFAULT NULL,
  PRIMARY KEY (`id`),
  UNIQUE KEY `ec_orders_code_unique` (`code`),
  KEY `ec_orders_user_id_status_created_at_index` (`user_id`,`status`,`created_at`)
) ENGINE=InnoDB AUTO_INCREMENT=40 DEFAULT CHARSET=utf8mb4 COLLATE=utf8mb4_unicode_ci;
/*!40101 SET character_set_client = @saved_cs_client */;

--
-- Dumping data for table `ec_orders`
--

LOCK TABLES `ec_orders` WRITE;
/*!40000 ALTER TABLE `ec_orders` DISABLE KEYS */;
INSERT INTO `ec_orders` VALUES (1,'#10000001',3,'1','default','pending',230.00,0.00,0.00,NULL,NULL,0.00,230.00,1,NULL,1,NULL,'dkAY7siqt6pDVyMg6r1Eeh7nuWMG2',1,'2023-02-18 23:43:05','2023-03-05 23:43:05',3),(2,'#10000002',3,'1','default','pending',252.00,0.00,0.00,NULL,NULL,0.00,252.00,1,NULL,1,NULL,'UHd6aC7HO7S5krUPQIPVE8sW5PiRY',2,'2023-03-04 07:43:05','2023-03-05 23:43:05',4),(3,'#10000003',9,'1','default','completed',237.00,0.00,0.00,NULL,NULL,0.00,237.00,1,NULL,1,'2023-03-05 23:43:07','cZK19PZZjwHJcJym3MUB4q1Q2jJcg',3,'2023-02-26 01:43:05','2023-03-05 23:43:07',1),(4,'#10000004',9,'1','default','completed',351.00,0.00,0.00,NULL,NULL,0.00,351.00,1,NULL,1,'2023-03-05 23:43:07','sULtWqFKnkvrxrge5Ujhu2JAbBIdF',4,'2023-02-22 21:43:05','2023-03-05 23:43:07',3),(5,'#10000005',8,'1','default','completed',114.00,0.00,0.00,NULL,NULL,0.00,114.00,1,NULL,1,'2023-03-05 23:43:05','C2WG9f3dULjJ46LnFhBdQZJSSdRnE',5,'2023-02-21 23:43:05','2023-03-05 23:43:05',3),(6,'#10000006',8,'1','default','completed',384.00,0.00,0.00,NULL,NULL,0.00,384.00,1,NULL,1,'2023-03-05 23:43:07','asw7Ap9AQgQc51kvLjSvBY6endvOl',6,'2023-02-23 11:43:05','2023-03-05 23:43:07',4),(7,'#10000007',5,'1','default','completed',180.00,0.00,0.00,NULL,NULL,0.00,180.00,1,NULL,1,'2023-03-05 23:43:05','AkSdDdSaqHxpt4Itzhox5QwIT1OlD',7,'2023-03-03 03:43:05','2023-03-05 23:43:05',1),(8,'#10000008',5,'1','default','completed',384.00,0.00,0.00,NULL,NULL,0.00,384.00,1,NULL,1,'2023-03-05 23:43:05','da3vDAgMoW0iQrYV4INtE6waKk46u',8,'2023-02-26 21:43:05','2023-03-05 23:43:05',3),(9,'#10000009',8,'1','default','completed',604.00,0.00,0.00,NULL,NULL,0.00,604.00,1,NULL,1,'2023-03-05 23:43:07','DG6B21JE7qFQe9rSEkYJBWxPfsUYD',9,'2023-02-25 23:43:05','2023-03-05 23:43:07',4),(10,'#10000010',4,'1','default','pending',290.00,0.00,0.00,NULL,NULL,0.00,290.00,1,NULL,1,NULL,'SBh01J6GvtKo1nEyRGCf4eCIDT2EE',10,'2023-03-03 11:43:05','2023-03-05 23:43:05',1),(11,'#10000011',4,'1','default','completed',121.00,0.00,0.00,NULL,NULL,0.00,121.00,1,NULL,1,'2023-03-05 23:43:07','lYH3MxqJ1snB4mrtZogzP5U1lo7uZ',11,'2023-02-23 23:43:05','2023-03-05 23:43:07',4),(12,'#10000012',4,'1','default','pending',342.00,0.00,0.00,NULL,NULL,0.00,342.00,1,NULL,1,NULL,'kjwoQFDlKtQEWBu2XYCO0lWLxd8BD',12,'2023-02-22 17:43:05','2023-03-05 23:43:05',3),(13,'#10000013',9,'1','default','completed',431.00,0.00,0.00,NULL,NULL,0.00,431.00,1,NULL,1,'2023-03-05 23:43:07','9K46bkQ7thNYVoNbbYBkGfwZhyib9',13,'2023-02-26 23:43:05','2023-03-05 23:43:07',3),(14,'#10000014',9,'1','default','completed',520.00,0.00,0.00,NULL,NULL,0.00,520.00,1,NULL,1,'2023-03-05 23:43:05','VdEVBV88vUlyiqB9ZgP6qOwWINvLo',14,'2023-02-25 19:43:05','2023-03-05 23:43:06',4),(15,'#10000015',4,'1','default','completed',753.00,0.00,0.00,NULL,NULL,0.00,753.00,1,NULL,1,'2023-03-05 23:43:06','jk6anSkYb7ecfKRtSphB86rDjaPPS',15,'2023-02-26 09:43:06','2023-03-05 23:43:06',4),(16,'#10000016',5,'1','default','completed',60.00,0.00,0.00,NULL,NULL,0.00,60.00,1,NULL,1,'2023-03-05 23:43:06','0cLY9HR06R0StcAAUrA4MZ5CMSBBX',16,'2023-02-24 23:43:06','2023-03-05 23:43:06',1),(17,'#10000017',5,'1','default','pending',242.00,0.00,0.00,NULL,NULL,0.00,242.00,1,NULL,1,NULL,'Cssdi6F7OGe6h4wsOgK3ldEk14kIb',17,'2023-03-03 23:43:06','2023-03-05 23:43:06',4),(18,'#10000018',5,'1','default','completed',336.00,0.00,0.00,NULL,NULL,0.00,336.00,1,NULL,1,'2023-03-05 23:43:06','hY57aGQrPQkQuFLXufk1rhDicR4Pt',18,'2023-02-23 23:43:06','2023-03-05 23:43:06',3),(19,'#10000019',1,'1','default','pending',79.00,0.00,0.00,NULL,NULL,0.00,79.00,1,NULL,1,NULL,'R1dY665Cxp3oM0MoTRFQsf6YqgVBq',19,'2023-02-27 13:43:06','2023-03-05 23:43:06',1),(20,'#10000020',1,'1','default','completed',1648.00,0.00,0.00,NULL,NULL,0.00,1648.00,1,NULL,1,'2023-03-05 23:43:07','mihTRQ0y78FAZTkHj6G0rhQ4HwuWs',20,'2023-03-03 05:43:06','2023-03-05 23:43:07',4),(21,'#10000021',1,'1','default','pending',601.00,0.00,0.00,NULL,NULL,0.00,601.00,1,NULL,1,NULL,'HZAv6PccqBI5KFOf6wLtUF9s9qo7A',21,'2023-02-26 11:43:06','2023-03-05 23:43:06',3),(22,'#10000022',1,'1','default','completed',173.00,0.00,0.00,NULL,NULL,0.00,173.00,1,NULL,1,'2023-03-05 23:43:08','gqGjgfqZdhcCxtK8cuFD6RhgBuukr',22,'2023-03-01 11:43:06','2023-03-05 23:43:08',1),(23,'#10000023',5,'1','default','completed',237.00,0.00,0.00,NULL,NULL,0.00,237.00,1,NULL,1,'2023-03-05 23:43:08','2ylNEZbInClx1BujNRVk2rAkvTn5m',23,'2023-02-27 23:43:06','2023-03-05 23:43:08',1),(24,'#10000024',5,'1','default','completed',384.00,0.00,0.00,NULL,NULL,0.00,384.00,1,NULL,1,'2023-03-05 23:43:08','O5TBjSUlrjftJIZRUcSsnJzihRwFI',24,'2023-03-03 23:43:06','2023-03-05 23:43:08',3),(25,'#10000025',5,'1','default','completed',252.00,0.00,0.00,NULL,NULL,0.00,252.00,1,NULL,1,'2023-03-05 23:43:08','KfAUfVPwfw6DTGOyDoJbC14dj9FwV',25,'2023-03-05 07:43:06','2023-03-05 23:43:08',4),(26,'#10000026',8,'1','default','pending',608.00,0.00,0.00,NULL,NULL,0.00,608.00,1,NULL,1,NULL,'GRnslkfhMydX3TMKZb5kI0ohpyGjU',26,'2023-03-01 21:43:06','2023-03-05 23:43:06',4),(27,'#10000027',4,'1','default','pending',226.00,0.00,0.00,NULL,NULL,0.00,226.00,1,NULL,1,NULL,'L6S6kfzxDWAVHg55olYLQNhxr6pG7',27,'2023-03-03 11:43:06','2023-03-05 23:43:06',1),(28,'#10000028',4,'1','default','completed',119.00,0.00,0.00,NULL,NULL,0.00,119.00,1,NULL,1,'2023-03-05 23:43:08','3yHtrbXvoJMiJJHjS7Uwnkf3USZzb',28,'2023-03-05 11:43:06','2023-03-05 23:43:08',4),(29,'#10000029',1,'1','default','pending',180.00,0.00,0.00,NULL,NULL,0.00,180.00,1,NULL,1,NULL,'FPQrV1pMVVTBbrESG5gZhCfNDFi8U',29,'2023-03-04 07:43:06','2023-03-05 23:43:06',1),(30,'#10000030',1,'1','default','completed',741.00,0.00,0.00,NULL,NULL,0.00,741.00,1,NULL,1,'2023-03-05 23:43:08','xTo7sRp9bQbfRgt1VjRGO1Rfed5SS',30,'2023-03-02 15:43:06','2023-03-05 23:43:08',4),(31,'#10000031',9,'1','default','completed',60.00,0.00,0.00,'test note',NULL,0.00,60.00,1,NULL,1,'2023-03-05 23:43:06','omtm4Gy5rV1bMvm6kFlMVaPxAQRbD',31,'2023-03-03 15:43:06','2023-06-15 09:43:52',1),(32,'#10000032',9,'1','default','pending',114.00,0.00,0.00,NULL,NULL,0.00,114.00,1,NULL,1,NULL,'ox0loH70IyL7rBB1kqicVFgryyVRJ',32,'2023-03-05 07:43:06','2023-03-05 23:43:06',3),(33,'#10000033',9,'1','default','completed',378.00,0.00,0.00,NULL,NULL,0.00,378.00,1,NULL,1,'2023-03-05 23:43:08','44CZZiRSzOFcOylgClq3d7FT0rQ4S',33,'2023-03-05 15:43:06','2023-03-05 23:43:08',4),(34,'#10000034',5,'1','default','pending',258.00,0.00,0.00,NULL,NULL,0.00,258.00,1,NULL,1,NULL,'ltzqxdW3xsbrxGTVRoh2i6S0zhRW0',34,'2023-03-03 11:43:06','2023-03-05 23:43:06',2),(35,'#10000035',5,'1','default','completed',232.00,0.00,0.00,NULL,NULL,0.00,232.00,1,NULL,1,'2023-03-05 23:43:08','W9U8uSZ11FOC8oq5QqaVCG6GQh5jt',35,'2023-03-04 17:43:06','2023-03-05 23:43:08',4),(36,'#10000036',5,'1','default','pending',234.00,0.00,0.00,NULL,NULL,0.00,234.00,1,NULL,1,NULL,'Y6jWo5HyA8Qezz3rk5M5wm3UQHqtW',36,'2023-03-03 11:43:06','2023-03-05 23:43:06',3),(37,'#10000037',3,'1','default','completed',644.00,0.00,0.00,NULL,NULL,0.00,644.00,1,NULL,1,'2023-03-05 23:43:09','JSEs2c93M2TeykJ6R2QaKFyU6BbSK',37,'2023-03-05 11:43:06','2023-03-05 23:43:09',4),(38,'#10000038',1,'1','default','pending',290.00,0.00,0.00,NULL,NULL,0.00,290.00,1,NULL,1,NULL,'jpOM5W5BW8taZlwkJ7egzT6X9kRnh',38,'2023-03-05 09:43:07','2023-03-05 23:43:07',1),(39,'#10000039',1,'1','default','completed',489.00,0.00,0.00,NULL,NULL,0.00,489.00,1,NULL,1,'2023-03-05 23:43:09','y7hOjol9LpNKOTg4w9eEaFkvLjeUV',39,'2023-03-05 05:43:07','2023-03-05 23:43:09',4);
/*!40000 ALTER TABLE `ec_orders` ENABLE KEYS */;
UNLOCK TABLES;

--
-- Table structure for table `ec_product_attribute_sets`
--

DROP TABLE IF EXISTS `ec_product_attribute_sets`;
/*!40101 SET @saved_cs_client     = @@character_set_client */;
/*!50503 SET character_set_client = utf8mb4 */;
CREATE TABLE `ec_product_attribute_sets` (
  `id` bigint unsigned NOT NULL AUTO_INCREMENT,
  `title` varchar(120) CHARACTER SET utf8mb4 COLLATE utf8mb4_unicode_ci NOT NULL,
  `slug` varchar(120) CHARACTER SET utf8mb4 COLLATE utf8mb4_unicode_ci DEFAULT NULL,
  `display_layout` varchar(191) CHARACTER SET utf8mb4 COLLATE utf8mb4_unicode_ci NOT NULL DEFAULT 'swatch_dropdown',
  `is_searchable` tinyint unsigned NOT NULL DEFAULT '1',
  `is_comparable` tinyint unsigned NOT NULL DEFAULT '1',
  `is_use_in_product_listing` tinyint unsigned NOT NULL DEFAULT '0',
  `status` varchar(60) CHARACTER SET utf8mb4 COLLATE utf8mb4_unicode_ci NOT NULL DEFAULT 'published',
  `order` tinyint unsigned NOT NULL DEFAULT '0',
  `created_at` timestamp NULL DEFAULT NULL,
  `updated_at` timestamp NULL DEFAULT NULL,
  `use_image_from_product_variation` tinyint unsigned NOT NULL DEFAULT '0',
  PRIMARY KEY (`id`)
) ENGINE=InnoDB AUTO_INCREMENT=3 DEFAULT CHARSET=utf8mb4 COLLATE=utf8mb4_unicode_ci;
/*!40101 SET character_set_client = @saved_cs_client */;

--
-- Dumping data for table `ec_product_attribute_sets`
--

LOCK TABLES `ec_product_attribute_sets` WRITE;
/*!40000 ALTER TABLE `ec_product_attribute_sets` DISABLE KEYS */;
INSERT INTO `ec_product_attribute_sets` VALUES (1,'Weight','weight','text',1,1,1,'published',0,'2023-03-05 23:42:51','2023-03-05 23:42:51',0),(2,'Boxes','boxes','text',1,1,1,'published',1,'2023-03-05 23:42:51','2023-03-05 23:42:51',0);
/*!40000 ALTER TABLE `ec_product_attribute_sets` ENABLE KEYS */;
UNLOCK TABLES;

--
-- Table structure for table `ec_product_attribute_sets_translations`
--

DROP TABLE IF EXISTS `ec_product_attribute_sets_translations`;
/*!40101 SET @saved_cs_client     = @@character_set_client */;
/*!50503 SET character_set_client = utf8mb4 */;
CREATE TABLE `ec_product_attribute_sets_translations` (
  `lang_code` varchar(191) CHARACTER SET utf8mb4 COLLATE utf8mb4_unicode_ci NOT NULL,
  `ec_product_attribute_sets_id` bigint unsigned NOT NULL,
  `title` varchar(191) CHARACTER SET utf8mb4 COLLATE utf8mb4_unicode_ci DEFAULT NULL,
  PRIMARY KEY (`lang_code`,`ec_product_attribute_sets_id`)
) ENGINE=InnoDB DEFAULT CHARSET=utf8mb4 COLLATE=utf8mb4_unicode_ci;
/*!40101 SET character_set_client = @saved_cs_client */;

--
-- Dumping data for table `ec_product_attribute_sets_translations`
--

LOCK TABLES `ec_product_attribute_sets_translations` WRITE;
/*!40000 ALTER TABLE `ec_product_attribute_sets_translations` DISABLE KEYS */;
INSERT INTO `ec_product_attribute_sets_translations` VALUES ('vi',1,'Cân nặng'),('vi',2,'Số hộp');
/*!40000 ALTER TABLE `ec_product_attribute_sets_translations` ENABLE KEYS */;
UNLOCK TABLES;

--
-- Table structure for table `ec_product_attributes`
--

DROP TABLE IF EXISTS `ec_product_attributes`;
/*!40101 SET @saved_cs_client     = @@character_set_client */;
/*!50503 SET character_set_client = utf8mb4 */;
CREATE TABLE `ec_product_attributes` (
  `id` bigint unsigned NOT NULL AUTO_INCREMENT,
  `attribute_set_id` bigint unsigned NOT NULL,
  `title` varchar(120) CHARACTER SET utf8mb4 COLLATE utf8mb4_unicode_ci NOT NULL,
  `slug` varchar(120) CHARACTER SET utf8mb4 COLLATE utf8mb4_unicode_ci DEFAULT NULL,
  `color` varchar(50) CHARACTER SET utf8mb4 COLLATE utf8mb4_unicode_ci DEFAULT NULL,
  `image` varchar(191) CHARACTER SET utf8mb4 COLLATE utf8mb4_unicode_ci DEFAULT NULL,
  `is_default` tinyint unsigned NOT NULL DEFAULT '0',
  `order` tinyint unsigned NOT NULL DEFAULT '0',
  `status` varchar(60) CHARACTER SET utf8mb4 COLLATE utf8mb4_unicode_ci NOT NULL DEFAULT 'published',
  `created_at` timestamp NULL DEFAULT NULL,
  `updated_at` timestamp NULL DEFAULT NULL,
  PRIMARY KEY (`id`),
  KEY `ec_product_attributes_attribute_set_id_status_index` (`attribute_set_id`,`status`)
) ENGINE=InnoDB AUTO_INCREMENT=11 DEFAULT CHARSET=utf8mb4 COLLATE=utf8mb4_unicode_ci;
/*!40101 SET character_set_client = @saved_cs_client */;

--
-- Dumping data for table `ec_product_attributes`
--

LOCK TABLES `ec_product_attributes` WRITE;
/*!40000 ALTER TABLE `ec_product_attributes` DISABLE KEYS */;
INSERT INTO `ec_product_attributes` VALUES (1,1,'1KG','1kg',NULL,NULL,1,1,'published','2023-03-05 23:42:51','2023-03-05 23:42:51'),(2,1,'2KG','2kg',NULL,NULL,0,2,'published','2023-03-05 23:42:51','2023-03-05 23:42:51'),(3,1,'3KG','3kg',NULL,NULL,0,3,'published','2023-03-05 23:42:51','2023-03-05 23:42:51'),(4,1,'4KG','4kg',NULL,NULL,0,4,'published','2023-03-05 23:42:51','2023-03-05 23:42:51'),(5,1,'5KG','5kg',NULL,NULL,0,5,'published','2023-03-05 23:42:51','2023-03-05 23:42:51'),(6,2,'1 Box','1box',NULL,NULL,1,1,'published','2023-03-05 23:42:51','2023-03-05 23:42:51'),(7,2,'2 Boxes','2boxes',NULL,NULL,0,2,'published','2023-03-05 23:42:51','2023-03-05 23:42:51'),(8,2,'3 Boxes','3boxes',NULL,NULL,0,3,'published','2023-03-05 23:42:51','2023-03-05 23:42:51'),(9,2,'4 Boxes','4boxes',NULL,NULL,0,4,'published','2023-03-05 23:42:51','2023-03-05 23:42:51'),(10,2,'5 Boxes','5boxes',NULL,NULL,0,5,'published','2023-03-05 23:42:51','2023-03-05 23:42:51');
/*!40000 ALTER TABLE `ec_product_attributes` ENABLE KEYS */;
UNLOCK TABLES;

--
-- Table structure for table `ec_product_attributes_translations`
--

DROP TABLE IF EXISTS `ec_product_attributes_translations`;
/*!40101 SET @saved_cs_client     = @@character_set_client */;
/*!50503 SET character_set_client = utf8mb4 */;
CREATE TABLE `ec_product_attributes_translations` (
  `lang_code` varchar(191) CHARACTER SET utf8mb4 COLLATE utf8mb4_unicode_ci NOT NULL,
  `ec_product_attributes_id` bigint unsigned NOT NULL,
  `title` varchar(191) CHARACTER SET utf8mb4 COLLATE utf8mb4_unicode_ci DEFAULT NULL,
  PRIMARY KEY (`lang_code`,`ec_product_attributes_id`)
) ENGINE=InnoDB DEFAULT CHARSET=utf8mb4 COLLATE=utf8mb4_unicode_ci;
/*!40101 SET character_set_client = @saved_cs_client */;

--
-- Dumping data for table `ec_product_attributes_translations`
--

LOCK TABLES `ec_product_attributes_translations` WRITE;
/*!40000 ALTER TABLE `ec_product_attributes_translations` DISABLE KEYS */;
INSERT INTO `ec_product_attributes_translations` VALUES ('vi',1,'1KG'),('vi',2,'2KG'),('vi',3,'3KG'),('vi',4,'4KG'),('vi',5,'5KG'),('vi',6,'1 Hộp'),('vi',7,'2 Hộp'),('vi',8,'3 Hộp'),('vi',9,'4 Hộp'),('vi',10,'5 Hộp');
/*!40000 ALTER TABLE `ec_product_attributes_translations` ENABLE KEYS */;
UNLOCK TABLES;

--
-- Table structure for table `ec_product_categories`
--

DROP TABLE IF EXISTS `ec_product_categories`;
/*!40101 SET @saved_cs_client     = @@character_set_client */;
/*!50503 SET character_set_client = utf8mb4 */;
CREATE TABLE `ec_product_categories` (
  `id` bigint unsigned NOT NULL AUTO_INCREMENT,
  `name` varchar(191) CHARACTER SET utf8mb4 COLLATE utf8mb4_unicode_ci NOT NULL,
  `parent_id` bigint unsigned NOT NULL DEFAULT '0',
  `description` mediumtext CHARACTER SET utf8mb4 COLLATE utf8mb4_unicode_ci,
  `status` varchar(60) CHARACTER SET utf8mb4 COLLATE utf8mb4_unicode_ci NOT NULL DEFAULT 'published',
  `order` int unsigned NOT NULL DEFAULT '0',
  `image` varchar(255) CHARACTER SET utf8mb4 COLLATE utf8mb4_unicode_ci DEFAULT NULL,
  `is_featured` tinyint unsigned NOT NULL DEFAULT '0',
  `created_at` timestamp NULL DEFAULT NULL,
  `updated_at` timestamp NULL DEFAULT NULL,
  PRIMARY KEY (`id`),
  KEY `ec_product_categories_parent_id_status_created_at_index` (`parent_id`,`status`,`created_at`),
  KEY `ec_product_categories_parent_id_status_index` (`parent_id`,`status`)
) ENGINE=InnoDB AUTO_INCREMENT=15 DEFAULT CHARSET=utf8mb4 COLLATE=utf8mb4_unicode_ci;
/*!40101 SET character_set_client = @saved_cs_client */;

--
-- Dumping data for table `ec_product_categories`
--

LOCK TABLES `ec_product_categories` WRITE;
/*!40000 ALTER TABLE `ec_product_categories` DISABLE KEYS */;
INSERT INTO `ec_product_categories` VALUES (1,'Milks and Dairies',0,NULL,'published',0,'product-categories/image-1.png',1,'2023-03-05 23:42:51','2023-03-05 23:42:51'),(2,'Clothing & beauty',0,NULL,'published',1,'product-categories/image-2.png',1,'2023-03-05 23:42:51','2023-03-05 23:42:51'),(3,'Pet Toy',0,NULL,'published',2,'product-categories/image-3.png',1,'2023-03-05 23:42:51','2023-03-05 23:42:51'),(4,'Baking material',0,NULL,'published',3,'product-categories/image-4.png',1,'2023-03-05 23:42:51','2023-03-05 23:42:51'),(5,'Fresh Fruit',0,NULL,'published',4,'product-categories/image-5.png',1,'2023-03-05 23:42:51','2023-03-05 23:42:51'),(6,'Wines & Drinks',0,NULL,'published',5,'product-categories/image-6.png',1,'2023-03-05 23:42:51','2023-03-05 23:42:51'),(7,'Fresh Seafood',0,NULL,'published',6,'product-categories/image-7.png',1,'2023-03-05 23:42:51','2023-03-05 23:42:51'),(8,'Fast food',0,NULL,'published',7,'product-categories/image-8.png',1,'2023-03-05 23:42:51','2023-03-05 23:42:51'),(9,'Vegetables',0,NULL,'published',8,'product-categories/image-9.png',1,'2023-03-05 23:42:51','2023-03-05 23:42:51'),(10,'Bread and Juice',0,NULL,'published',9,'product-categories/image-10.png',1,'2023-03-05 23:42:51','2023-03-05 23:42:51'),(11,'Cake & Milk',0,NULL,'published',10,'product-categories/image-11.png',1,'2023-03-05 23:42:51','2023-03-05 23:42:51'),(12,'Coffee & Teas',0,NULL,'published',11,'product-categories/image-12.png',1,'2023-03-05 23:42:51','2023-03-05 23:42:51'),(13,'Pet Foods',0,NULL,'published',12,'product-categories/image-13.png',0,'2023-03-05 23:42:51','2023-03-05 23:42:51'),(14,'Diet Foods',0,NULL,'published',13,'product-categories/image-14.png',0,'2023-03-05 23:42:51','2023-03-05 23:42:51');
/*!40000 ALTER TABLE `ec_product_categories` ENABLE KEYS */;
UNLOCK TABLES;

--
-- Table structure for table `ec_product_categories_translations`
--

DROP TABLE IF EXISTS `ec_product_categories_translations`;
/*!40101 SET @saved_cs_client     = @@character_set_client */;
/*!50503 SET character_set_client = utf8mb4 */;
CREATE TABLE `ec_product_categories_translations` (
  `lang_code` varchar(191) CHARACTER SET utf8mb4 COLLATE utf8mb4_unicode_ci NOT NULL,
  `ec_product_categories_id` bigint unsigned NOT NULL,
  `name` varchar(191) CHARACTER SET utf8mb4 COLLATE utf8mb4_unicode_ci DEFAULT NULL,
  `description` text CHARACTER SET utf8mb4 COLLATE utf8mb4_unicode_ci,
  PRIMARY KEY (`lang_code`,`ec_product_categories_id`)
) ENGINE=InnoDB DEFAULT CHARSET=utf8mb4 COLLATE=utf8mb4_unicode_ci;
/*!40101 SET character_set_client = @saved_cs_client */;

--
-- Dumping data for table `ec_product_categories_translations`
--

LOCK TABLES `ec_product_categories_translations` WRITE;
/*!40000 ALTER TABLE `ec_product_categories_translations` DISABLE KEYS */;
INSERT INTO `ec_product_categories_translations` VALUES ('vi',1,'Sữa',NULL),('vi',2,'Quần áo và làm đẹp',NULL),('vi',3,'Đồ chơi thú cưng',NULL),('vi',4,'Nguyên liệu làm bánh',NULL),('vi',5,'Trái cây tươi',NULL),('vi',6,'Rượu & Đồ uống',NULL),('vi',7,'Hải sản tươi sống',NULL),('vi',8,'Đồ ăn nhanh',NULL),('vi',9,'Rau',NULL),('vi',10,'Bánh và đồ uống',NULL),('vi',11,'Bánh và sữa',NULL),('vi',12,'Cà phê và trà',NULL),('vi',13,'Đồ ăn thú nuôi',NULL),('vi',14,'Đồ ăn kiêng',NULL);
/*!40000 ALTER TABLE `ec_product_categories_translations` ENABLE KEYS */;
UNLOCK TABLES;

--
-- Table structure for table `ec_product_category_product`
--

DROP TABLE IF EXISTS `ec_product_category_product`;
/*!40101 SET @saved_cs_client     = @@character_set_client */;
/*!50503 SET character_set_client = utf8mb4 */;
CREATE TABLE `ec_product_category_product` (
  `category_id` bigint unsigned NOT NULL,
  `product_id` bigint unsigned NOT NULL,
  PRIMARY KEY (`product_id`,`category_id`),
  KEY `ec_product_category_product_category_id_index` (`category_id`),
  KEY `ec_product_category_product_product_id_index` (`product_id`)
) ENGINE=InnoDB DEFAULT CHARSET=utf8mb4 COLLATE=utf8mb4_unicode_ci;
/*!40101 SET character_set_client = @saved_cs_client */;

--
-- Dumping data for table `ec_product_category_product`
--

LOCK TABLES `ec_product_category_product` WRITE;
/*!40000 ALTER TABLE `ec_product_category_product` DISABLE KEYS */;
INSERT INTO `ec_product_category_product` VALUES (3,3),(3,9),(3,10),(3,16),(5,4),(5,6),(5,8),(6,2),(6,14),(6,19),(6,21),(6,23),(7,11),(7,13),(7,22),(8,5),(8,7),(9,12),(9,18),(10,1),(10,24),(11,20),(12,17),(13,15);
/*!40000 ALTER TABLE `ec_product_category_product` ENABLE KEYS */;
UNLOCK TABLES;

--
-- Table structure for table `ec_product_collection_products`
--

DROP TABLE IF EXISTS `ec_product_collection_products`;
/*!40101 SET @saved_cs_client     = @@character_set_client */;
/*!50503 SET character_set_client = utf8mb4 */;
CREATE TABLE `ec_product_collection_products` (
  `product_collection_id` bigint unsigned NOT NULL,
  `product_id` bigint unsigned NOT NULL,
  PRIMARY KEY (`product_id`,`product_collection_id`),
  KEY `ec_product_collection_products_product_collection_id_index` (`product_collection_id`),
  KEY `ec_product_collection_products_product_id_index` (`product_id`)
) ENGINE=InnoDB DEFAULT CHARSET=utf8mb4 COLLATE=utf8mb4_unicode_ci;
/*!40101 SET character_set_client = @saved_cs_client */;

--
-- Dumping data for table `ec_product_collection_products`
--

LOCK TABLES `ec_product_collection_products` WRITE;
/*!40000 ALTER TABLE `ec_product_collection_products` DISABLE KEYS */;
INSERT INTO `ec_product_collection_products` VALUES (1,3),(1,4),(1,11),(1,12),(1,15),(1,17),(2,1),(2,2),(2,5),(2,7),(2,14),(2,16),(2,18),(2,20),(2,21),(2,22),(3,6),(3,8),(3,9),(3,10),(3,13),(3,19),(3,23),(3,24);
/*!40000 ALTER TABLE `ec_product_collection_products` ENABLE KEYS */;
UNLOCK TABLES;

--
-- Table structure for table `ec_product_collections`
--

DROP TABLE IF EXISTS `ec_product_collections`;
/*!40101 SET @saved_cs_client     = @@character_set_client */;
/*!50503 SET character_set_client = utf8mb4 */;
CREATE TABLE `ec_product_collections` (
  `id` bigint unsigned NOT NULL AUTO_INCREMENT,
  `name` varchar(191) CHARACTER SET utf8mb4 COLLATE utf8mb4_unicode_ci NOT NULL,
  `slug` varchar(191) CHARACTER SET utf8mb4 COLLATE utf8mb4_unicode_ci NOT NULL,
  `description` varchar(400) CHARACTER SET utf8mb4 COLLATE utf8mb4_unicode_ci DEFAULT NULL,
  `image` varchar(255) CHARACTER SET utf8mb4 COLLATE utf8mb4_unicode_ci DEFAULT NULL,
  `status` varchar(60) CHARACTER SET utf8mb4 COLLATE utf8mb4_unicode_ci NOT NULL DEFAULT 'published',
  `created_at` timestamp NULL DEFAULT NULL,
  `updated_at` timestamp NULL DEFAULT NULL,
  `is_featured` tinyint unsigned NOT NULL DEFAULT '0',
  PRIMARY KEY (`id`)
) ENGINE=InnoDB AUTO_INCREMENT=4 DEFAULT CHARSET=utf8mb4 COLLATE=utf8mb4_unicode_ci;
/*!40101 SET character_set_client = @saved_cs_client */;

--
-- Dumping data for table `ec_product_collections`
--

LOCK TABLES `ec_product_collections` WRITE;
/*!40000 ALTER TABLE `ec_product_collections` DISABLE KEYS */;
INSERT INTO `ec_product_collections` VALUES (1,'New Arrival','new-arrival',NULL,NULL,'published','2023-03-05 23:42:51','2023-03-05 23:42:51',0),(2,'Best Sellers','best-sellers',NULL,NULL,'published','2023-03-05 23:42:51','2023-03-05 23:42:51',0),(3,'Special Offer','special-offer',NULL,NULL,'published','2023-03-05 23:42:51','2023-03-05 23:42:51',0);
/*!40000 ALTER TABLE `ec_product_collections` ENABLE KEYS */;
UNLOCK TABLES;

--
-- Table structure for table `ec_product_collections_translations`
--

DROP TABLE IF EXISTS `ec_product_collections_translations`;
/*!40101 SET @saved_cs_client     = @@character_set_client */;
/*!50503 SET character_set_client = utf8mb4 */;
CREATE TABLE `ec_product_collections_translations` (
  `lang_code` varchar(191) CHARACTER SET utf8mb4 COLLATE utf8mb4_unicode_ci NOT NULL,
  `ec_product_collections_id` bigint unsigned NOT NULL,
  `name` varchar(191) CHARACTER SET utf8mb4 COLLATE utf8mb4_unicode_ci DEFAULT NULL,
  `description` varchar(191) CHARACTER SET utf8mb4 COLLATE utf8mb4_unicode_ci DEFAULT NULL,
  PRIMARY KEY (`lang_code`,`ec_product_collections_id`)
) ENGINE=InnoDB DEFAULT CHARSET=utf8mb4 COLLATE=utf8mb4_unicode_ci;
/*!40101 SET character_set_client = @saved_cs_client */;

--
-- Dumping data for table `ec_product_collections_translations`
--

LOCK TABLES `ec_product_collections_translations` WRITE;
/*!40000 ALTER TABLE `ec_product_collections_translations` DISABLE KEYS */;
INSERT INTO `ec_product_collections_translations` VALUES ('vi',1,'Hàng mới về',NULL),('vi',2,'Bán chạy nhất',NULL),('vi',3,'Khuyến mãi đặc biệt',NULL);
/*!40000 ALTER TABLE `ec_product_collections_translations` ENABLE KEYS */;
UNLOCK TABLES;

--
-- Table structure for table `ec_product_cross_sale_relations`
--

DROP TABLE IF EXISTS `ec_product_cross_sale_relations`;
/*!40101 SET @saved_cs_client     = @@character_set_client */;
/*!50503 SET character_set_client = utf8mb4 */;
CREATE TABLE `ec_product_cross_sale_relations` (
  `from_product_id` bigint unsigned NOT NULL,
  `to_product_id` bigint unsigned NOT NULL,
  PRIMARY KEY (`from_product_id`,`to_product_id`),
  KEY `ec_product_cross_sale_relations_from_product_id_index` (`from_product_id`),
  KEY `ec_product_cross_sale_relations_to_product_id_index` (`to_product_id`)
) ENGINE=InnoDB DEFAULT CHARSET=utf8mb4 COLLATE=utf8mb4_unicode_ci;
/*!40101 SET character_set_client = @saved_cs_client */;

--
-- Dumping data for table `ec_product_cross_sale_relations`
--

LOCK TABLES `ec_product_cross_sale_relations` WRITE;
/*!40000 ALTER TABLE `ec_product_cross_sale_relations` DISABLE KEYS */;
INSERT INTO `ec_product_cross_sale_relations` VALUES (1,9),(1,11),(1,19),(1,24),(2,3),(2,14),(2,22),(2,24),(3,4),(3,12),(3,23),(4,15),(4,18),(4,19),(4,20),(5,4),(5,9),(5,11),(5,18),(6,1),(6,9),(6,24),(7,2),(7,3),(7,11),(7,15),(8,10),(8,12),(8,13),(8,18),(9,4),(9,12),(9,17),(9,22),(10,1),(10,6),(10,18),(11,1),(11,12),(11,21),(11,22),(12,1),(12,4),(12,20),(13,2),(13,6),(13,11),(13,12),(14,7),(14,8),(14,19),(15,4),(15,19),(15,20),(15,24),(16,4),(16,5),(16,14),(16,21),(17,1),(17,11),(17,13),(18,5),(18,8),(18,13),(18,24),(19,7),(19,11),(19,13),(19,23),(20,3),(20,6),(20,8),(20,21),(21,2),(21,18),(22,1),(22,2),(22,4),(22,7),(23,6),(23,7),(23,14),(23,17),(24,2),(24,9),(24,15),(24,22);
/*!40000 ALTER TABLE `ec_product_cross_sale_relations` ENABLE KEYS */;
UNLOCK TABLES;

--
-- Table structure for table `ec_product_files`
--

DROP TABLE IF EXISTS `ec_product_files`;
/*!40101 SET @saved_cs_client     = @@character_set_client */;
/*!50503 SET character_set_client = utf8mb4 */;
CREATE TABLE `ec_product_files` (
  `id` bigint unsigned NOT NULL AUTO_INCREMENT,
  `product_id` bigint unsigned DEFAULT NULL,
  `url` varchar(400) CHARACTER SET utf8mb4 COLLATE utf8mb4_unicode_ci DEFAULT NULL,
  `extras` mediumtext CHARACTER SET utf8mb4 COLLATE utf8mb4_unicode_ci,
  `created_at` timestamp NULL DEFAULT NULL,
  `updated_at` timestamp NULL DEFAULT NULL,
  PRIMARY KEY (`id`),
  KEY `ec_product_files_product_id_index` (`product_id`)
) ENGINE=InnoDB AUTO_INCREMENT=25 DEFAULT CHARSET=utf8mb4 COLLATE=utf8mb4_unicode_ci;
/*!40101 SET character_set_client = @saved_cs_client */;

--
-- Dumping data for table `ec_product_files`
--

LOCK TABLES `ec_product_files` WRITE;
/*!40000 ALTER TABLE `ec_product_files` DISABLE KEYS */;
INSERT INTO `ec_product_files` VALUES (1,25,'product-files/1.jpg','{\"filename\":\"1.jpg\",\"url\":\"product-files\\/1.jpg\",\"mime_type\":\"image\\/jpeg\",\"size\":2165,\"modified\":\"2023-03-06 06:42:55\",\"name\":\"1\",\"extension\":\"jpg\"}','2023-03-05 23:42:55','2023-03-05 23:42:55'),(2,25,'product-files/1-1.jpg','{\"filename\":\"1-1.jpg\",\"url\":\"product-files\\/1-1.jpg\",\"mime_type\":\"image\\/jpeg\",\"size\":2165,\"modified\":\"2023-03-06 06:42:55\",\"name\":\"1-1\",\"extension\":\"jpg\"}','2023-03-05 23:42:55','2023-03-05 23:42:55'),(3,26,'product-files/1.jpg','{\"filename\":\"1.jpg\",\"url\":\"product-files\\/1.jpg\",\"mime_type\":\"image\\/jpeg\",\"size\":2165,\"modified\":\"2023-03-06 06:42:55\",\"name\":\"1\",\"extension\":\"jpg\"}','2023-03-05 23:42:55','2023-03-05 23:42:55'),(4,26,'product-files/1-1.jpg','{\"filename\":\"1-1.jpg\",\"url\":\"product-files\\/1-1.jpg\",\"mime_type\":\"image\\/jpeg\",\"size\":2165,\"modified\":\"2023-03-06 06:42:55\",\"name\":\"1-1\",\"extension\":\"jpg\"}','2023-03-05 23:42:55','2023-03-05 23:42:55'),(5,27,'product-files/1.jpg','{\"filename\":\"1.jpg\",\"url\":\"product-files\\/1.jpg\",\"mime_type\":\"image\\/jpeg\",\"size\":2165,\"modified\":\"2023-03-06 06:42:55\",\"name\":\"1\",\"extension\":\"jpg\"}','2023-03-05 23:42:55','2023-03-05 23:42:55'),(6,27,'product-files/1-1.jpg','{\"filename\":\"1-1.jpg\",\"url\":\"product-files\\/1-1.jpg\",\"mime_type\":\"image\\/jpeg\",\"size\":2165,\"modified\":\"2023-03-06 06:42:55\",\"name\":\"1-1\",\"extension\":\"jpg\"}','2023-03-05 23:42:55','2023-03-05 23:42:55'),(7,36,'product-files/5.jpg','{\"filename\":\"5.jpg\",\"url\":\"product-files\\/5.jpg\",\"mime_type\":\"image\\/jpeg\",\"size\":2165,\"modified\":\"2023-03-06 06:42:55\",\"name\":\"5\",\"extension\":\"jpg\"}','2023-03-05 23:42:55','2023-03-05 23:42:55'),(8,36,'product-files/5-1.jpg','{\"filename\":\"5-1.jpg\",\"url\":\"product-files\\/5-1.jpg\",\"mime_type\":\"image\\/jpeg\",\"size\":2165,\"modified\":\"2023-03-06 06:42:55\",\"name\":\"5-1\",\"extension\":\"jpg\"}','2023-03-05 23:42:55','2023-03-05 23:42:55'),(9,37,'product-files/5.jpg','{\"filename\":\"5.jpg\",\"url\":\"product-files\\/5.jpg\",\"mime_type\":\"image\\/jpeg\",\"size\":2165,\"modified\":\"2023-03-06 06:42:55\",\"name\":\"5\",\"extension\":\"jpg\"}','2023-03-05 23:42:55','2023-03-05 23:42:55'),(10,37,'product-files/5-1.jpg','{\"filename\":\"5-1.jpg\",\"url\":\"product-files\\/5-1.jpg\",\"mime_type\":\"image\\/jpeg\",\"size\":2165,\"modified\":\"2023-03-06 06:42:55\",\"name\":\"5-1\",\"extension\":\"jpg\"}','2023-03-05 23:42:55','2023-03-05 23:42:55'),(11,46,'product-files/9.jpg','{\"filename\":\"9.jpg\",\"url\":\"product-files\\/9.jpg\",\"mime_type\":\"image\\/jpeg\",\"size\":2165,\"modified\":\"2023-03-06 06:42:55\",\"name\":\"9\",\"extension\":\"jpg\"}','2023-03-05 23:42:55','2023-03-05 23:42:55'),(12,46,'product-files/9-1.jpg','{\"filename\":\"9-1.jpg\",\"url\":\"product-files\\/9-1.jpg\",\"mime_type\":\"image\\/jpeg\",\"size\":2165,\"modified\":\"2023-03-06 06:42:55\",\"name\":\"9-1\",\"extension\":\"jpg\"}','2023-03-05 23:42:55','2023-03-05 23:42:55'),(13,54,'product-files/13.jpg','{\"filename\":\"13.jpg\",\"url\":\"product-files\\/13.jpg\",\"mime_type\":\"image\\/jpeg\",\"size\":2165,\"modified\":\"2023-03-06 06:42:55\",\"name\":\"13\",\"extension\":\"jpg\"}','2023-03-05 23:42:55','2023-03-05 23:42:55'),(14,54,'product-files/13-1.jpg','{\"filename\":\"13-1.jpg\",\"url\":\"product-files\\/13-1.jpg\",\"mime_type\":\"image\\/jpeg\",\"size\":2165,\"modified\":\"2023-03-06 06:42:55\",\"name\":\"13-1\",\"extension\":\"jpg\"}','2023-03-05 23:42:55','2023-03-05 23:42:55'),(15,55,'product-files/13.jpg','{\"filename\":\"13.jpg\",\"url\":\"product-files\\/13.jpg\",\"mime_type\":\"image\\/jpeg\",\"size\":2165,\"modified\":\"2023-03-06 06:42:55\",\"name\":\"13\",\"extension\":\"jpg\"}','2023-03-05 23:42:55','2023-03-05 23:42:55'),(16,55,'product-files/13-1.jpg','{\"filename\":\"13-1.jpg\",\"url\":\"product-files\\/13-1.jpg\",\"mime_type\":\"image\\/jpeg\",\"size\":2165,\"modified\":\"2023-03-06 06:42:55\",\"name\":\"13-1\",\"extension\":\"jpg\"}','2023-03-05 23:42:55','2023-03-05 23:42:55'),(17,60,'product-files/17.jpg','{\"filename\":\"17.jpg\",\"url\":\"product-files\\/17.jpg\",\"mime_type\":\"image\\/jpeg\",\"size\":2165,\"modified\":\"2023-03-06 06:42:55\",\"name\":\"17\",\"extension\":\"jpg\"}','2023-03-05 23:42:55','2023-03-05 23:42:55'),(18,60,'product-files/17-1.jpg','{\"filename\":\"17-1.jpg\",\"url\":\"product-files\\/17-1.jpg\",\"mime_type\":\"image\\/jpeg\",\"size\":2165,\"modified\":\"2023-03-06 06:42:55\",\"name\":\"17-1\",\"extension\":\"jpg\"}','2023-03-05 23:42:55','2023-03-05 23:42:55'),(19,61,'product-files/17.jpg','{\"filename\":\"17.jpg\",\"url\":\"product-files\\/17.jpg\",\"mime_type\":\"image\\/jpeg\",\"size\":2165,\"modified\":\"2023-03-06 06:42:55\",\"name\":\"17\",\"extension\":\"jpg\"}','2023-03-05 23:42:55','2023-03-05 23:42:55'),(20,61,'product-files/17-1.jpg','{\"filename\":\"17-1.jpg\",\"url\":\"product-files\\/17-1.jpg\",\"mime_type\":\"image\\/jpeg\",\"size\":2165,\"modified\":\"2023-03-06 06:42:55\",\"name\":\"17-1\",\"extension\":\"jpg\"}','2023-03-05 23:42:55','2023-03-05 23:42:55'),(21,70,'product-files/21.jpg','{\"filename\":\"21.jpg\",\"url\":\"product-files\\/21.jpg\",\"mime_type\":\"image\\/jpeg\",\"size\":2165,\"modified\":\"2023-03-06 06:42:55\",\"name\":\"21\",\"extension\":\"jpg\"}','2023-03-05 23:42:55','2023-03-05 23:42:55'),(22,70,'product-files/21-1.jpg','{\"filename\":\"21-1.jpg\",\"url\":\"product-files\\/21-1.jpg\",\"mime_type\":\"image\\/jpeg\",\"size\":2165,\"modified\":\"2023-03-06 06:42:55\",\"name\":\"21-1\",\"extension\":\"jpg\"}','2023-03-05 23:42:55','2023-03-05 23:42:55'),(23,71,'product-files/21.jpg','{\"filename\":\"21.jpg\",\"url\":\"product-files\\/21.jpg\",\"mime_type\":\"image\\/jpeg\",\"size\":2165,\"modified\":\"2023-03-06 06:42:55\",\"name\":\"21\",\"extension\":\"jpg\"}','2023-03-05 23:42:55','2023-03-05 23:42:55'),(24,71,'product-files/21-1.jpg','{\"filename\":\"21-1.jpg\",\"url\":\"product-files\\/21-1.jpg\",\"mime_type\":\"image\\/jpeg\",\"size\":2165,\"modified\":\"2023-03-06 06:42:55\",\"name\":\"21-1\",\"extension\":\"jpg\"}','2023-03-05 23:42:55','2023-03-05 23:42:55');
/*!40000 ALTER TABLE `ec_product_files` ENABLE KEYS */;
UNLOCK TABLES;

--
-- Table structure for table `ec_product_label_products`
--

DROP TABLE IF EXISTS `ec_product_label_products`;
/*!40101 SET @saved_cs_client     = @@character_set_client */;
/*!50503 SET character_set_client = utf8mb4 */;
CREATE TABLE `ec_product_label_products` (
  `product_label_id` bigint unsigned NOT NULL,
  `product_id` bigint unsigned NOT NULL,
  PRIMARY KEY (`product_label_id`,`product_id`),
  KEY `ec_product_label_products_product_label_id_index` (`product_label_id`),
  KEY `ec_product_label_products_product_id_index` (`product_id`)
) ENGINE=InnoDB DEFAULT CHARSET=utf8mb4 COLLATE=utf8mb4_unicode_ci;
/*!40101 SET character_set_client = @saved_cs_client */;

--
-- Dumping data for table `ec_product_label_products`
--

LOCK TABLES `ec_product_label_products` WRITE;
/*!40000 ALTER TABLE `ec_product_label_products` DISABLE KEYS */;
INSERT INTO `ec_product_label_products` VALUES (1,7),(3,14),(3,21);
/*!40000 ALTER TABLE `ec_product_label_products` ENABLE KEYS */;
UNLOCK TABLES;

--
-- Table structure for table `ec_product_labels`
--

DROP TABLE IF EXISTS `ec_product_labels`;
/*!40101 SET @saved_cs_client     = @@character_set_client */;
/*!50503 SET character_set_client = utf8mb4 */;
CREATE TABLE `ec_product_labels` (
  `id` bigint unsigned NOT NULL AUTO_INCREMENT,
  `name` varchar(255) CHARACTER SET utf8mb4 COLLATE utf8mb4_unicode_ci NOT NULL,
  `color` varchar(120) CHARACTER SET utf8mb4 COLLATE utf8mb4_unicode_ci DEFAULT NULL,
  `status` varchar(60) CHARACTER SET utf8mb4 COLLATE utf8mb4_unicode_ci NOT NULL DEFAULT 'published',
  `created_at` timestamp NULL DEFAULT NULL,
  `updated_at` timestamp NULL DEFAULT NULL,
  PRIMARY KEY (`id`)
) ENGINE=InnoDB AUTO_INCREMENT=4 DEFAULT CHARSET=utf8mb4 COLLATE=utf8mb4_unicode_ci;
/*!40101 SET character_set_client = @saved_cs_client */;

--
-- Dumping data for table `ec_product_labels`
--

LOCK TABLES `ec_product_labels` WRITE;
/*!40000 ALTER TABLE `ec_product_labels` DISABLE KEYS */;
INSERT INTO `ec_product_labels` VALUES (1,'Hot','#ec2434','published','2023-03-05 23:42:51','2023-03-05 23:42:51'),(2,'New','#00c9a7','published','2023-03-05 23:42:51','2023-03-05 23:42:51'),(3,'Sale','#fe9931','published','2023-03-05 23:42:51','2023-03-05 23:42:51');
/*!40000 ALTER TABLE `ec_product_labels` ENABLE KEYS */;
UNLOCK TABLES;

--
-- Table structure for table `ec_product_labels_translations`
--

DROP TABLE IF EXISTS `ec_product_labels_translations`;
/*!40101 SET @saved_cs_client     = @@character_set_client */;
/*!50503 SET character_set_client = utf8mb4 */;
CREATE TABLE `ec_product_labels_translations` (
  `lang_code` varchar(191) CHARACTER SET utf8mb4 COLLATE utf8mb4_unicode_ci NOT NULL,
  `ec_product_labels_id` bigint unsigned NOT NULL,
  `name` varchar(191) CHARACTER SET utf8mb4 COLLATE utf8mb4_unicode_ci DEFAULT NULL,
  `description` varchar(191) CHARACTER SET utf8mb4 COLLATE utf8mb4_unicode_ci DEFAULT NULL,
  PRIMARY KEY (`lang_code`,`ec_product_labels_id`)
) ENGINE=InnoDB DEFAULT CHARSET=utf8mb4 COLLATE=utf8mb4_unicode_ci;
/*!40101 SET character_set_client = @saved_cs_client */;

--
-- Dumping data for table `ec_product_labels_translations`
--

LOCK TABLES `ec_product_labels_translations` WRITE;
/*!40000 ALTER TABLE `ec_product_labels_translations` DISABLE KEYS */;
INSERT INTO `ec_product_labels_translations` VALUES ('vi',1,'Nổi bật',NULL),('vi',2,'Mới',NULL),('vi',3,'Giảm giá',NULL);
/*!40000 ALTER TABLE `ec_product_labels_translations` ENABLE KEYS */;
UNLOCK TABLES;

--
-- Table structure for table `ec_product_related_relations`
--

DROP TABLE IF EXISTS `ec_product_related_relations`;
/*!40101 SET @saved_cs_client     = @@character_set_client */;
/*!50503 SET character_set_client = utf8mb4 */;
CREATE TABLE `ec_product_related_relations` (
  `from_product_id` bigint unsigned NOT NULL,
  `to_product_id` bigint unsigned NOT NULL,
  PRIMARY KEY (`from_product_id`,`to_product_id`),
  KEY `ec_product_related_relations_from_product_id_index` (`from_product_id`),
  KEY `ec_product_related_relations_to_product_id_index` (`to_product_id`)
) ENGINE=InnoDB DEFAULT CHARSET=utf8mb4 COLLATE=utf8mb4_unicode_ci;
/*!40101 SET character_set_client = @saved_cs_client */;

--
-- Dumping data for table `ec_product_related_relations`
--

LOCK TABLES `ec_product_related_relations` WRITE;
/*!40000 ALTER TABLE `ec_product_related_relations` DISABLE KEYS */;
/*!40000 ALTER TABLE `ec_product_related_relations` ENABLE KEYS */;
UNLOCK TABLES;

--
-- Table structure for table `ec_product_tag_product`
--

DROP TABLE IF EXISTS `ec_product_tag_product`;
/*!40101 SET @saved_cs_client     = @@character_set_client */;
/*!50503 SET character_set_client = utf8mb4 */;
CREATE TABLE `ec_product_tag_product` (
  `product_id` bigint unsigned NOT NULL,
  `tag_id` bigint unsigned NOT NULL,
  PRIMARY KEY (`product_id`,`tag_id`),
  KEY `ec_product_tag_product_product_id_index` (`product_id`),
  KEY `ec_product_tag_product_tag_id_index` (`tag_id`)
) ENGINE=InnoDB DEFAULT CHARSET=utf8mb4 COLLATE=utf8mb4_unicode_ci;
/*!40101 SET character_set_client = @saved_cs_client */;

--
-- Dumping data for table `ec_product_tag_product`
--

LOCK TABLES `ec_product_tag_product` WRITE;
/*!40000 ALTER TABLE `ec_product_tag_product` DISABLE KEYS */;
INSERT INTO `ec_product_tag_product` VALUES (1,2),(1,4),(1,6),(2,2),(2,3),(2,6),(3,4),(3,5),(4,1),(4,2),(4,3),(5,1),(5,4),(5,6),(6,1),(6,3),(6,5),(7,2),(7,4),(8,2),(8,3),(9,2),(9,4),(9,5),(10,3),(10,4),(11,4),(11,5),(12,3),(12,4),(12,6),(13,4),(13,5),(14,1),(14,3),(14,6),(15,2),(15,3),(15,4),(16,2),(16,3),(17,1),(17,2),(17,6),(18,1),(18,4),(18,5),(19,1),(19,4),(19,5),(20,1),(20,5),(20,6),(21,1),(21,2),(22,3),(22,4),(22,6),(23,3),(23,4),(23,6),(24,1),(24,4);
/*!40000 ALTER TABLE `ec_product_tag_product` ENABLE KEYS */;
UNLOCK TABLES;

--
-- Table structure for table `ec_product_tags`
--

DROP TABLE IF EXISTS `ec_product_tags`;
/*!40101 SET @saved_cs_client     = @@character_set_client */;
/*!50503 SET character_set_client = utf8mb4 */;
CREATE TABLE `ec_product_tags` (
  `id` bigint unsigned NOT NULL AUTO_INCREMENT,
  `name` varchar(120) CHARACTER SET utf8mb4 COLLATE utf8mb4_unicode_ci NOT NULL,
  `description` varchar(400) CHARACTER SET utf8mb4 COLLATE utf8mb4_unicode_ci DEFAULT NULL,
  `status` varchar(60) CHARACTER SET utf8mb4 COLLATE utf8mb4_unicode_ci NOT NULL DEFAULT 'published',
  `created_at` timestamp NULL DEFAULT NULL,
  `updated_at` timestamp NULL DEFAULT NULL,
  PRIMARY KEY (`id`)
) ENGINE=InnoDB AUTO_INCREMENT=6 DEFAULT CHARSET=utf8mb4 COLLATE=utf8mb4_unicode_ci;
/*!40101 SET character_set_client = @saved_cs_client */;

--
-- Dumping data for table `ec_product_tags`
--

LOCK TABLES `ec_product_tags` WRITE;
/*!40000 ALTER TABLE `ec_product_tags` DISABLE KEYS */;
INSERT INTO `ec_product_tags` VALUES (1,'Wallet',NULL,'published','2023-03-05 23:42:51','2023-03-05 23:42:51'),(2,'Bags',NULL,'published','2023-03-05 23:42:51','2023-03-05 23:42:51'),(3,'Shoes',NULL,'published','2023-03-05 23:42:51','2023-03-05 23:42:51'),(4,'Clothes',NULL,'published','2023-03-05 23:42:51','2023-03-05 23:42:51'),(5,'Hand bag',NULL,'published','2023-03-05 23:42:51','2023-03-05 23:42:51');
/*!40000 ALTER TABLE `ec_product_tags` ENABLE KEYS */;
UNLOCK TABLES;

--
-- Table structure for table `ec_product_tags_translations`
--

DROP TABLE IF EXISTS `ec_product_tags_translations`;
/*!40101 SET @saved_cs_client     = @@character_set_client */;
/*!50503 SET character_set_client = utf8mb4 */;
CREATE TABLE `ec_product_tags_translations` (
  `lang_code` varchar(191) CHARACTER SET utf8mb4 COLLATE utf8mb4_unicode_ci NOT NULL,
  `ec_product_tags_id` bigint unsigned NOT NULL,
  `name` varchar(191) CHARACTER SET utf8mb4 COLLATE utf8mb4_unicode_ci DEFAULT NULL,
  PRIMARY KEY (`lang_code`,`ec_product_tags_id`)
) ENGINE=InnoDB DEFAULT CHARSET=utf8mb4 COLLATE=utf8mb4_unicode_ci;
/*!40101 SET character_set_client = @saved_cs_client */;

--
-- Dumping data for table `ec_product_tags_translations`
--

LOCK TABLES `ec_product_tags_translations` WRITE;
/*!40000 ALTER TABLE `ec_product_tags_translations` DISABLE KEYS */;
/*!40000 ALTER TABLE `ec_product_tags_translations` ENABLE KEYS */;
UNLOCK TABLES;

--
-- Table structure for table `ec_product_up_sale_relations`
--

DROP TABLE IF EXISTS `ec_product_up_sale_relations`;
/*!40101 SET @saved_cs_client     = @@character_set_client */;
/*!50503 SET character_set_client = utf8mb4 */;
CREATE TABLE `ec_product_up_sale_relations` (
  `from_product_id` bigint unsigned NOT NULL,
  `to_product_id` bigint unsigned NOT NULL,
  PRIMARY KEY (`from_product_id`,`to_product_id`),
  KEY `ec_product_up_sale_relations_from_product_id_index` (`from_product_id`),
  KEY `ec_product_up_sale_relations_to_product_id_index` (`to_product_id`)
) ENGINE=InnoDB DEFAULT CHARSET=utf8mb4 COLLATE=utf8mb4_unicode_ci;
/*!40101 SET character_set_client = @saved_cs_client */;

--
-- Dumping data for table `ec_product_up_sale_relations`
--

LOCK TABLES `ec_product_up_sale_relations` WRITE;
/*!40000 ALTER TABLE `ec_product_up_sale_relations` DISABLE KEYS */;
/*!40000 ALTER TABLE `ec_product_up_sale_relations` ENABLE KEYS */;
UNLOCK TABLES;

--
-- Table structure for table `ec_product_variation_items`
--

DROP TABLE IF EXISTS `ec_product_variation_items`;
/*!40101 SET @saved_cs_client     = @@character_set_client */;
/*!50503 SET character_set_client = utf8mb4 */;
CREATE TABLE `ec_product_variation_items` (
  `id` bigint unsigned NOT NULL AUTO_INCREMENT,
  `attribute_id` bigint unsigned NOT NULL,
  `variation_id` bigint unsigned NOT NULL,
  PRIMARY KEY (`id`),
  KEY `ec_product_variation_items_attribute_id_variation_id_index` (`attribute_id`,`variation_id`)
) ENGINE=InnoDB AUTO_INCREMENT=109 DEFAULT CHARSET=utf8mb4 COLLATE=utf8mb4_unicode_ci;
/*!40101 SET character_set_client = @saved_cs_client */;

--
-- Dumping data for table `ec_product_variation_items`
--

LOCK TABLES `ec_product_variation_items` WRITE;
/*!40000 ALTER TABLE `ec_product_variation_items` DISABLE KEYS */;
INSERT INTO `ec_product_variation_items` VALUES (3,1,2),(17,1,9),(21,1,11),(67,1,34),(89,1,45),(11,2,6),(15,2,8),(29,2,15),(35,2,18),(45,2,23),(47,2,24),(65,2,33),(69,2,35),(75,2,38),(85,2,43),(91,2,46),(95,2,48),(107,2,54),(13,3,7),(23,3,12),(25,3,13),(27,3,14),(49,3,25),(53,3,27),(99,3,50),(105,3,53),(5,4,3),(19,4,10),(31,4,16),(33,4,17),(39,4,20),(59,4,30),(61,4,31),(63,4,32),(71,4,36),(77,4,39),(79,4,40),(83,4,42),(87,4,44),(93,4,47),(103,4,52),(1,5,1),(7,5,4),(9,5,5),(37,5,19),(41,5,21),(43,5,22),(51,5,26),(55,5,28),(57,5,29),(73,5,37),(81,5,41),(97,5,49),(101,5,51),(12,6,6),(28,6,14),(30,6,15),(38,6,19),(42,6,21),(56,6,28),(60,6,30),(76,6,38),(90,6,45),(94,6,47),(104,6,52),(2,7,1),(4,7,2),(6,7,3),(8,7,4),(18,7,9),(32,7,16),(54,7,27),(62,7,31),(66,7,33),(86,7,43),(100,7,50),(106,7,53),(20,8,10),(22,8,11),(24,8,12),(34,8,17),(44,8,22),(46,8,23),(48,8,24),(72,8,36),(74,8,37),(82,8,41),(88,8,44),(98,8,49),(102,8,51),(10,9,5),(26,9,13),(36,9,18),(52,9,26),(58,9,29),(64,9,32),(70,9,35),(92,9,46),(108,9,54),(14,10,7),(16,10,8),(40,10,20),(50,10,25),(68,10,34),(78,10,39),(80,10,40),(84,10,42),(96,10,48);
/*!40000 ALTER TABLE `ec_product_variation_items` ENABLE KEYS */;
UNLOCK TABLES;

--
-- Table structure for table `ec_product_variations`
--

DROP TABLE IF EXISTS `ec_product_variations`;
/*!40101 SET @saved_cs_client     = @@character_set_client */;
/*!50503 SET character_set_client = utf8mb4 */;
CREATE TABLE `ec_product_variations` (
  `id` bigint unsigned NOT NULL AUTO_INCREMENT,
  `product_id` bigint unsigned DEFAULT NULL,
  `configurable_product_id` bigint unsigned NOT NULL,
  `is_default` tinyint NOT NULL DEFAULT '0',
  PRIMARY KEY (`id`),
  KEY `ec_product_variations_product_id_configurable_product_id_index` (`product_id`,`configurable_product_id`)
) ENGINE=InnoDB AUTO_INCREMENT=55 DEFAULT CHARSET=utf8mb4 COLLATE=utf8mb4_unicode_ci;
/*!40101 SET character_set_client = @saved_cs_client */;

--
-- Dumping data for table `ec_product_variations`
--

LOCK TABLES `ec_product_variations` WRITE;
/*!40000 ALTER TABLE `ec_product_variations` DISABLE KEYS */;
INSERT INTO `ec_product_variations` VALUES (1,25,1,1),(2,26,1,0),(3,27,1,0),(4,28,2,1),(5,29,2,0),(6,30,3,1),(7,31,3,0),(8,32,3,0),(9,33,3,0),(10,34,4,1),(11,35,4,0),(12,36,5,1),(13,37,5,0),(14,38,6,1),(15,39,6,0),(16,40,6,0),(17,41,6,0),(18,42,7,1),(19,43,8,1),(20,44,8,0),(21,45,8,0),(22,46,9,1),(23,47,10,1),(24,48,10,0),(25,49,10,0),(26,50,10,0),(27,51,11,1),(28,52,12,1),(29,53,12,0),(30,54,13,1),(31,55,13,0),(32,56,14,1),(33,57,15,1),(34,58,16,1),(35,59,16,0),(36,60,17,1),(37,61,17,0),(38,62,18,1),(39,63,19,1),(40,64,19,0),(41,65,19,0),(42,66,20,1),(43,67,20,0),(44,68,20,0),(45,69,20,0),(46,70,21,1),(47,71,21,0),(48,72,22,1),(49,73,22,0),(50,74,23,1),(51,75,23,0),(52,76,23,0),(53,77,24,1),(54,78,24,0);
/*!40000 ALTER TABLE `ec_product_variations` ENABLE KEYS */;
UNLOCK TABLES;

--
-- Table structure for table `ec_product_views`
--

DROP TABLE IF EXISTS `ec_product_views`;
/*!40101 SET @saved_cs_client     = @@character_set_client */;
/*!50503 SET character_set_client = utf8mb4 */;
CREATE TABLE `ec_product_views` (
  `id` bigint unsigned NOT NULL AUTO_INCREMENT,
  `product_id` bigint unsigned NOT NULL,
  `views` int NOT NULL DEFAULT '1',
  `date` date NOT NULL DEFAULT '2023-03-06',
  PRIMARY KEY (`id`),
  UNIQUE KEY `ec_product_views_product_id_date_unique` (`product_id`,`date`),
  KEY `ec_product_views_product_id_index` (`product_id`)
) ENGINE=InnoDB DEFAULT CHARSET=utf8mb4 COLLATE=utf8mb4_unicode_ci;
/*!40101 SET character_set_client = @saved_cs_client */;

--
-- Dumping data for table `ec_product_views`
--

LOCK TABLES `ec_product_views` WRITE;
/*!40000 ALTER TABLE `ec_product_views` DISABLE KEYS */;
/*!40000 ALTER TABLE `ec_product_views` ENABLE KEYS */;
UNLOCK TABLES;

--
-- Table structure for table `ec_product_with_attribute_set`
--

DROP TABLE IF EXISTS `ec_product_with_attribute_set`;
/*!40101 SET @saved_cs_client     = @@character_set_client */;
/*!50503 SET character_set_client = utf8mb4 */;
CREATE TABLE `ec_product_with_attribute_set` (
  `attribute_set_id` bigint unsigned NOT NULL,
  `product_id` bigint unsigned NOT NULL,
  `order` tinyint unsigned NOT NULL DEFAULT '0',
  PRIMARY KEY (`product_id`,`attribute_set_id`)
) ENGINE=InnoDB DEFAULT CHARSET=utf8mb4 COLLATE=utf8mb4_unicode_ci;
/*!40101 SET character_set_client = @saved_cs_client */;

--
-- Dumping data for table `ec_product_with_attribute_set`
--

LOCK TABLES `ec_product_with_attribute_set` WRITE;
/*!40000 ALTER TABLE `ec_product_with_attribute_set` DISABLE KEYS */;
INSERT INTO `ec_product_with_attribute_set` VALUES (1,1,0),(2,1,0),(1,2,0),(2,2,0),(1,3,0),(2,3,0),(1,4,0),(2,4,0),(1,5,0),(2,5,0),(1,6,0),(2,6,0),(1,7,0),(2,7,0),(1,8,0),(2,8,0),(1,9,0),(2,9,0),(1,10,0),(2,10,0),(1,11,0),(2,11,0),(1,12,0),(2,12,0),(1,13,0),(2,13,0),(1,14,0),(2,14,0),(1,15,0),(2,15,0),(1,16,0),(2,16,0),(1,17,0),(2,17,0),(1,18,0),(2,18,0),(1,19,0),(2,19,0),(1,20,0),(2,20,0),(1,21,0),(2,21,0),(1,22,0),(2,22,0),(1,23,0),(2,23,0),(1,24,0),(2,24,0);
/*!40000 ALTER TABLE `ec_product_with_attribute_set` ENABLE KEYS */;
UNLOCK TABLES;

--
-- Table structure for table `ec_products`
--

DROP TABLE IF EXISTS `ec_products`;
/*!40101 SET @saved_cs_client     = @@character_set_client */;
/*!50503 SET character_set_client = utf8mb4 */;
CREATE TABLE `ec_products` (
  `id` bigint unsigned NOT NULL AUTO_INCREMENT,
  `name` varchar(191) CHARACTER SET utf8mb4 COLLATE utf8mb4_unicode_ci NOT NULL,
  `description` text CHARACTER SET utf8mb4 COLLATE utf8mb4_unicode_ci,
  `content` longtext CHARACTER SET utf8mb4 COLLATE utf8mb4_unicode_ci,
  `status` varchar(60) CHARACTER SET utf8mb4 COLLATE utf8mb4_unicode_ci NOT NULL DEFAULT 'published',
  `images` text CHARACTER SET utf8mb4 COLLATE utf8mb4_unicode_ci,
  `sku` varchar(191) CHARACTER SET utf8mb4 COLLATE utf8mb4_unicode_ci DEFAULT NULL,
  `order` int unsigned NOT NULL DEFAULT '0',
  `quantity` int unsigned DEFAULT NULL,
  `allow_checkout_when_out_of_stock` tinyint unsigned NOT NULL DEFAULT '0',
  `with_storehouse_management` tinyint unsigned NOT NULL DEFAULT '0',
  `is_featured` tinyint unsigned NOT NULL DEFAULT '0',
  `brand_id` bigint unsigned DEFAULT NULL,
  `is_variation` tinyint NOT NULL DEFAULT '0',
  `sale_type` tinyint NOT NULL DEFAULT '0',
  `price` double unsigned DEFAULT NULL,
  `sale_price` double unsigned DEFAULT NULL,
  `start_date` timestamp NULL DEFAULT NULL,
  `end_date` timestamp NULL DEFAULT NULL,
  `length` double(8,2) DEFAULT NULL,
  `wide` double(8,2) DEFAULT NULL,
  `height` double(8,2) DEFAULT NULL,
  `weight` double(8,2) DEFAULT NULL,
  `tax_id` bigint unsigned DEFAULT NULL,
  `views` bigint NOT NULL DEFAULT '0',
  `created_at` timestamp NULL DEFAULT NULL,
  `updated_at` timestamp NULL DEFAULT NULL,
  `stock_status` varchar(191) CHARACTER SET utf8mb4 COLLATE utf8mb4_unicode_ci DEFAULT 'in_stock',
  `created_by_id` bigint unsigned DEFAULT '0',
  `created_by_type` varchar(255) CHARACTER SET utf8mb4 COLLATE utf8mb4_unicode_ci NOT NULL DEFAULT 'Botble\\ACL\\Models\\User',
  `image` varchar(255) CHARACTER SET utf8mb4 COLLATE utf8mb4_unicode_ci DEFAULT NULL,
  `product_type` varchar(60) CHARACTER SET utf8mb4 COLLATE utf8mb4_unicode_ci DEFAULT 'physical',
  `barcode` varchar(50) CHARACTER SET utf8mb4 COLLATE utf8mb4_unicode_ci DEFAULT NULL,
  `cost_per_item` double DEFAULT NULL,
  `store_id` bigint unsigned DEFAULT NULL,
  `approved_by` bigint unsigned DEFAULT '0',
  PRIMARY KEY (`id`),
  UNIQUE KEY `ec_products_barcode_unique` (`barcode`),
  KEY `ec_products_brand_id_status_is_variation_created_at_index` (`brand_id`,`status`,`is_variation`,`created_at`),
  KEY `ec_products_sale_type_index` (`sale_type`),
  KEY `ec_products_start_date_index` (`start_date`),
  KEY `ec_products_end_date_index` (`end_date`),
  KEY `ec_products_sale_price_index` (`sale_price`),
  KEY `ec_products_is_variation_index` (`is_variation`)
) ENGINE=InnoDB AUTO_INCREMENT=79 DEFAULT CHARSET=utf8mb4 COLLATE=utf8mb4_unicode_ci;
/*!40101 SET character_set_client = @saved_cs_client */;

--
-- Dumping data for table `ec_products`
--

LOCK TABLES `ec_products` WRITE;
/*!40000 ALTER TABLE `ec_products` DISABLE KEYS */;
INSERT INTO `ec_products` VALUES (1,'Seeds of Change Organic Quinoe (Digital)','<p>Short Hooded Coat features a straight body, large pockets with button flaps, ventilation air holes, and a string detail along the hemline.</p>\n<p><img src=\"https://farm66.staticflickr.com/65535/52425327819_a31bd967f3_b.jpg\" alt=\"icon\" style=\"height:15px;\">    1 Year AL Jazeera Brand Warranty</p>\n<p><img src=\"https://farm66.staticflickr.com/65535/52425495800_97e79701b2_b.jpg\" alt=\"icon\" style=\"height:15px;\">   30 Day Return Policy</p>\n<p><img src=\"https://farm66.staticflickr.com/65535/52425327779_367e302b1e_b.jpg\" alt=\"icon\" style=\"height:15px;\"> Cash on Delivery available</p>\n','<p>Short Hooded Coat features a straight body, large pockets with button flaps, ventilation air holes, and a string\n    detail along the hemline. The style is completed with a drawstring hood, featuring Rains’ signature built-in\n    cap. Made from waterproof, matte PU, this lightweight unisex rain jacket is an ode to nostalgia through its classic\n    silhouette and utilitarian design details.</p>\n<p>- Casual unisex fit</p>\n\n<p>- 64% polyester, 36% polyurethane</p>\n\n<p>- Water column pressure: 4000 mm</p>\n\n<p>- Model is 187cm tall and wearing a size S / M</p>\n\n<p>- Unisex fit</p>\n\n<p>- Drawstring hood with built-in cap</p>\n\n<p>- Front placket with snap buttons</p>\n\n<p>- Ventilation under armpit</p>\n\n<p>- Adjustable cuffs</p>\n\n<p>- Double welted front pockets</p>\n\n<p>- Adjustable elastic string at hempen</p>\n\n<p>- Ultrasonically welded seams</p>\n\n<p>This is a unisex item, please check our clothing &amp; footwear sizing guide for specific Rains jacket sizing\n    information. RAINS comes from the rainy nation of Denmark at the edge of the European continent, close to the ocean\n    and with prevailing westerly winds; all factors that contribute to an average of 121 rain days each year. Arising\n    from these rainy weather conditions comes the attitude that a quick rain shower may be beautiful, as well as moody-\n    but first and foremost requires the right outfit. Rains focus on the whole experience of going outside on rainy\n    days, issuing an invitation to explore even in the most mercurial weather.</p>\n','published','[\"products\\/1.jpg\",\"products\\/1-1.jpg\"]','HS-126-A0',0,12,0,1,1,3,0,0,290,NULL,NULL,NULL,20.00,17.00,16.00,899.00,NULL,162065,'2023-03-05 23:42:55','2023-03-05 23:43:04','in_stock',0,'Botble\\ACL\\Models\\User',NULL,'digital',NULL,NULL,1,0),(2,'All Natural Italian-Style Chicken Meatballs','<p>Short Hooded Coat features a straight body, large pockets with button flaps, ventilation air holes, and a string detail along the hemline.</p>\n<p><img src=\"https://farm66.staticflickr.com/65535/52425327819_a31bd967f3_b.jpg\" alt=\"icon\" style=\"height:15px;\">    1 Year AL Jazeera Brand Warranty</p>\n<p><img src=\"https://farm66.staticflickr.com/65535/52425495800_97e79701b2_b.jpg\" alt=\"icon\" style=\"height:15px;\">   30 Day Return Policy</p>\n<p><img src=\"https://farm66.staticflickr.com/65535/52425327779_367e302b1e_b.jpg\" alt=\"icon\" style=\"height:15px;\"> Cash on Delivery available</p>\n','<p>Short Hooded Coat features a straight body, large pockets with button flaps, ventilation air holes, and a string\n    detail along the hemline. The style is completed with a drawstring hood, featuring Rains’ signature built-in\n    cap. Made from waterproof, matte PU, this lightweight unisex rain jacket is an ode to nostalgia through its classic\n    silhouette and utilitarian design details.</p>\n<p>- Casual unisex fit</p>\n\n<p>- 64% polyester, 36% polyurethane</p>\n\n<p>- Water column pressure: 4000 mm</p>\n\n<p>- Model is 187cm tall and wearing a size S / M</p>\n\n<p>- Unisex fit</p>\n\n<p>- Drawstring hood with built-in cap</p>\n\n<p>- Front placket with snap buttons</p>\n\n<p>- Ventilation under armpit</p>\n\n<p>- Adjustable cuffs</p>\n\n<p>- Double welted front pockets</p>\n\n<p>- Adjustable elastic string at hempen</p>\n\n<p>- Ultrasonically welded seams</p>\n\n<p>This is a unisex item, please check our clothing &amp; footwear sizing guide for specific Rains jacket sizing\n    information. RAINS comes from the rainy nation of Denmark at the edge of the European continent, close to the ocean\n    and with prevailing westerly winds; all factors that contribute to an average of 121 rain days each year. Arising\n    from these rainy weather conditions comes the attitude that a quick rain shower may be beautiful, as well as moody-\n    but first and foremost requires the right outfit. Rains focus on the whole experience of going outside on rainy\n    days, issuing an invitation to explore even in the most mercurial weather.</p>\n','published','[\"products\\/2.jpg\",\"products\\/2-1.jpg\"]','HS-167-A0',0,10,0,1,1,5,0,0,479,NULL,NULL,NULL,19.00,12.00,19.00,840.00,NULL,138645,'2023-03-05 23:42:55','2023-03-05 23:43:04','in_stock',0,'Botble\\ACL\\Models\\User',NULL,'physical',NULL,NULL,4,0),(3,'Angie’s Boomchickapop Sweet &amp; Salty Kettle Corn','<p>Short Hooded Coat features a straight body, large pockets with button flaps, ventilation air holes, and a string detail along the hemline.</p>\n<p><img src=\"https://farm66.staticflickr.com/65535/52425327819_a31bd967f3_b.jpg\" alt=\"icon\" style=\"height:15px;\">    1 Year AL Jazeera Brand Warranty</p>\n<p><img src=\"https://farm66.staticflickr.com/65535/52425495800_97e79701b2_b.jpg\" alt=\"icon\" style=\"height:15px;\">   30 Day Return Policy</p>\n<p><img src=\"https://farm66.staticflickr.com/65535/52425327779_367e302b1e_b.jpg\" alt=\"icon\" style=\"height:15px;\"> Cash on Delivery available</p>\n','<p>Short Hooded Coat features a straight body, large pockets with button flaps, ventilation air holes, and a string\n    detail along the hemline. The style is completed with a drawstring hood, featuring Rains’ signature built-in\n    cap. Made from waterproof, matte PU, this lightweight unisex rain jacket is an ode to nostalgia through its classic\n    silhouette and utilitarian design details.</p>\n<p>- Casual unisex fit</p>\n\n<p>- 64% polyester, 36% polyurethane</p>\n\n<p>- Water column pressure: 4000 mm</p>\n\n<p>- Model is 187cm tall and wearing a size S / M</p>\n\n<p>- Unisex fit</p>\n\n<p>- Drawstring hood with built-in cap</p>\n\n<p>- Front placket with snap buttons</p>\n\n<p>- Ventilation under armpit</p>\n\n<p>- Adjustable cuffs</p>\n\n<p>- Double welted front pockets</p>\n\n<p>- Adjustable elastic string at hempen</p>\n\n<p>- Ultrasonically welded seams</p>\n\n<p>This is a unisex item, please check our clothing &amp; footwear sizing guide for specific Rains jacket sizing\n    information. RAINS comes from the rainy nation of Denmark at the edge of the European continent, close to the ocean\n    and with prevailing westerly winds; all factors that contribute to an average of 121 rain days each year. Arising\n    from these rainy weather conditions comes the attitude that a quick rain shower may be beautiful, as well as moody-\n    but first and foremost requires the right outfit. Rains focus on the whole experience of going outside on rainy\n    days, issuing an invitation to explore even in the most mercurial weather.</p>\n','published','[\"products\\/3.jpg\",\"products\\/3-1.jpg\"]','HS-115-A0',0,10,0,1,1,2,0,0,357,NULL,NULL,NULL,15.00,15.00,13.00,782.00,NULL,160084,'2023-03-05 23:42:55','2023-03-05 23:43:04','in_stock',0,'Botble\\ACL\\Models\\User',NULL,'physical',NULL,NULL,4,0),(4,'Foster Farms Takeout Crispy Classic','<p>Short Hooded Coat features a straight body, large pockets with button flaps, ventilation air holes, and a string detail along the hemline.</p>\n<p><img src=\"https://farm66.staticflickr.com/65535/52425327819_a31bd967f3_b.jpg\" alt=\"icon\" style=\"height:15px;\">    1 Year AL Jazeera Brand Warranty</p>\n<p><img src=\"https://farm66.staticflickr.com/65535/52425495800_97e79701b2_b.jpg\" alt=\"icon\" style=\"height:15px;\">   30 Day Return Policy</p>\n<p><img src=\"https://farm66.staticflickr.com/65535/52425327779_367e302b1e_b.jpg\" alt=\"icon\" style=\"height:15px;\"> Cash on Delivery available</p>\n','<p>Short Hooded Coat features a straight body, large pockets with button flaps, ventilation air holes, and a string\n    detail along the hemline. The style is completed with a drawstring hood, featuring Rains’ signature built-in\n    cap. Made from waterproof, matte PU, this lightweight unisex rain jacket is an ode to nostalgia through its classic\n    silhouette and utilitarian design details.</p>\n<p>- Casual unisex fit</p>\n\n<p>- 64% polyester, 36% polyurethane</p>\n\n<p>- Water column pressure: 4000 mm</p>\n\n<p>- Model is 187cm tall and wearing a size S / M</p>\n\n<p>- Unisex fit</p>\n\n<p>- Drawstring hood with built-in cap</p>\n\n<p>- Front placket with snap buttons</p>\n\n<p>- Ventilation under armpit</p>\n\n<p>- Adjustable cuffs</p>\n\n<p>- Double welted front pockets</p>\n\n<p>- Adjustable elastic string at hempen</p>\n\n<p>- Ultrasonically welded seams</p>\n\n<p>This is a unisex item, please check our clothing &amp; footwear sizing guide for specific Rains jacket sizing\n    information. RAINS comes from the rainy nation of Denmark at the edge of the European continent, close to the ocean\n    and with prevailing westerly winds; all factors that contribute to an average of 121 rain days each year. Arising\n    from these rainy weather conditions comes the attitude that a quick rain shower may be beautiful, as well as moody-\n    but first and foremost requires the right outfit. Rains focus on the whole experience of going outside on rainy\n    days, issuing an invitation to explore even in the most mercurial weather.</p>\n','published','[\"products\\/4.jpg\",\"products\\/4-1.jpg\"]','HS-153-A0',0,11,0,1,1,4,0,0,79,67.94,NULL,NULL,11.00,11.00,12.00,526.00,NULL,111698,'2023-03-05 23:42:55','2023-03-05 23:43:04','in_stock',0,'Botble\\ACL\\Models\\User',NULL,'physical',NULL,NULL,1,0),(5,'Blue Diamond Almonds Lightly (Digital)','<p>Short Hooded Coat features a straight body, large pockets with button flaps, ventilation air holes, and a string detail along the hemline.</p>\n<p><img src=\"https://farm66.staticflickr.com/65535/52425327819_a31bd967f3_b.jpg\" alt=\"icon\" style=\"height:15px;\">    1 Year AL Jazeera Brand Warranty</p>\n<p><img src=\"https://farm66.staticflickr.com/65535/52425495800_97e79701b2_b.jpg\" alt=\"icon\" style=\"height:15px;\">   30 Day Return Policy</p>\n<p><img src=\"https://farm66.staticflickr.com/65535/52425327779_367e302b1e_b.jpg\" alt=\"icon\" style=\"height:15px;\"> Cash on Delivery available</p>\n','<p>Short Hooded Coat features a straight body, large pockets with button flaps, ventilation air holes, and a string\n    detail along the hemline. The style is completed with a drawstring hood, featuring Rains’ signature built-in\n    cap. Made from waterproof, matte PU, this lightweight unisex rain jacket is an ode to nostalgia through its classic\n    silhouette and utilitarian design details.</p>\n<p>- Casual unisex fit</p>\n\n<p>- 64% polyester, 36% polyurethane</p>\n\n<p>- Water column pressure: 4000 mm</p>\n\n<p>- Model is 187cm tall and wearing a size S / M</p>\n\n<p>- Unisex fit</p>\n\n<p>- Drawstring hood with built-in cap</p>\n\n<p>- Front placket with snap buttons</p>\n\n<p>- Ventilation under armpit</p>\n\n<p>- Adjustable cuffs</p>\n\n<p>- Double welted front pockets</p>\n\n<p>- Adjustable elastic string at hempen</p>\n\n<p>- Ultrasonically welded seams</p>\n\n<p>This is a unisex item, please check our clothing &amp; footwear sizing guide for specific Rains jacket sizing\n    information. RAINS comes from the rainy nation of Denmark at the edge of the European continent, close to the ocean\n    and with prevailing westerly winds; all factors that contribute to an average of 121 rain days each year. Arising\n    from these rainy weather conditions comes the attitude that a quick rain shower may be beautiful, as well as moody-\n    but first and foremost requires the right outfit. Rains focus on the whole experience of going outside on rainy\n    days, issuing an invitation to explore even in the most mercurial weather.</p>\n','published','[\"products\\/5.jpg\",\"products\\/5-1.jpg\"]','HS-164-A0',0,16,0,1,1,2,0,0,47,NULL,NULL,NULL,14.00,20.00,13.00,586.00,NULL,21412,'2023-03-05 23:42:55','2023-03-05 23:43:04','in_stock',0,'Botble\\ACL\\Models\\User',NULL,'digital',NULL,NULL,3,0),(6,'Chobani Complete Vanilla Greek','<p>Short Hooded Coat features a straight body, large pockets with button flaps, ventilation air holes, and a string detail along the hemline.</p>\n<p><img src=\"https://farm66.staticflickr.com/65535/52425327819_a31bd967f3_b.jpg\" alt=\"icon\" style=\"height:15px;\">    1 Year AL Jazeera Brand Warranty</p>\n<p><img src=\"https://farm66.staticflickr.com/65535/52425495800_97e79701b2_b.jpg\" alt=\"icon\" style=\"height:15px;\">   30 Day Return Policy</p>\n<p><img src=\"https://farm66.staticflickr.com/65535/52425327779_367e302b1e_b.jpg\" alt=\"icon\" style=\"height:15px;\"> Cash on Delivery available</p>\n','<p>Short Hooded Coat features a straight body, large pockets with button flaps, ventilation air holes, and a string\n    detail along the hemline. The style is completed with a drawstring hood, featuring Rains’ signature built-in\n    cap. Made from waterproof, matte PU, this lightweight unisex rain jacket is an ode to nostalgia through its classic\n    silhouette and utilitarian design details.</p>\n<p>- Casual unisex fit</p>\n\n<p>- 64% polyester, 36% polyurethane</p>\n\n<p>- Water column pressure: 4000 mm</p>\n\n<p>- Model is 187cm tall and wearing a size S / M</p>\n\n<p>- Unisex fit</p>\n\n<p>- Drawstring hood with built-in cap</p>\n\n<p>- Front placket with snap buttons</p>\n\n<p>- Ventilation under armpit</p>\n\n<p>- Adjustable cuffs</p>\n\n<p>- Double welted front pockets</p>\n\n<p>- Adjustable elastic string at hempen</p>\n\n<p>- Ultrasonically welded seams</p>\n\n<p>This is a unisex item, please check our clothing &amp; footwear sizing guide for specific Rains jacket sizing\n    information. RAINS comes from the rainy nation of Denmark at the edge of the European continent, close to the ocean\n    and with prevailing westerly winds; all factors that contribute to an average of 121 rain days each year. Arising\n    from these rainy weather conditions comes the attitude that a quick rain shower may be beautiful, as well as moody-\n    but first and foremost requires the right outfit. Rains focus on the whole experience of going outside on rainy\n    days, issuing an invitation to explore even in the most mercurial weather.</p>\n','published','[\"products\\/6.jpg\",\"products\\/6-1.jpg\"]','HS-118-A0',0,16,0,1,1,3,0,0,60,NULL,NULL,NULL,17.00,13.00,13.00,687.00,NULL,84227,'2023-03-05 23:42:55','2023-03-05 23:43:04','in_stock',0,'Botble\\ACL\\Models\\User',NULL,'physical',NULL,NULL,1,0),(7,'Canada Dry Ginger Ale – 2 L Bottle','<p>Short Hooded Coat features a straight body, large pockets with button flaps, ventilation air holes, and a string detail along the hemline.</p>\n<p><img src=\"https://farm66.staticflickr.com/65535/52425327819_a31bd967f3_b.jpg\" alt=\"icon\" style=\"height:15px;\">    1 Year AL Jazeera Brand Warranty</p>\n<p><img src=\"https://farm66.staticflickr.com/65535/52425495800_97e79701b2_b.jpg\" alt=\"icon\" style=\"height:15px;\">   30 Day Return Policy</p>\n<p><img src=\"https://farm66.staticflickr.com/65535/52425327779_367e302b1e_b.jpg\" alt=\"icon\" style=\"height:15px;\"> Cash on Delivery available</p>\n','<p>Short Hooded Coat features a straight body, large pockets with button flaps, ventilation air holes, and a string\n    detail along the hemline. The style is completed with a drawstring hood, featuring Rains’ signature built-in\n    cap. Made from waterproof, matte PU, this lightweight unisex rain jacket is an ode to nostalgia through its classic\n    silhouette and utilitarian design details.</p>\n<p>- Casual unisex fit</p>\n\n<p>- 64% polyester, 36% polyurethane</p>\n\n<p>- Water column pressure: 4000 mm</p>\n\n<p>- Model is 187cm tall and wearing a size S / M</p>\n\n<p>- Unisex fit</p>\n\n<p>- Drawstring hood with built-in cap</p>\n\n<p>- Front placket with snap buttons</p>\n\n<p>- Ventilation under armpit</p>\n\n<p>- Adjustable cuffs</p>\n\n<p>- Double welted front pockets</p>\n\n<p>- Adjustable elastic string at hempen</p>\n\n<p>- Ultrasonically welded seams</p>\n\n<p>This is a unisex item, please check our clothing &amp; footwear sizing guide for specific Rains jacket sizing\n    information. RAINS comes from the rainy nation of Denmark at the edge of the European continent, close to the ocean\n    and with prevailing westerly winds; all factors that contribute to an average of 121 rain days each year. Arising\n    from these rainy weather conditions comes the attitude that a quick rain shower may be beautiful, as well as moody-\n    but first and foremost requires the right outfit. Rains focus on the whole experience of going outside on rainy\n    days, issuing an invitation to explore even in the most mercurial weather.</p>\n','published','[\"products\\/7.jpg\",\"products\\/7-1.jpg\"]','HS-131-A0',0,11,0,1,1,3,0,0,130,NULL,NULL,NULL,16.00,19.00,19.00,551.00,NULL,47575,'2023-03-05 23:42:55','2023-03-05 23:43:04','in_stock',0,'Botble\\ACL\\Models\\User',NULL,'physical',NULL,NULL,4,0),(8,'Encore Seafoods Stuffed Alaskan','<p>Short Hooded Coat features a straight body, large pockets with button flaps, ventilation air holes, and a string detail along the hemline.</p>\n<p><img src=\"https://farm66.staticflickr.com/65535/52425327819_a31bd967f3_b.jpg\" alt=\"icon\" style=\"height:15px;\">    1 Year AL Jazeera Brand Warranty</p>\n<p><img src=\"https://farm66.staticflickr.com/65535/52425495800_97e79701b2_b.jpg\" alt=\"icon\" style=\"height:15px;\">   30 Day Return Policy</p>\n<p><img src=\"https://farm66.staticflickr.com/65535/52425327779_367e302b1e_b.jpg\" alt=\"icon\" style=\"height:15px;\"> Cash on Delivery available</p>\n','<p>Short Hooded Coat features a straight body, large pockets with button flaps, ventilation air holes, and a string\n    detail along the hemline. The style is completed with a drawstring hood, featuring Rains’ signature built-in\n    cap. Made from waterproof, matte PU, this lightweight unisex rain jacket is an ode to nostalgia through its classic\n    silhouette and utilitarian design details.</p>\n<p>- Casual unisex fit</p>\n\n<p>- 64% polyester, 36% polyurethane</p>\n\n<p>- Water column pressure: 4000 mm</p>\n\n<p>- Model is 187cm tall and wearing a size S / M</p>\n\n<p>- Unisex fit</p>\n\n<p>- Drawstring hood with built-in cap</p>\n\n<p>- Front placket with snap buttons</p>\n\n<p>- Ventilation under armpit</p>\n\n<p>- Adjustable cuffs</p>\n\n<p>- Double welted front pockets</p>\n\n<p>- Adjustable elastic string at hempen</p>\n\n<p>- Ultrasonically welded seams</p>\n\n<p>This is a unisex item, please check our clothing &amp; footwear sizing guide for specific Rains jacket sizing\n    information. RAINS comes from the rainy nation of Denmark at the edge of the European continent, close to the ocean\n    and with prevailing westerly winds; all factors that contribute to an average of 121 rain days each year. Arising\n    from these rainy weather conditions comes the attitude that a quick rain shower may be beautiful, as well as moody-\n    but first and foremost requires the right outfit. Rains focus on the whole experience of going outside on rainy\n    days, issuing an invitation to explore even in the most mercurial weather.</p>\n','published','[\"products\\/8.jpg\",\"products\\/8-1.jpg\"]','HS-183-A0',0,15,0,1,1,7,0,0,128,97.28,NULL,NULL,19.00,11.00,20.00,512.00,NULL,172071,'2023-03-05 23:42:55','2023-03-05 23:43:04','in_stock',0,'Botble\\ACL\\Models\\User',NULL,'physical',NULL,NULL,3,0),(9,'Gorton’s Beer Battered Fish Fillets (Digital)','<p>Short Hooded Coat features a straight body, large pockets with button flaps, ventilation air holes, and a string detail along the hemline.</p>\n<p><img src=\"https://farm66.staticflickr.com/65535/52425327819_a31bd967f3_b.jpg\" alt=\"icon\" style=\"height:15px;\">    1 Year AL Jazeera Brand Warranty</p>\n<p><img src=\"https://farm66.staticflickr.com/65535/52425495800_97e79701b2_b.jpg\" alt=\"icon\" style=\"height:15px;\">   30 Day Return Policy</p>\n<p><img src=\"https://farm66.staticflickr.com/65535/52425327779_367e302b1e_b.jpg\" alt=\"icon\" style=\"height:15px;\"> Cash on Delivery available</p>\n','<p>Short Hooded Coat features a straight body, large pockets with button flaps, ventilation air holes, and a string\n    detail along the hemline. The style is completed with a drawstring hood, featuring Rains’ signature built-in\n    cap. Made from waterproof, matte PU, this lightweight unisex rain jacket is an ode to nostalgia through its classic\n    silhouette and utilitarian design details.</p>\n<p>- Casual unisex fit</p>\n\n<p>- 64% polyester, 36% polyurethane</p>\n\n<p>- Water column pressure: 4000 mm</p>\n\n<p>- Model is 187cm tall and wearing a size S / M</p>\n\n<p>- Unisex fit</p>\n\n<p>- Drawstring hood with built-in cap</p>\n\n<p>- Front placket with snap buttons</p>\n\n<p>- Ventilation under armpit</p>\n\n<p>- Adjustable cuffs</p>\n\n<p>- Double welted front pockets</p>\n\n<p>- Adjustable elastic string at hempen</p>\n\n<p>- Ultrasonically welded seams</p>\n\n<p>This is a unisex item, please check our clothing &amp; footwear sizing guide for specific Rains jacket sizing\n    information. RAINS comes from the rainy nation of Denmark at the edge of the European continent, close to the ocean\n    and with prevailing westerly winds; all factors that contribute to an average of 121 rain days each year. Arising\n    from these rainy weather conditions comes the attitude that a quick rain shower may be beautiful, as well as moody-\n    but first and foremost requires the right outfit. Rains focus on the whole experience of going outside on rainy\n    days, issuing an invitation to explore even in the most mercurial weather.</p>\n','published','[\"products\\/9.jpg\",\"products\\/9-1.jpg\"]','HS-179-A0',0,18,0,1,1,2,0,0,117,NULL,NULL,NULL,18.00,15.00,12.00,608.00,NULL,123631,'2023-03-05 23:42:55','2023-03-05 23:43:04','in_stock',0,'Botble\\ACL\\Models\\User',NULL,'digital',NULL,NULL,1,0),(10,'Haagen-Dazs Caramel Cone Ice Cream','<p>Short Hooded Coat features a straight body, large pockets with button flaps, ventilation air holes, and a string detail along the hemline.</p>\n<p><img src=\"https://farm66.staticflickr.com/65535/52425327819_a31bd967f3_b.jpg\" alt=\"icon\" style=\"height:15px;\">    1 Year AL Jazeera Brand Warranty</p>\n<p><img src=\"https://farm66.staticflickr.com/65535/52425495800_97e79701b2_b.jpg\" alt=\"icon\" style=\"height:15px;\">   30 Day Return Policy</p>\n<p><img src=\"https://farm66.staticflickr.com/65535/52425327779_367e302b1e_b.jpg\" alt=\"icon\" style=\"height:15px;\"> Cash on Delivery available</p>\n','<p>Short Hooded Coat features a straight body, large pockets with button flaps, ventilation air holes, and a string\n    detail along the hemline. The style is completed with a drawstring hood, featuring Rains’ signature built-in\n    cap. Made from waterproof, matte PU, this lightweight unisex rain jacket is an ode to nostalgia through its classic\n    silhouette and utilitarian design details.</p>\n<p>- Casual unisex fit</p>\n\n<p>- 64% polyester, 36% polyurethane</p>\n\n<p>- Water column pressure: 4000 mm</p>\n\n<p>- Model is 187cm tall and wearing a size S / M</p>\n\n<p>- Unisex fit</p>\n\n<p>- Drawstring hood with built-in cap</p>\n\n<p>- Front placket with snap buttons</p>\n\n<p>- Ventilation under armpit</p>\n\n<p>- Adjustable cuffs</p>\n\n<p>- Double welted front pockets</p>\n\n<p>- Adjustable elastic string at hempen</p>\n\n<p>- Ultrasonically welded seams</p>\n\n<p>This is a unisex item, please check our clothing &amp; footwear sizing guide for specific Rains jacket sizing\n    information. RAINS comes from the rainy nation of Denmark at the edge of the European continent, close to the ocean\n    and with prevailing westerly winds; all factors that contribute to an average of 121 rain days each year. Arising\n    from these rainy weather conditions comes the attitude that a quick rain shower may be beautiful, as well as moody-\n    but first and foremost requires the right outfit. Rains focus on the whole experience of going outside on rainy\n    days, issuing an invitation to explore even in the most mercurial weather.</p>\n','published','[\"products\\/10.jpg\",\"products\\/10-1.jpg\"]','HS-139-A0',0,16,0,1,1,7,0,0,260,NULL,NULL,NULL,15.00,18.00,15.00,552.00,NULL,145111,'2023-03-05 23:42:55','2023-03-05 23:43:04','in_stock',0,'Botble\\ACL\\Models\\User',NULL,'physical',NULL,NULL,4,0),(11,'Nestle Original Coffee-Mate Coffee Creamer','<p>Short Hooded Coat features a straight body, large pockets with button flaps, ventilation air holes, and a string detail along the hemline.</p>\n<p><img src=\"https://farm66.staticflickr.com/65535/52425327819_a31bd967f3_b.jpg\" alt=\"icon\" style=\"height:15px;\">    1 Year AL Jazeera Brand Warranty</p>\n<p><img src=\"https://farm66.staticflickr.com/65535/52425495800_97e79701b2_b.jpg\" alt=\"icon\" style=\"height:15px;\">   30 Day Return Policy</p>\n<p><img src=\"https://farm66.staticflickr.com/65535/52425327779_367e302b1e_b.jpg\" alt=\"icon\" style=\"height:15px;\"> Cash on Delivery available</p>\n','<p>Short Hooded Coat features a straight body, large pockets with button flaps, ventilation air holes, and a string\n    detail along the hemline. The style is completed with a drawstring hood, featuring Rains’ signature built-in\n    cap. Made from waterproof, matte PU, this lightweight unisex rain jacket is an ode to nostalgia through its classic\n    silhouette and utilitarian design details.</p>\n<p>- Casual unisex fit</p>\n\n<p>- 64% polyester, 36% polyurethane</p>\n\n<p>- Water column pressure: 4000 mm</p>\n\n<p>- Model is 187cm tall and wearing a size S / M</p>\n\n<p>- Unisex fit</p>\n\n<p>- Drawstring hood with built-in cap</p>\n\n<p>- Front placket with snap buttons</p>\n\n<p>- Ventilation under armpit</p>\n\n<p>- Adjustable cuffs</p>\n\n<p>- Double welted front pockets</p>\n\n<p>- Adjustable elastic string at hempen</p>\n\n<p>- Ultrasonically welded seams</p>\n\n<p>This is a unisex item, please check our clothing &amp; footwear sizing guide for specific Rains jacket sizing\n    information. RAINS comes from the rainy nation of Denmark at the edge of the European continent, close to the ocean\n    and with prevailing westerly winds; all factors that contribute to an average of 121 rain days each year. Arising\n    from these rainy weather conditions comes the attitude that a quick rain shower may be beautiful, as well as moody-\n    but first and foremost requires the right outfit. Rains focus on the whole experience of going outside on rainy\n    days, issuing an invitation to explore even in the most mercurial weather.</p>\n','published','[\"products\\/11.jpg\",\"products\\/11-1.jpg\"]','HS-165-A0',0,17,0,1,1,6,0,0,115,NULL,NULL,NULL,14.00,17.00,20.00,535.00,NULL,5870,'2023-03-05 23:42:55','2023-03-05 23:43:04','in_stock',0,'Botble\\ACL\\Models\\User',NULL,'physical',NULL,NULL,3,0),(12,'Naturally Flavored Cinnamon Vanilla Light Roast Coffee','<p>Short Hooded Coat features a straight body, large pockets with button flaps, ventilation air holes, and a string detail along the hemline.</p>\n<p><img src=\"https://farm66.staticflickr.com/65535/52425327819_a31bd967f3_b.jpg\" alt=\"icon\" style=\"height:15px;\">    1 Year AL Jazeera Brand Warranty</p>\n<p><img src=\"https://farm66.staticflickr.com/65535/52425495800_97e79701b2_b.jpg\" alt=\"icon\" style=\"height:15px;\">   30 Day Return Policy</p>\n<p><img src=\"https://farm66.staticflickr.com/65535/52425327779_367e302b1e_b.jpg\" alt=\"icon\" style=\"height:15px;\"> Cash on Delivery available</p>\n','<p>Short Hooded Coat features a straight body, large pockets with button flaps, ventilation air holes, and a string\n    detail along the hemline. The style is completed with a drawstring hood, featuring Rains’ signature built-in\n    cap. Made from waterproof, matte PU, this lightweight unisex rain jacket is an ode to nostalgia through its classic\n    silhouette and utilitarian design details.</p>\n<p>- Casual unisex fit</p>\n\n<p>- 64% polyester, 36% polyurethane</p>\n\n<p>- Water column pressure: 4000 mm</p>\n\n<p>- Model is 187cm tall and wearing a size S / M</p>\n\n<p>- Unisex fit</p>\n\n<p>- Drawstring hood with built-in cap</p>\n\n<p>- Front placket with snap buttons</p>\n\n<p>- Ventilation under armpit</p>\n\n<p>- Adjustable cuffs</p>\n\n<p>- Double welted front pockets</p>\n\n<p>- Adjustable elastic string at hempen</p>\n\n<p>- Ultrasonically welded seams</p>\n\n<p>This is a unisex item, please check our clothing &amp; footwear sizing guide for specific Rains jacket sizing\n    information. RAINS comes from the rainy nation of Denmark at the edge of the European continent, close to the ocean\n    and with prevailing westerly winds; all factors that contribute to an average of 121 rain days each year. Arising\n    from these rainy weather conditions comes the attitude that a quick rain shower may be beautiful, as well as moody-\n    but first and foremost requires the right outfit. Rains focus on the whole experience of going outside on rainy\n    days, issuing an invitation to explore even in the most mercurial weather.</p>\n','published','[\"products\\/12.jpg\",\"products\\/12-1.jpg\"]','HS-190-A0',0,13,0,1,1,1,0,0,121,107.69,NULL,NULL,17.00,19.00,19.00,513.00,NULL,29970,'2023-03-05 23:42:55','2023-03-05 23:43:04','in_stock',0,'Botble\\ACL\\Models\\User',NULL,'physical',NULL,NULL,4,0),(13,'Pepperidge Farm Farmhouse Hearty White Bread (Digital)','<p>Short Hooded Coat features a straight body, large pockets with button flaps, ventilation air holes, and a string detail along the hemline.</p>\n<p><img src=\"https://farm66.staticflickr.com/65535/52425327819_a31bd967f3_b.jpg\" alt=\"icon\" style=\"height:15px;\">    1 Year AL Jazeera Brand Warranty</p>\n<p><img src=\"https://farm66.staticflickr.com/65535/52425495800_97e79701b2_b.jpg\" alt=\"icon\" style=\"height:15px;\">   30 Day Return Policy</p>\n<p><img src=\"https://farm66.staticflickr.com/65535/52425327779_367e302b1e_b.jpg\" alt=\"icon\" style=\"height:15px;\"> Cash on Delivery available</p>\n','<p>Short Hooded Coat features a straight body, large pockets with button flaps, ventilation air holes, and a string\n    detail along the hemline. The style is completed with a drawstring hood, featuring Rains’ signature built-in\n    cap. Made from waterproof, matte PU, this lightweight unisex rain jacket is an ode to nostalgia through its classic\n    silhouette and utilitarian design details.</p>\n<p>- Casual unisex fit</p>\n\n<p>- 64% polyester, 36% polyurethane</p>\n\n<p>- Water column pressure: 4000 mm</p>\n\n<p>- Model is 187cm tall and wearing a size S / M</p>\n\n<p>- Unisex fit</p>\n\n<p>- Drawstring hood with built-in cap</p>\n\n<p>- Front placket with snap buttons</p>\n\n<p>- Ventilation under armpit</p>\n\n<p>- Adjustable cuffs</p>\n\n<p>- Double welted front pockets</p>\n\n<p>- Adjustable elastic string at hempen</p>\n\n<p>- Ultrasonically welded seams</p>\n\n<p>This is a unisex item, please check our clothing &amp; footwear sizing guide for specific Rains jacket sizing\n    information. RAINS comes from the rainy nation of Denmark at the edge of the European continent, close to the ocean\n    and with prevailing westerly winds; all factors that contribute to an average of 121 rain days each year. Arising\n    from these rainy weather conditions comes the attitude that a quick rain shower may be beautiful, as well as moody-\n    but first and foremost requires the right outfit. Rains focus on the whole experience of going outside on rainy\n    days, issuing an invitation to explore even in the most mercurial weather.</p>\n','published','[\"products\\/13.jpg\",\"products\\/13-1.jpg\"]','HS-119-A0',0,13,0,1,1,1,0,0,128,NULL,NULL,NULL,20.00,19.00,14.00,503.00,NULL,49576,'2023-03-05 23:42:55','2023-03-05 23:43:04','in_stock',0,'Botble\\ACL\\Models\\User',NULL,'digital',NULL,NULL,2,0),(14,'Organic Frozen Triple Berry Blend','<p>Short Hooded Coat features a straight body, large pockets with button flaps, ventilation air holes, and a string detail along the hemline.</p>\n<p><img src=\"https://farm66.staticflickr.com/65535/52425327819_a31bd967f3_b.jpg\" alt=\"icon\" style=\"height:15px;\">    1 Year AL Jazeera Brand Warranty</p>\n<p><img src=\"https://farm66.staticflickr.com/65535/52425495800_97e79701b2_b.jpg\" alt=\"icon\" style=\"height:15px;\">   30 Day Return Policy</p>\n<p><img src=\"https://farm66.staticflickr.com/65535/52425327779_367e302b1e_b.jpg\" alt=\"icon\" style=\"height:15px;\"> Cash on Delivery available</p>\n','<p>Short Hooded Coat features a straight body, large pockets with button flaps, ventilation air holes, and a string\n    detail along the hemline. The style is completed with a drawstring hood, featuring Rains’ signature built-in\n    cap. Made from waterproof, matte PU, this lightweight unisex rain jacket is an ode to nostalgia through its classic\n    silhouette and utilitarian design details.</p>\n<p>- Casual unisex fit</p>\n\n<p>- 64% polyester, 36% polyurethane</p>\n\n<p>- Water column pressure: 4000 mm</p>\n\n<p>- Model is 187cm tall and wearing a size S / M</p>\n\n<p>- Unisex fit</p>\n\n<p>- Drawstring hood with built-in cap</p>\n\n<p>- Front placket with snap buttons</p>\n\n<p>- Ventilation under armpit</p>\n\n<p>- Adjustable cuffs</p>\n\n<p>- Double welted front pockets</p>\n\n<p>- Adjustable elastic string at hempen</p>\n\n<p>- Ultrasonically welded seams</p>\n\n<p>This is a unisex item, please check our clothing &amp; footwear sizing guide for specific Rains jacket sizing\n    information. RAINS comes from the rainy nation of Denmark at the edge of the European continent, close to the ocean\n    and with prevailing westerly winds; all factors that contribute to an average of 121 rain days each year. Arising\n    from these rainy weather conditions comes the attitude that a quick rain shower may be beautiful, as well as moody-\n    but first and foremost requires the right outfit. Rains focus on the whole experience of going outside on rainy\n    days, issuing an invitation to explore even in the most mercurial weather.</p>\n','published','[\"products\\/14.jpg\",\"products\\/14-1.jpg\"]','HS-196-A0',0,17,0,1,1,3,0,0,121,NULL,NULL,NULL,17.00,16.00,15.00,642.00,NULL,194186,'2023-03-05 23:42:55','2023-03-05 23:43:04','in_stock',0,'Botble\\ACL\\Models\\User',NULL,'physical',NULL,NULL,4,0),(15,'Oroweat Country Buttermilk Bread','<p>Short Hooded Coat features a straight body, large pockets with button flaps, ventilation air holes, and a string detail along the hemline.</p>\n<p><img src=\"https://farm66.staticflickr.com/65535/52425327819_a31bd967f3_b.jpg\" alt=\"icon\" style=\"height:15px;\">    1 Year AL Jazeera Brand Warranty</p>\n<p><img src=\"https://farm66.staticflickr.com/65535/52425495800_97e79701b2_b.jpg\" alt=\"icon\" style=\"height:15px;\">   30 Day Return Policy</p>\n<p><img src=\"https://farm66.staticflickr.com/65535/52425327779_367e302b1e_b.jpg\" alt=\"icon\" style=\"height:15px;\"> Cash on Delivery available</p>\n','<p>Short Hooded Coat features a straight body, large pockets with button flaps, ventilation air holes, and a string\n    detail along the hemline. The style is completed with a drawstring hood, featuring Rains’ signature built-in\n    cap. Made from waterproof, matte PU, this lightweight unisex rain jacket is an ode to nostalgia through its classic\n    silhouette and utilitarian design details.</p>\n<p>- Casual unisex fit</p>\n\n<p>- 64% polyester, 36% polyurethane</p>\n\n<p>- Water column pressure: 4000 mm</p>\n\n<p>- Model is 187cm tall and wearing a size S / M</p>\n\n<p>- Unisex fit</p>\n\n<p>- Drawstring hood with built-in cap</p>\n\n<p>- Front placket with snap buttons</p>\n\n<p>- Ventilation under armpit</p>\n\n<p>- Adjustable cuffs</p>\n\n<p>- Double welted front pockets</p>\n\n<p>- Adjustable elastic string at hempen</p>\n\n<p>- Ultrasonically welded seams</p>\n\n<p>This is a unisex item, please check our clothing &amp; footwear sizing guide for specific Rains jacket sizing\n    information. RAINS comes from the rainy nation of Denmark at the edge of the European continent, close to the ocean\n    and with prevailing westerly winds; all factors that contribute to an average of 121 rain days each year. Arising\n    from these rainy weather conditions comes the attitude that a quick rain shower may be beautiful, as well as moody-\n    but first and foremost requires the right outfit. Rains focus on the whole experience of going outside on rainy\n    days, issuing an invitation to explore even in the most mercurial weather.</p>\n','published','[\"products\\/15.jpg\",\"products\\/15-1.jpg\"]','HS-142-A0',0,19,0,1,1,6,0,0,129,NULL,NULL,NULL,18.00,17.00,17.00,721.00,NULL,83200,'2023-03-05 23:42:55','2023-03-05 23:43:04','in_stock',0,'Botble\\ACL\\Models\\User',NULL,'physical',NULL,NULL,2,0),(16,'Foster Farms Takeout Crispy Classic Buffalo Wings','<p>Short Hooded Coat features a straight body, large pockets with button flaps, ventilation air holes, and a string detail along the hemline.</p>\n<p><img src=\"https://farm66.staticflickr.com/65535/52425327819_a31bd967f3_b.jpg\" alt=\"icon\" style=\"height:15px;\">    1 Year AL Jazeera Brand Warranty</p>\n<p><img src=\"https://farm66.staticflickr.com/65535/52425495800_97e79701b2_b.jpg\" alt=\"icon\" style=\"height:15px;\">   30 Day Return Policy</p>\n<p><img src=\"https://farm66.staticflickr.com/65535/52425327779_367e302b1e_b.jpg\" alt=\"icon\" style=\"height:15px;\"> Cash on Delivery available</p>\n','<p>Short Hooded Coat features a straight body, large pockets with button flaps, ventilation air holes, and a string\n    detail along the hemline. The style is completed with a drawstring hood, featuring Rains’ signature built-in\n    cap. Made from waterproof, matte PU, this lightweight unisex rain jacket is an ode to nostalgia through its classic\n    silhouette and utilitarian design details.</p>\n<p>- Casual unisex fit</p>\n\n<p>- 64% polyester, 36% polyurethane</p>\n\n<p>- Water column pressure: 4000 mm</p>\n\n<p>- Model is 187cm tall and wearing a size S / M</p>\n\n<p>- Unisex fit</p>\n\n<p>- Drawstring hood with built-in cap</p>\n\n<p>- Front placket with snap buttons</p>\n\n<p>- Ventilation under armpit</p>\n\n<p>- Adjustable cuffs</p>\n\n<p>- Double welted front pockets</p>\n\n<p>- Adjustable elastic string at hempen</p>\n\n<p>- Ultrasonically welded seams</p>\n\n<p>This is a unisex item, please check our clothing &amp; footwear sizing guide for specific Rains jacket sizing\n    information. RAINS comes from the rainy nation of Denmark at the edge of the European continent, close to the ocean\n    and with prevailing westerly winds; all factors that contribute to an average of 121 rain days each year. Arising\n    from these rainy weather conditions comes the attitude that a quick rain shower may be beautiful, as well as moody-\n    but first and foremost requires the right outfit. Rains focus on the whole experience of going outside on rainy\n    days, issuing an invitation to explore even in the most mercurial weather.</p>\n','published','[\"products\\/16.jpg\",\"products\\/16-1.jpg\",\"products\\/16-2.jpg\",\"products\\/16-3.jpg\",\"products\\/16-4.jpg\",\"products\\/16-5.jpg\",\"products\\/16-6.jpg\"]','HS-163-A0',0,10,0,1,1,2,0,0,114,90.06,NULL,NULL,12.00,11.00,17.00,872.00,NULL,26091,'2023-03-05 23:42:55','2023-03-05 23:43:04','in_stock',0,'Botble\\ACL\\Models\\User',NULL,'physical',NULL,NULL,3,0),(17,'Angie’s Boomchickapop Sweet &amp; Salty Kettle Corn (Digital)','<p>Short Hooded Coat features a straight body, large pockets with button flaps, ventilation air holes, and a string detail along the hemline.</p>\n<p><img src=\"https://farm66.staticflickr.com/65535/52425327819_a31bd967f3_b.jpg\" alt=\"icon\" style=\"height:15px;\">    1 Year AL Jazeera Brand Warranty</p>\n<p><img src=\"https://farm66.staticflickr.com/65535/52425495800_97e79701b2_b.jpg\" alt=\"icon\" style=\"height:15px;\">   30 Day Return Policy</p>\n<p><img src=\"https://farm66.staticflickr.com/65535/52425327779_367e302b1e_b.jpg\" alt=\"icon\" style=\"height:15px;\"> Cash on Delivery available</p>\n','<p>Short Hooded Coat features a straight body, large pockets with button flaps, ventilation air holes, and a string\n    detail along the hemline. The style is completed with a drawstring hood, featuring Rains’ signature built-in\n    cap. Made from waterproof, matte PU, this lightweight unisex rain jacket is an ode to nostalgia through its classic\n    silhouette and utilitarian design details.</p>\n<p>- Casual unisex fit</p>\n\n<p>- 64% polyester, 36% polyurethane</p>\n\n<p>- Water column pressure: 4000 mm</p>\n\n<p>- Model is 187cm tall and wearing a size S / M</p>\n\n<p>- Unisex fit</p>\n\n<p>- Drawstring hood with built-in cap</p>\n\n<p>- Front placket with snap buttons</p>\n\n<p>- Ventilation under armpit</p>\n\n<p>- Adjustable cuffs</p>\n\n<p>- Double welted front pockets</p>\n\n<p>- Adjustable elastic string at hempen</p>\n\n<p>- Ultrasonically welded seams</p>\n\n<p>This is a unisex item, please check our clothing &amp; footwear sizing guide for specific Rains jacket sizing\n    information. RAINS comes from the rainy nation of Denmark at the edge of the European continent, close to the ocean\n    and with prevailing westerly winds; all factors that contribute to an average of 121 rain days each year. Arising\n    from these rainy weather conditions comes the attitude that a quick rain shower may be beautiful, as well as moody-\n    but first and foremost requires the right outfit. Rains focus on the whole experience of going outside on rainy\n    days, issuing an invitation to explore even in the most mercurial weather.</p>\n','published','[\"products\\/17.jpg\",\"products\\/17-1.jpg\"]','HS-170-A0',0,20,0,1,1,7,0,0,112,NULL,NULL,NULL,13.00,20.00,17.00,756.00,NULL,181747,'2023-03-05 23:42:55','2023-03-05 23:43:04','in_stock',0,'Botble\\ACL\\Models\\User',NULL,'digital',NULL,NULL,3,0),(18,'All Natural Italian-Style Chicken Meatballs','<p>Short Hooded Coat features a straight body, large pockets with button flaps, ventilation air holes, and a string detail along the hemline.</p>\n<p><img src=\"https://farm66.staticflickr.com/65535/52425327819_a31bd967f3_b.jpg\" alt=\"icon\" style=\"height:15px;\">    1 Year AL Jazeera Brand Warranty</p>\n<p><img src=\"https://farm66.staticflickr.com/65535/52425495800_97e79701b2_b.jpg\" alt=\"icon\" style=\"height:15px;\">   30 Day Return Policy</p>\n<p><img src=\"https://farm66.staticflickr.com/65535/52425327779_367e302b1e_b.jpg\" alt=\"icon\" style=\"height:15px;\"> Cash on Delivery available</p>\n','<p>Short Hooded Coat features a straight body, large pockets with button flaps, ventilation air holes, and a string\n    detail along the hemline. The style is completed with a drawstring hood, featuring Rains’ signature built-in\n    cap. Made from waterproof, matte PU, this lightweight unisex rain jacket is an ode to nostalgia through its classic\n    silhouette and utilitarian design details.</p>\n<p>- Casual unisex fit</p>\n\n<p>- 64% polyester, 36% polyurethane</p>\n\n<p>- Water column pressure: 4000 mm</p>\n\n<p>- Model is 187cm tall and wearing a size S / M</p>\n\n<p>- Unisex fit</p>\n\n<p>- Drawstring hood with built-in cap</p>\n\n<p>- Front placket with snap buttons</p>\n\n<p>- Ventilation under armpit</p>\n\n<p>- Adjustable cuffs</p>\n\n<p>- Double welted front pockets</p>\n\n<p>- Adjustable elastic string at hempen</p>\n\n<p>- Ultrasonically welded seams</p>\n\n<p>This is a unisex item, please check our clothing &amp; footwear sizing guide for specific Rains jacket sizing\n    information. RAINS comes from the rainy nation of Denmark at the edge of the European continent, close to the ocean\n    and with prevailing westerly winds; all factors that contribute to an average of 121 rain days each year. Arising\n    from these rainy weather conditions comes the attitude that a quick rain shower may be beautiful, as well as moody-\n    but first and foremost requires the right outfit. Rains focus on the whole experience of going outside on rainy\n    days, issuing an invitation to explore even in the most mercurial weather.</p>\n','published','[\"products\\/18.jpg\",\"products\\/18-1.jpg\"]','HS-193-A0',0,10,0,1,1,4,0,0,114,NULL,NULL,NULL,12.00,12.00,10.00,622.00,NULL,58564,'2023-03-05 23:42:55','2023-03-05 23:43:04','in_stock',0,'Botble\\ACL\\Models\\User',NULL,'physical',NULL,NULL,3,0),(19,'Simply Lemonade with Raspberry Juice','<p>Short Hooded Coat features a straight body, large pockets with button flaps, ventilation air holes, and a string detail along the hemline.</p>\n<p><img src=\"https://farm66.staticflickr.com/65535/52425327819_a31bd967f3_b.jpg\" alt=\"icon\" style=\"height:15px;\">    1 Year AL Jazeera Brand Warranty</p>\n<p><img src=\"https://farm66.staticflickr.com/65535/52425495800_97e79701b2_b.jpg\" alt=\"icon\" style=\"height:15px;\">   30 Day Return Policy</p>\n<p><img src=\"https://farm66.staticflickr.com/65535/52425327779_367e302b1e_b.jpg\" alt=\"icon\" style=\"height:15px;\"> Cash on Delivery available</p>\n','<p>Short Hooded Coat features a straight body, large pockets with button flaps, ventilation air holes, and a string\n    detail along the hemline. The style is completed with a drawstring hood, featuring Rains’ signature built-in\n    cap. Made from waterproof, matte PU, this lightweight unisex rain jacket is an ode to nostalgia through its classic\n    silhouette and utilitarian design details.</p>\n<p>- Casual unisex fit</p>\n\n<p>- 64% polyester, 36% polyurethane</p>\n\n<p>- Water column pressure: 4000 mm</p>\n\n<p>- Model is 187cm tall and wearing a size S / M</p>\n\n<p>- Unisex fit</p>\n\n<p>- Drawstring hood with built-in cap</p>\n\n<p>- Front placket with snap buttons</p>\n\n<p>- Ventilation under armpit</p>\n\n<p>- Adjustable cuffs</p>\n\n<p>- Double welted front pockets</p>\n\n<p>- Adjustable elastic string at hempen</p>\n\n<p>- Ultrasonically welded seams</p>\n\n<p>This is a unisex item, please check our clothing &amp; footwear sizing guide for specific Rains jacket sizing\n    information. RAINS comes from the rainy nation of Denmark at the edge of the European continent, close to the ocean\n    and with prevailing westerly winds; all factors that contribute to an average of 121 rain days each year. Arising\n    from these rainy weather conditions comes the attitude that a quick rain shower may be beautiful, as well as moody-\n    but first and foremost requires the right outfit. Rains focus on the whole experience of going outside on rainy\n    days, issuing an invitation to explore even in the most mercurial weather.</p>\n','published','[\"products\\/19.jpg\",\"products\\/19-1.jpg\"]','HS-176-A0',0,12,0,1,1,1,0,0,128,NULL,NULL,NULL,18.00,17.00,10.00,753.00,NULL,131062,'2023-03-05 23:42:55','2023-03-05 23:43:04','in_stock',0,'Botble\\ACL\\Models\\User',NULL,'physical',NULL,NULL,4,0),(20,'Perdue Simply Smart Organics Gluten Free','<p>Short Hooded Coat features a straight body, large pockets with button flaps, ventilation air holes, and a string detail along the hemline.</p>\n<p><img src=\"https://farm66.staticflickr.com/65535/52425327819_a31bd967f3_b.jpg\" alt=\"icon\" style=\"height:15px;\">    1 Year AL Jazeera Brand Warranty</p>\n<p><img src=\"https://farm66.staticflickr.com/65535/52425495800_97e79701b2_b.jpg\" alt=\"icon\" style=\"height:15px;\">   30 Day Return Policy</p>\n<p><img src=\"https://farm66.staticflickr.com/65535/52425327779_367e302b1e_b.jpg\" alt=\"icon\" style=\"height:15px;\"> Cash on Delivery available</p>\n','<p>Short Hooded Coat features a straight body, large pockets with button flaps, ventilation air holes, and a string\n    detail along the hemline. The style is completed with a drawstring hood, featuring Rains’ signature built-in\n    cap. Made from waterproof, matte PU, this lightweight unisex rain jacket is an ode to nostalgia through its classic\n    silhouette and utilitarian design details.</p>\n<p>- Casual unisex fit</p>\n\n<p>- 64% polyester, 36% polyurethane</p>\n\n<p>- Water column pressure: 4000 mm</p>\n\n<p>- Model is 187cm tall and wearing a size S / M</p>\n\n<p>- Unisex fit</p>\n\n<p>- Drawstring hood with built-in cap</p>\n\n<p>- Front placket with snap buttons</p>\n\n<p>- Ventilation under armpit</p>\n\n<p>- Adjustable cuffs</p>\n\n<p>- Double welted front pockets</p>\n\n<p>- Adjustable elastic string at hempen</p>\n\n<p>- Ultrasonically welded seams</p>\n\n<p>This is a unisex item, please check our clothing &amp; footwear sizing guide for specific Rains jacket sizing\n    information. RAINS comes from the rainy nation of Denmark at the edge of the European continent, close to the ocean\n    and with prevailing westerly winds; all factors that contribute to an average of 121 rain days each year. Arising\n    from these rainy weather conditions comes the attitude that a quick rain shower may be beautiful, as well as moody-\n    but first and foremost requires the right outfit. Rains focus on the whole experience of going outside on rainy\n    days, issuing an invitation to explore even in the most mercurial weather.</p>\n','published','[\"products\\/20.jpg\",\"products\\/20-1.jpg\"]','HS-170-A0',0,13,0,1,1,2,0,0,126,88.2,NULL,NULL,18.00,10.00,17.00,821.00,NULL,41979,'2023-03-05 23:42:55','2023-03-05 23:43:04','in_stock',0,'Botble\\ACL\\Models\\User',NULL,'physical',NULL,NULL,4,0),(21,'Chen Watermelon (Digital)','<p>Short Hooded Coat features a straight body, large pockets with button flaps, ventilation air holes, and a string detail along the hemline.</p>\n<p><img src=\"https://farm66.staticflickr.com/65535/52425327819_a31bd967f3_b.jpg\" alt=\"icon\" style=\"height:15px;\">    1 Year AL Jazeera Brand Warranty</p>\n<p><img src=\"https://farm66.staticflickr.com/65535/52425495800_97e79701b2_b.jpg\" alt=\"icon\" style=\"height:15px;\">   30 Day Return Policy</p>\n<p><img src=\"https://farm66.staticflickr.com/65535/52425327779_367e302b1e_b.jpg\" alt=\"icon\" style=\"height:15px;\"> Cash on Delivery available</p>\n','<p>Short Hooded Coat features a straight body, large pockets with button flaps, ventilation air holes, and a string\n    detail along the hemline. The style is completed with a drawstring hood, featuring Rains’ signature built-in\n    cap. Made from waterproof, matte PU, this lightweight unisex rain jacket is an ode to nostalgia through its classic\n    silhouette and utilitarian design details.</p>\n<p>- Casual unisex fit</p>\n\n<p>- 64% polyester, 36% polyurethane</p>\n\n<p>- Water column pressure: 4000 mm</p>\n\n<p>- Model is 187cm tall and wearing a size S / M</p>\n\n<p>- Unisex fit</p>\n\n<p>- Drawstring hood with built-in cap</p>\n\n<p>- Front placket with snap buttons</p>\n\n<p>- Ventilation under armpit</p>\n\n<p>- Adjustable cuffs</p>\n\n<p>- Double welted front pockets</p>\n\n<p>- Adjustable elastic string at hempen</p>\n\n<p>- Ultrasonically welded seams</p>\n\n<p>This is a unisex item, please check our clothing &amp; footwear sizing guide for specific Rains jacket sizing\n    information. RAINS comes from the rainy nation of Denmark at the edge of the European continent, close to the ocean\n    and with prevailing westerly winds; all factors that contribute to an average of 121 rain days each year. Arising\n    from these rainy weather conditions comes the attitude that a quick rain shower may be beautiful, as well as moody-\n    but first and foremost requires the right outfit. Rains focus on the whole experience of going outside on rainy\n    days, issuing an invitation to explore even in the most mercurial weather.</p>\n','published','[\"products\\/21.jpg\",\"products\\/21-1.jpg\"]','HS-168-A0',0,17,0,1,1,3,0,0,113,NULL,NULL,NULL,15.00,16.00,15.00,848.00,NULL,132759,'2023-03-05 23:42:55','2023-03-05 23:43:04','in_stock',0,'Botble\\ACL\\Models\\User',NULL,'digital',NULL,NULL,1,0),(22,'Organic Cage-Free Grade A Large Brown Eggs','<p>Short Hooded Coat features a straight body, large pockets with button flaps, ventilation air holes, and a string detail along the hemline.</p>\n<p><img src=\"https://farm66.staticflickr.com/65535/52425327819_a31bd967f3_b.jpg\" alt=\"icon\" style=\"height:15px;\">    1 Year AL Jazeera Brand Warranty</p>\n<p><img src=\"https://farm66.staticflickr.com/65535/52425495800_97e79701b2_b.jpg\" alt=\"icon\" style=\"height:15px;\">   30 Day Return Policy</p>\n<p><img src=\"https://farm66.staticflickr.com/65535/52425327779_367e302b1e_b.jpg\" alt=\"icon\" style=\"height:15px;\"> Cash on Delivery available</p>\n','<p>Short Hooded Coat features a straight body, large pockets with button flaps, ventilation air holes, and a string\n    detail along the hemline. The style is completed with a drawstring hood, featuring Rains’ signature built-in\n    cap. Made from waterproof, matte PU, this lightweight unisex rain jacket is an ode to nostalgia through its classic\n    silhouette and utilitarian design details.</p>\n<p>- Casual unisex fit</p>\n\n<p>- 64% polyester, 36% polyurethane</p>\n\n<p>- Water column pressure: 4000 mm</p>\n\n<p>- Model is 187cm tall and wearing a size S / M</p>\n\n<p>- Unisex fit</p>\n\n<p>- Drawstring hood with built-in cap</p>\n\n<p>- Front placket with snap buttons</p>\n\n<p>- Ventilation under armpit</p>\n\n<p>- Adjustable cuffs</p>\n\n<p>- Double welted front pockets</p>\n\n<p>- Adjustable elastic string at hempen</p>\n\n<p>- Ultrasonically welded seams</p>\n\n<p>This is a unisex item, please check our clothing &amp; footwear sizing guide for specific Rains jacket sizing\n    information. RAINS comes from the rainy nation of Denmark at the edge of the European continent, close to the ocean\n    and with prevailing westerly winds; all factors that contribute to an average of 121 rain days each year. Arising\n    from these rainy weather conditions comes the attitude that a quick rain shower may be beautiful, as well as moody-\n    but first and foremost requires the right outfit. Rains focus on the whole experience of going outside on rainy\n    days, issuing an invitation to explore even in the most mercurial weather.</p>\n','published','[\"products\\/22.jpg\",\"products\\/22-1.jpg\"]','HS-175-A0',0,14,0,1,1,2,0,0,116,NULL,NULL,NULL,19.00,14.00,19.00,669.00,NULL,199095,'2023-03-05 23:42:55','2023-03-05 23:43:04','in_stock',0,'Botble\\ACL\\Models\\User',NULL,'physical',NULL,NULL,4,0),(23,'Colorful Banana','<p>Short Hooded Coat features a straight body, large pockets with button flaps, ventilation air holes, and a string detail along the hemline.</p>\n<p><img src=\"https://farm66.staticflickr.com/65535/52425327819_a31bd967f3_b.jpg\" alt=\"icon\" style=\"height:15px;\">    1 Year AL Jazeera Brand Warranty</p>\n<p><img src=\"https://farm66.staticflickr.com/65535/52425495800_97e79701b2_b.jpg\" alt=\"icon\" style=\"height:15px;\">   30 Day Return Policy</p>\n<p><img src=\"https://farm66.staticflickr.com/65535/52425327779_367e302b1e_b.jpg\" alt=\"icon\" style=\"height:15px;\"> Cash on Delivery available</p>\n','<p>Short Hooded Coat features a straight body, large pockets with button flaps, ventilation air holes, and a string\n    detail along the hemline. The style is completed with a drawstring hood, featuring Rains’ signature built-in\n    cap. Made from waterproof, matte PU, this lightweight unisex rain jacket is an ode to nostalgia through its classic\n    silhouette and utilitarian design details.</p>\n<p>- Casual unisex fit</p>\n\n<p>- 64% polyester, 36% polyurethane</p>\n\n<p>- Water column pressure: 4000 mm</p>\n\n<p>- Model is 187cm tall and wearing a size S / M</p>\n\n<p>- Unisex fit</p>\n\n<p>- Drawstring hood with built-in cap</p>\n\n<p>- Front placket with snap buttons</p>\n\n<p>- Ventilation under armpit</p>\n\n<p>- Adjustable cuffs</p>\n\n<p>- Double welted front pockets</p>\n\n<p>- Adjustable elastic string at hempen</p>\n\n<p>- Ultrasonically welded seams</p>\n\n<p>This is a unisex item, please check our clothing &amp; footwear sizing guide for specific Rains jacket sizing\n    information. RAINS comes from the rainy nation of Denmark at the edge of the European continent, close to the ocean\n    and with prevailing westerly winds; all factors that contribute to an average of 121 rain days each year. Arising\n    from these rainy weather conditions comes the attitude that a quick rain shower may be beautiful, as well as moody-\n    but first and foremost requires the right outfit. Rains focus on the whole experience of going outside on rainy\n    days, issuing an invitation to explore even in the most mercurial weather.</p>\n','published','[\"products\\/23.jpg\",\"products\\/23-1.jpg\"]','HS-168-A0',0,12,0,1,1,7,0,0,119,NULL,NULL,NULL,19.00,12.00,18.00,686.00,NULL,27038,'2023-03-05 23:42:55','2023-03-05 23:43:04','in_stock',0,'Botble\\ACL\\Models\\User',NULL,'physical',NULL,NULL,4,0),(24,'Signature Wood-Fired Mushroom and Caramelized','<p>Short Hooded Coat features a straight body, large pockets with button flaps, ventilation air holes, and a string detail along the hemline.</p>\n<p><img src=\"https://farm66.staticflickr.com/65535/52425327819_a31bd967f3_b.jpg\" alt=\"icon\" style=\"height:15px;\">    1 Year AL Jazeera Brand Warranty</p>\n<p><img src=\"https://farm66.staticflickr.com/65535/52425495800_97e79701b2_b.jpg\" alt=\"icon\" style=\"height:15px;\">   30 Day Return Policy</p>\n<p><img src=\"https://farm66.staticflickr.com/65535/52425327779_367e302b1e_b.jpg\" alt=\"icon\" style=\"height:15px;\"> Cash on Delivery available</p>\n','<p>Short Hooded Coat features a straight body, large pockets with button flaps, ventilation air holes, and a string\n    detail along the hemline. The style is completed with a drawstring hood, featuring Rains’ signature built-in\n    cap. Made from waterproof, matte PU, this lightweight unisex rain jacket is an ode to nostalgia through its classic\n    silhouette and utilitarian design details.</p>\n<p>- Casual unisex fit</p>\n\n<p>- 64% polyester, 36% polyurethane</p>\n\n<p>- Water column pressure: 4000 mm</p>\n\n<p>- Model is 187cm tall and wearing a size S / M</p>\n\n<p>- Unisex fit</p>\n\n<p>- Drawstring hood with built-in cap</p>\n\n<p>- Front placket with snap buttons</p>\n\n<p>- Ventilation under armpit</p>\n\n<p>- Adjustable cuffs</p>\n\n<p>- Double welted front pockets</p>\n\n<p>- Adjustable elastic string at hempen</p>\n\n<p>- Ultrasonically welded seams</p>\n\n<p>This is a unisex item, please check our clothing &amp; footwear sizing guide for specific Rains jacket sizing\n    information. RAINS comes from the rainy nation of Denmark at the edge of the European continent, close to the ocean\n    and with prevailing westerly winds; all factors that contribute to an average of 121 rain days each year. Arising\n    from these rainy weather conditions comes the attitude that a quick rain shower may be beautiful, as well as moody-\n    but first and foremost requires the right outfit. Rains focus on the whole experience of going outside on rainy\n    days, issuing an invitation to explore even in the most mercurial weather.</p>\n','published','[\"products\\/24.jpg\",\"products\\/24-1.jpg\"]','HS-112-A0',0,18,0,1,1,5,0,0,117,92.43,NULL,NULL,10.00,15.00,10.00,841.00,NULL,54900,'2023-03-05 23:42:55','2023-03-05 23:43:04','in_stock',0,'Botble\\ACL\\Models\\User',NULL,'physical',NULL,NULL,3,0),(25,'Seeds of Change Organic Quinoe (Digital)',NULL,NULL,'published','[\"products\\/1.jpg\"]','HS-126-A0',0,12,0,1,0,3,1,0,290,NULL,NULL,NULL,20.00,17.00,16.00,899.00,NULL,0,'2023-03-05 23:42:55','2023-03-05 23:43:04','in_stock',0,'Botble\\ACL\\Models\\User',NULL,'digital',NULL,NULL,NULL,0),(26,'Seeds of Change Organic Quinoe (Digital)',NULL,NULL,'published','[\"products\\/1-1.jpg\"]','HS-126-A0-A1',0,12,0,1,0,3,1,0,290,NULL,NULL,NULL,20.00,17.00,16.00,899.00,NULL,0,'2023-03-05 23:42:55','2023-03-05 23:43:04','in_stock',0,'Botble\\ACL\\Models\\User',NULL,'digital',NULL,NULL,NULL,0),(27,'Seeds of Change Organic Quinoe (Digital)',NULL,NULL,'published','[\"products\\/1.jpg\"]','HS-126-A0-A2',0,12,0,1,0,3,1,0,290,NULL,NULL,NULL,20.00,17.00,16.00,899.00,NULL,0,'2023-03-05 23:42:55','2023-03-05 23:43:04','in_stock',0,'Botble\\ACL\\Models\\User',NULL,'digital',NULL,NULL,NULL,0),(28,'All Natural Italian-Style Chicken Meatballs',NULL,NULL,'published','[\"products\\/2.jpg\"]','HS-167-A0',0,10,0,1,0,5,1,0,479,NULL,NULL,NULL,19.00,12.00,19.00,840.00,NULL,0,'2023-03-05 23:42:55','2023-03-05 23:43:04','in_stock',0,'Botble\\ACL\\Models\\User',NULL,'physical',NULL,NULL,NULL,0),(29,'All Natural Italian-Style Chicken Meatballs',NULL,NULL,'published','[\"products\\/2-1.jpg\"]','HS-167-A0-A1',0,10,0,1,0,5,1,0,479,NULL,NULL,NULL,19.00,12.00,19.00,840.00,NULL,0,'2023-03-05 23:42:55','2023-03-05 23:43:04','in_stock',0,'Botble\\ACL\\Models\\User',NULL,'physical',NULL,NULL,NULL,0),(30,'Angie’s Boomchickapop Sweet &amp; Salty Kettle Corn',NULL,NULL,'published','[\"products\\/3.jpg\"]','HS-115-A0',0,10,0,1,0,2,1,0,357,NULL,NULL,NULL,15.00,15.00,13.00,782.00,NULL,0,'2023-03-05 23:42:55','2023-03-05 23:43:04','in_stock',0,'Botble\\ACL\\Models\\User',NULL,'physical',NULL,NULL,NULL,0),(31,'Angie’s Boomchickapop Sweet &amp; Salty Kettle Corn',NULL,NULL,'published','[\"products\\/3-1.jpg\"]','HS-115-A0-A1',0,10,0,1,0,2,1,0,357,NULL,NULL,NULL,15.00,15.00,13.00,782.00,NULL,0,'2023-03-05 23:42:55','2023-03-05 23:43:04','in_stock',0,'Botble\\ACL\\Models\\User',NULL,'physical',NULL,NULL,NULL,0),(32,'Angie’s Boomchickapop Sweet &amp; Salty Kettle Corn',NULL,NULL,'published','[\"products\\/3.jpg\"]','HS-115-A0-A2',0,10,0,1,0,2,1,0,357,NULL,NULL,NULL,15.00,15.00,13.00,782.00,NULL,0,'2023-03-05 23:42:55','2023-03-05 23:43:04','in_stock',0,'Botble\\ACL\\Models\\User',NULL,'physical',NULL,NULL,NULL,0),(33,'Angie’s Boomchickapop Sweet &amp; Salty Kettle Corn',NULL,NULL,'published','[\"products\\/3.jpg\"]','HS-115-A0-A3',0,10,0,1,0,2,1,0,357,NULL,NULL,NULL,15.00,15.00,13.00,782.00,NULL,0,'2023-03-05 23:42:55','2023-03-05 23:43:04','in_stock',0,'Botble\\ACL\\Models\\User',NULL,'physical',NULL,NULL,NULL,0),(34,'Foster Farms Takeout Crispy Classic',NULL,NULL,'published','[\"products\\/4.jpg\"]','HS-153-A0',0,11,0,1,0,4,1,0,79,67.94,NULL,NULL,11.00,11.00,12.00,526.00,NULL,0,'2023-03-05 23:42:55','2023-03-05 23:43:04','in_stock',0,'Botble\\ACL\\Models\\User',NULL,'physical',NULL,NULL,NULL,0),(35,'Foster Farms Takeout Crispy Classic',NULL,NULL,'published','[\"products\\/4-1.jpg\"]','HS-153-A0-A1',0,11,0,1,0,4,1,0,79,63.99,NULL,NULL,11.00,11.00,12.00,526.00,NULL,0,'2023-03-05 23:42:55','2023-03-05 23:43:04','in_stock',0,'Botble\\ACL\\Models\\User',NULL,'physical',NULL,NULL,NULL,0),(36,'Blue Diamond Almonds Lightly (Digital)',NULL,NULL,'published','[\"products\\/5.jpg\"]','HS-164-A0',0,16,0,1,0,2,1,0,47,NULL,NULL,NULL,14.00,20.00,13.00,586.00,NULL,0,'2023-03-05 23:42:55','2023-03-05 23:43:04','in_stock',0,'Botble\\ACL\\Models\\User',NULL,'digital',NULL,NULL,NULL,0),(37,'Blue Diamond Almonds Lightly (Digital)',NULL,NULL,'published','[\"products\\/5-1.jpg\"]','HS-164-A0-A1',0,16,0,1,0,2,1,0,47,NULL,NULL,NULL,14.00,20.00,13.00,586.00,NULL,0,'2023-03-05 23:42:55','2023-03-05 23:43:04','in_stock',0,'Botble\\ACL\\Models\\User',NULL,'digital',NULL,NULL,NULL,0),(38,'Chobani Complete Vanilla Greek',NULL,NULL,'published','[\"products\\/6.jpg\"]','HS-118-A0',0,16,0,1,0,3,1,0,60,NULL,NULL,NULL,17.00,13.00,13.00,687.00,NULL,0,'2023-03-05 23:42:55','2023-03-05 23:43:04','in_stock',0,'Botble\\ACL\\Models\\User',NULL,'physical',NULL,NULL,NULL,0),(39,'Chobani Complete Vanilla Greek',NULL,NULL,'published','[\"products\\/6-1.jpg\"]','HS-118-A0-A1',0,16,0,1,0,3,1,0,60,NULL,NULL,NULL,17.00,13.00,13.00,687.00,NULL,0,'2023-03-05 23:42:55','2023-03-05 23:43:04','in_stock',0,'Botble\\ACL\\Models\\User',NULL,'physical',NULL,NULL,NULL,0),(40,'Chobani Complete Vanilla Greek',NULL,NULL,'published','[\"products\\/6.jpg\"]','HS-118-A0-A2',0,16,0,1,0,3,1,0,60,NULL,NULL,NULL,17.00,13.00,13.00,687.00,NULL,0,'2023-03-05 23:42:55','2023-03-05 23:43:04','in_stock',0,'Botble\\ACL\\Models\\User',NULL,'physical',NULL,NULL,NULL,0),(41,'Chobani Complete Vanilla Greek',NULL,NULL,'published','[\"products\\/6.jpg\"]','HS-118-A0-A3',0,16,0,1,0,3,1,0,60,NULL,NULL,NULL,17.00,13.00,13.00,687.00,NULL,0,'2023-03-05 23:42:55','2023-03-05 23:43:04','in_stock',0,'Botble\\ACL\\Models\\User',NULL,'physical',NULL,NULL,NULL,0),(42,'Canada Dry Ginger Ale – 2 L Bottle',NULL,NULL,'published','[\"products\\/7.jpg\"]','HS-131-A0',0,11,0,1,0,3,1,0,130,NULL,NULL,NULL,16.00,19.00,19.00,551.00,NULL,0,'2023-03-05 23:42:55','2023-03-05 23:43:04','in_stock',0,'Botble\\ACL\\Models\\User',NULL,'physical',NULL,NULL,NULL,0),(43,'Encore Seafoods Stuffed Alaskan',NULL,NULL,'published','[\"products\\/8.jpg\"]','HS-183-A0',0,15,0,1,0,7,1,0,128,97.28,NULL,NULL,19.00,11.00,20.00,512.00,NULL,0,'2023-03-05 23:42:55','2023-03-05 23:43:04','in_stock',0,'Botble\\ACL\\Models\\User',NULL,'physical',NULL,NULL,NULL,0),(44,'Encore Seafoods Stuffed Alaskan',NULL,NULL,'published','[\"products\\/8-1.jpg\"]','HS-183-A0-A1',0,15,0,1,0,7,1,0,128,89.6,NULL,NULL,19.00,11.00,20.00,512.00,NULL,0,'2023-03-05 23:42:55','2023-03-05 23:43:04','in_stock',0,'Botble\\ACL\\Models\\User',NULL,'physical',NULL,NULL,NULL,0),(45,'Encore Seafoods Stuffed Alaskan',NULL,NULL,'published','[\"products\\/8.jpg\"]','HS-183-A0-A2',0,15,0,1,0,7,1,0,128,98.56,NULL,NULL,19.00,11.00,20.00,512.00,NULL,0,'2023-03-05 23:42:55','2023-03-05 23:43:04','in_stock',0,'Botble\\ACL\\Models\\User',NULL,'physical',NULL,NULL,NULL,0),(46,'Gorton’s Beer Battered Fish Fillets (Digital)',NULL,NULL,'published','[\"products\\/9.jpg\"]','HS-179-A0',0,18,0,1,0,2,1,0,117,NULL,NULL,NULL,18.00,15.00,12.00,608.00,NULL,0,'2023-03-05 23:42:55','2023-03-05 23:43:04','in_stock',0,'Botble\\ACL\\Models\\User',NULL,'digital',NULL,NULL,NULL,0),(47,'Haagen-Dazs Caramel Cone Ice Cream',NULL,NULL,'published','[\"products\\/10.jpg\"]','HS-139-A0',0,16,0,1,0,7,1,0,260,NULL,NULL,NULL,15.00,18.00,15.00,552.00,NULL,0,'2023-03-05 23:42:55','2023-03-05 23:43:04','in_stock',0,'Botble\\ACL\\Models\\User',NULL,'physical',NULL,NULL,NULL,0),(48,'Haagen-Dazs Caramel Cone Ice Cream',NULL,NULL,'published','[\"products\\/10-1.jpg\"]','HS-139-A0-A1',0,16,0,1,0,7,1,0,260,NULL,NULL,NULL,15.00,18.00,15.00,552.00,NULL,0,'2023-03-05 23:42:55','2023-03-05 23:43:04','in_stock',0,'Botble\\ACL\\Models\\User',NULL,'physical',NULL,NULL,NULL,0),(49,'Haagen-Dazs Caramel Cone Ice Cream',NULL,NULL,'published','[\"products\\/10.jpg\"]','HS-139-A0-A2',0,16,0,1,0,7,1,0,260,NULL,NULL,NULL,15.00,18.00,15.00,552.00,NULL,0,'2023-03-05 23:42:55','2023-03-05 23:43:04','in_stock',0,'Botble\\ACL\\Models\\User',NULL,'physical',NULL,NULL,NULL,0),(50,'Haagen-Dazs Caramel Cone Ice Cream',NULL,NULL,'published','[\"products\\/10.jpg\"]','HS-139-A0-A3',0,16,0,1,0,7,1,0,260,NULL,NULL,NULL,15.00,18.00,15.00,552.00,NULL,0,'2023-03-05 23:42:55','2023-03-05 23:43:04','in_stock',0,'Botble\\ACL\\Models\\User',NULL,'physical',NULL,NULL,NULL,0),(51,'Nestle Original Coffee-Mate Coffee Creamer',NULL,NULL,'published','[\"products\\/11.jpg\"]','HS-165-A0',0,17,0,1,0,6,1,0,115,NULL,NULL,NULL,14.00,17.00,20.00,535.00,NULL,0,'2023-03-05 23:42:55','2023-03-05 23:43:04','in_stock',0,'Botble\\ACL\\Models\\User',NULL,'physical',NULL,NULL,NULL,0),(52,'Naturally Flavored Cinnamon Vanilla Light Roast Coffee',NULL,NULL,'published','[\"products\\/12.jpg\"]','HS-190-A0',0,13,0,1,0,1,1,0,121,107.69,NULL,NULL,17.00,19.00,19.00,513.00,NULL,0,'2023-03-05 23:42:55','2023-03-05 23:43:04','in_stock',0,'Botble\\ACL\\Models\\User',NULL,'physical',NULL,NULL,NULL,0),(53,'Naturally Flavored Cinnamon Vanilla Light Roast Coffee',NULL,NULL,'published','[\"products\\/12-1.jpg\"]','HS-190-A0-A1',0,13,0,1,0,1,1,0,121,89.54,NULL,NULL,17.00,19.00,19.00,513.00,NULL,0,'2023-03-05 23:42:55','2023-03-05 23:43:04','in_stock',0,'Botble\\ACL\\Models\\User',NULL,'physical',NULL,NULL,NULL,0),(54,'Pepperidge Farm Farmhouse Hearty White Bread (Digital)',NULL,NULL,'published','[\"products\\/13.jpg\"]','HS-119-A0',0,13,0,1,0,1,1,0,128,NULL,NULL,NULL,20.00,19.00,14.00,503.00,NULL,0,'2023-03-05 23:42:55','2023-03-05 23:43:04','in_stock',0,'Botble\\ACL\\Models\\User',NULL,'digital',NULL,NULL,NULL,0),(55,'Pepperidge Farm Farmhouse Hearty White Bread (Digital)',NULL,NULL,'published','[\"products\\/13-1.jpg\"]','HS-119-A0-A1',0,13,0,1,0,1,1,0,128,NULL,NULL,NULL,20.00,19.00,14.00,503.00,NULL,0,'2023-03-05 23:42:55','2023-03-05 23:43:04','in_stock',0,'Botble\\ACL\\Models\\User',NULL,'digital',NULL,NULL,NULL,0),(56,'Organic Frozen Triple Berry Blend',NULL,NULL,'published','[\"products\\/14.jpg\"]','HS-196-A0',0,17,0,1,0,3,1,0,121,NULL,NULL,NULL,17.00,16.00,15.00,642.00,NULL,0,'2023-03-05 23:42:55','2023-03-05 23:43:04','in_stock',0,'Botble\\ACL\\Models\\User',NULL,'physical',NULL,NULL,NULL,0),(57,'Oroweat Country Buttermilk Bread',NULL,NULL,'published','[\"products\\/15.jpg\"]','HS-142-A0',0,19,0,1,0,6,1,0,129,NULL,NULL,NULL,18.00,17.00,17.00,721.00,NULL,0,'2023-03-05 23:42:55','2023-03-05 23:43:04','in_stock',0,'Botble\\ACL\\Models\\User',NULL,'physical',NULL,NULL,NULL,0),(58,'Foster Farms Takeout Crispy Classic Buffalo Wings',NULL,NULL,'published','[\"products\\/16.jpg\"]','HS-163-A0',0,10,0,1,0,2,1,0,114,90.06,NULL,NULL,12.00,11.00,17.00,872.00,NULL,0,'2023-03-05 23:42:55','2023-03-05 23:43:04','in_stock',0,'Botble\\ACL\\Models\\User',NULL,'physical',NULL,NULL,NULL,0),(59,'Foster Farms Takeout Crispy Classic Buffalo Wings',NULL,NULL,'published','[\"products\\/16-1.jpg\"]','HS-163-A0-A1',0,10,0,1,0,2,1,0,114,93.48,NULL,NULL,12.00,11.00,17.00,872.00,NULL,0,'2023-03-05 23:42:55','2023-03-05 23:43:04','in_stock',0,'Botble\\ACL\\Models\\User',NULL,'physical',NULL,NULL,NULL,0),(60,'Angie’s Boomchickapop Sweet &amp; Salty Kettle Corn (Digital)',NULL,NULL,'published','[\"products\\/17.jpg\"]','HS-170-A0',0,20,0,1,0,7,1,0,112,NULL,NULL,NULL,13.00,20.00,17.00,756.00,NULL,0,'2023-03-05 23:42:55','2023-03-05 23:43:04','in_stock',0,'Botble\\ACL\\Models\\User',NULL,'digital',NULL,NULL,NULL,0),(61,'Angie’s Boomchickapop Sweet &amp; Salty Kettle Corn (Digital)',NULL,NULL,'published','[\"products\\/17-1.jpg\"]','HS-170-A0-A1',0,20,0,1,0,7,1,0,112,NULL,NULL,NULL,13.00,20.00,17.00,756.00,NULL,0,'2023-03-05 23:42:55','2023-03-05 23:43:04','in_stock',0,'Botble\\ACL\\Models\\User',NULL,'digital',NULL,NULL,NULL,0),(62,'All Natural Italian-Style Chicken Meatballs',NULL,NULL,'published','[\"products\\/18.jpg\"]','HS-193-A0',0,10,0,1,0,4,1,0,114,NULL,NULL,NULL,12.00,12.00,10.00,622.00,NULL,0,'2023-03-05 23:42:55','2023-03-05 23:43:04','in_stock',0,'Botble\\ACL\\Models\\User',NULL,'physical',NULL,NULL,NULL,0),(63,'Simply Lemonade with Raspberry Juice',NULL,NULL,'published','[\"products\\/19.jpg\"]','HS-176-A0',0,12,0,1,0,1,1,0,128,NULL,NULL,NULL,18.00,17.00,10.00,753.00,NULL,0,'2023-03-05 23:42:55','2023-03-05 23:43:04','in_stock',0,'Botble\\ACL\\Models\\User',NULL,'physical',NULL,NULL,NULL,0),(64,'Simply Lemonade with Raspberry Juice',NULL,NULL,'published','[\"products\\/19-1.jpg\"]','HS-176-A0-A1',0,12,0,1,0,1,1,0,128,NULL,NULL,NULL,18.00,17.00,10.00,753.00,NULL,0,'2023-03-05 23:42:55','2023-03-05 23:43:04','in_stock',0,'Botble\\ACL\\Models\\User',NULL,'physical',NULL,NULL,NULL,0),(65,'Simply Lemonade with Raspberry Juice',NULL,NULL,'published','[\"products\\/19.jpg\"]','HS-176-A0-A2',0,12,0,1,0,1,1,0,128,NULL,NULL,NULL,18.00,17.00,10.00,753.00,NULL,0,'2023-03-05 23:42:55','2023-03-05 23:43:04','in_stock',0,'Botble\\ACL\\Models\\User',NULL,'physical',NULL,NULL,NULL,0),(66,'Perdue Simply Smart Organics Gluten Free',NULL,NULL,'published','[\"products\\/20.jpg\"]','HS-170-A0',0,13,0,1,0,2,1,0,126,88.2,NULL,NULL,18.00,10.00,17.00,821.00,NULL,0,'2023-03-05 23:42:55','2023-03-05 23:43:04','in_stock',0,'Botble\\ACL\\Models\\User',NULL,'physical',NULL,NULL,NULL,0),(67,'Perdue Simply Smart Organics Gluten Free',NULL,NULL,'published','[\"products\\/20-1.jpg\"]','HS-170-A0-A1',0,13,0,1,0,2,1,0,126,102.06,NULL,NULL,18.00,10.00,17.00,821.00,NULL,0,'2023-03-05 23:42:55','2023-03-05 23:43:04','in_stock',0,'Botble\\ACL\\Models\\User',NULL,'physical',NULL,NULL,NULL,0),(68,'Perdue Simply Smart Organics Gluten Free',NULL,NULL,'published','[\"products\\/20.jpg\"]','HS-170-A0-A2',0,13,0,1,0,2,1,0,126,103.32,NULL,NULL,18.00,10.00,17.00,821.00,NULL,0,'2023-03-05 23:42:55','2023-03-05 23:43:04','in_stock',0,'Botble\\ACL\\Models\\User',NULL,'physical',NULL,NULL,NULL,0),(69,'Perdue Simply Smart Organics Gluten Free',NULL,NULL,'published','[\"products\\/20.jpg\"]','HS-170-A0-A3',0,13,0,1,0,2,1,0,126,100.8,NULL,NULL,18.00,10.00,17.00,821.00,NULL,0,'2023-03-05 23:42:55','2023-03-05 23:43:04','in_stock',0,'Botble\\ACL\\Models\\User',NULL,'physical',NULL,NULL,NULL,0),(70,'Chen Watermelon (Digital)',NULL,NULL,'published','[\"products\\/21.jpg\"]','HS-168-A0',0,17,0,1,0,3,1,0,113,NULL,NULL,NULL,15.00,16.00,15.00,848.00,NULL,0,'2023-03-05 23:42:55','2023-03-05 23:43:04','in_stock',0,'Botble\\ACL\\Models\\User',NULL,'digital',NULL,NULL,NULL,0),(71,'Chen Watermelon (Digital)',NULL,NULL,'published','[\"products\\/21-1.jpg\"]','HS-168-A0-A1',0,17,0,1,0,3,1,0,113,NULL,NULL,NULL,15.00,16.00,15.00,848.00,NULL,0,'2023-03-05 23:42:55','2023-03-05 23:43:04','in_stock',0,'Botble\\ACL\\Models\\User',NULL,'digital',NULL,NULL,NULL,0),(72,'Organic Cage-Free Grade A Large Brown Eggs',NULL,NULL,'published','[\"products\\/22.jpg\"]','HS-175-A0',0,14,0,1,0,2,1,0,116,NULL,NULL,NULL,19.00,14.00,19.00,669.00,NULL,0,'2023-03-05 23:42:55','2023-03-05 23:43:04','in_stock',0,'Botble\\ACL\\Models\\User',NULL,'physical',NULL,NULL,NULL,0),(73,'Organic Cage-Free Grade A Large Brown Eggs',NULL,NULL,'published','[\"products\\/22-1.jpg\"]','HS-175-A0-A1',0,14,0,1,0,2,1,0,116,NULL,NULL,NULL,19.00,14.00,19.00,669.00,NULL,0,'2023-03-05 23:42:55','2023-03-05 23:43:04','in_stock',0,'Botble\\ACL\\Models\\User',NULL,'physical',NULL,NULL,NULL,0),(74,'Colorful Banana',NULL,NULL,'published','[\"products\\/23.jpg\"]','HS-168-A0',0,12,0,1,0,7,1,0,119,NULL,NULL,NULL,19.00,12.00,18.00,686.00,NULL,0,'2023-03-05 23:42:55','2023-03-05 23:43:04','in_stock',0,'Botble\\ACL\\Models\\User',NULL,'physical',NULL,NULL,NULL,0),(75,'Colorful Banana',NULL,NULL,'published','[\"products\\/23-1.jpg\"]','HS-168-A0-A1',0,12,0,1,0,7,1,0,119,NULL,NULL,NULL,19.00,12.00,18.00,686.00,NULL,0,'2023-03-05 23:42:55','2023-03-05 23:43:04','in_stock',0,'Botble\\ACL\\Models\\User',NULL,'physical',NULL,NULL,NULL,0),(76,'Colorful Banana',NULL,NULL,'published','[\"products\\/23.jpg\"]','HS-168-A0-A2',0,12,0,1,0,7,1,0,119,NULL,NULL,NULL,19.00,12.00,18.00,686.00,NULL,0,'2023-03-05 23:42:55','2023-03-05 23:43:04','in_stock',0,'Botble\\ACL\\Models\\User',NULL,'physical',NULL,NULL,NULL,0),(77,'Signature Wood-Fired Mushroom and Caramelized',NULL,NULL,'published','[\"products\\/24.jpg\"]','HS-112-A0',0,18,0,1,0,5,1,0,117,92.43,NULL,NULL,10.00,15.00,10.00,841.00,NULL,0,'2023-03-05 23:42:55','2023-03-05 23:43:04','in_stock',0,'Botble\\ACL\\Models\\User',NULL,'physical',NULL,NULL,NULL,0),(78,'Signature Wood-Fired Mushroom and Caramelized',NULL,NULL,'published','[\"products\\/24-1.jpg\"]','HS-112-A0-A1',0,18,0,1,0,5,1,0,117,87.75,NULL,NULL,10.00,15.00,10.00,841.00,NULL,0,'2023-03-05 23:42:56','2023-03-05 23:43:04','in_stock',0,'Botble\\ACL\\Models\\User',NULL,'physical',NULL,NULL,NULL,0);
/*!40000 ALTER TABLE `ec_products` ENABLE KEYS */;
UNLOCK TABLES;

--
-- Table structure for table `ec_products_translations`
--

DROP TABLE IF EXISTS `ec_products_translations`;
/*!40101 SET @saved_cs_client     = @@character_set_client */;
/*!50503 SET character_set_client = utf8mb4 */;
CREATE TABLE `ec_products_translations` (
  `lang_code` varchar(191) CHARACTER SET utf8mb4 COLLATE utf8mb4_unicode_ci NOT NULL,
  `ec_products_id` bigint unsigned NOT NULL,
  `name` varchar(191) CHARACTER SET utf8mb4 COLLATE utf8mb4_unicode_ci DEFAULT NULL,
  `description` text CHARACTER SET utf8mb4 COLLATE utf8mb4_unicode_ci,
  `content` text CHARACTER SET utf8mb4 COLLATE utf8mb4_unicode_ci,
  PRIMARY KEY (`lang_code`,`ec_products_id`)
) ENGINE=InnoDB DEFAULT CHARSET=utf8mb4 COLLATE=utf8mb4_unicode_ci;
/*!40101 SET character_set_client = @saved_cs_client */;

--
-- Dumping data for table `ec_products_translations`
--

LOCK TABLES `ec_products_translations` WRITE;
/*!40000 ALTER TABLE `ec_products_translations` DISABLE KEYS */;
INSERT INTO `ec_products_translations` VALUES ('vi',1,'Hạt Quinoa hữu cơ',NULL,NULL),('vi',2,'Thịt gà viên kiểu Ý tự nhiên',NULL,NULL),('vi',3,'Angie’s Boomchickapop Sweet & Salty',NULL,NULL),('vi',4,'Foster Farms Takeout Crispy Classic',NULL,NULL),('vi',5,'Diamond Almonds xanh nhạt',NULL,NULL),('vi',6,'Chobani vani Hy Lạp',NULL,NULL),('vi',7,'Gừng khô Canada',NULL,NULL),('vi',8,'Hải sản Alaska',NULL,NULL),('vi',9,'Cá phi lê tẩm Gorton',NULL,NULL),('vi',10,'Kem Haagen-Dazs Caramel Cone',NULL,NULL),('vi',11,'Máy làm kem cà phê nguyên bản của Nestle',NULL,NULL),('vi',12,'Cà phê rang nhẹ hương vị quế vani tự nhiên',NULL,NULL),('vi',13,'Pepperidge Farm Farmhouse Hearty White Bread',NULL,NULL),('vi',14,'Hỗn hợp ba quả mọng đông lạnh hữu cơ',NULL,NULL),('vi',15,'Bánh mì bơ sữa đồng quê Oroweat',NULL,NULL),('vi',16,'Foster Farms Takeout Crispy Classic Buffalo Wings',NULL,NULL),('vi',17,'Ngô Angie’s boomchickapop ngọt và mặn',NULL,NULL),('vi',18,'Thịt gà viên kiểu Ý tự nhiên',NULL,NULL),('vi',19,'Nước ép chanh và mâm xôi',NULL,NULL),('vi',20,'Perdue hữu cơ không chứa Gluten',NULL,NULL),('vi',21,'Dưa hấu chen',NULL,NULL),('vi',22,'Trứng loại A lớn hữu cơ',NULL,NULL),('vi',23,'Chuối đầy màu sắc',NULL,NULL),('vi',24,'Nấm đặc trưng và caramel',NULL,NULL),('vi',25,'Hạt Quinoa hữu cơ',NULL,NULL),('vi',26,'Hạt Quinoa hữu cơ',NULL,NULL),('vi',27,'Hạt Quinoa hữu cơ',NULL,NULL),('vi',28,'Thịt gà viên kiểu Ý tự nhiên',NULL,NULL),('vi',29,'Thịt gà viên kiểu Ý tự nhiên',NULL,NULL),('vi',30,'Angie’s Boomchickapop Sweet & Salty',NULL,NULL),('vi',31,'Angie’s Boomchickapop Sweet & Salty',NULL,NULL),('vi',32,'Angie’s Boomchickapop Sweet & Salty',NULL,NULL),('vi',33,'Angie’s Boomchickapop Sweet & Salty',NULL,NULL),('vi',34,'Foster Farms Takeout Crispy Classic',NULL,NULL),('vi',35,'Foster Farms Takeout Crispy Classic',NULL,NULL),('vi',36,'Diamond Almonds xanh nhạt',NULL,NULL),('vi',37,'Diamond Almonds xanh nhạt',NULL,NULL),('vi',38,'Chobani vani Hy Lạp',NULL,NULL),('vi',39,'Chobani vani Hy Lạp',NULL,NULL),('vi',40,'Chobani vani Hy Lạp',NULL,NULL),('vi',41,'Chobani vani Hy Lạp',NULL,NULL),('vi',42,'Gừng khô Canada',NULL,NULL),('vi',43,'Hải sản Alaska',NULL,NULL),('vi',44,'Hải sản Alaska',NULL,NULL),('vi',45,'Hải sản Alaska',NULL,NULL),('vi',46,'Cá phi lê tẩm Gorton',NULL,NULL),('vi',47,'Kem Haagen-Dazs Caramel Cone',NULL,NULL),('vi',48,'Kem Haagen-Dazs Caramel Cone',NULL,NULL),('vi',49,'Kem Haagen-Dazs Caramel Cone',NULL,NULL),('vi',50,'Kem Haagen-Dazs Caramel Cone',NULL,NULL),('vi',51,'Máy làm kem cà phê nguyên bản của Nestle',NULL,NULL),('vi',52,'Cà phê rang nhẹ hương vị quế vani tự nhiên',NULL,NULL),('vi',53,'Cà phê rang nhẹ hương vị quế vani tự nhiên',NULL,NULL),('vi',54,'Pepperidge Farm Farmhouse Hearty White Bread',NULL,NULL),('vi',55,'Pepperidge Farm Farmhouse Hearty White Bread',NULL,NULL),('vi',56,'Hỗn hợp ba quả mọng đông lạnh hữu cơ',NULL,NULL),('vi',57,'Bánh mì bơ sữa đồng quê Oroweat',NULL,NULL),('vi',58,'Foster Farms Takeout Crispy Classic Buffalo Wings',NULL,NULL),('vi',59,'Foster Farms Takeout Crispy Classic Buffalo Wings',NULL,NULL),('vi',60,'Ngô Angie’s boomchickapop ngọt và mặn',NULL,NULL),('vi',61,'Ngô Angie’s boomchickapop ngọt và mặn',NULL,NULL),('vi',62,'Thịt gà viên kiểu Ý tự nhiên',NULL,NULL),('vi',63,'Nước ép chanh và mâm xôi',NULL,NULL),('vi',64,'Nước ép chanh và mâm xôi',NULL,NULL),('vi',65,'Nước ép chanh và mâm xôi',NULL,NULL),('vi',66,'Perdue hữu cơ không chứa Gluten',NULL,NULL),('vi',67,'Perdue hữu cơ không chứa Gluten',NULL,NULL),('vi',68,'Perdue hữu cơ không chứa Gluten',NULL,NULL),('vi',69,'Perdue hữu cơ không chứa Gluten',NULL,NULL),('vi',70,'Dưa hấu chen',NULL,NULL),('vi',71,'Dưa hấu chen',NULL,NULL),('vi',72,'Trứng loại A lớn hữu cơ',NULL,NULL),('vi',73,'Trứng loại A lớn hữu cơ',NULL,NULL),('vi',74,'Chuối đầy màu sắc',NULL,NULL),('vi',75,'Chuối đầy màu sắc',NULL,NULL),('vi',76,'Chuối đầy màu sắc',NULL,NULL),('vi',77,'Nấm đặc trưng và caramel',NULL,NULL),('vi',78,'Nấm đặc trưng và caramel',NULL,NULL);
/*!40000 ALTER TABLE `ec_products_translations` ENABLE KEYS */;
UNLOCK TABLES;

--
-- Table structure for table `ec_reviews`
--

DROP TABLE IF EXISTS `ec_reviews`;
/*!40101 SET @saved_cs_client     = @@character_set_client */;
/*!50503 SET character_set_client = utf8mb4 */;
CREATE TABLE `ec_reviews` (
  `id` bigint unsigned NOT NULL AUTO_INCREMENT,
  `customer_id` bigint unsigned NOT NULL,
  `product_id` bigint unsigned NOT NULL,
  `star` double(8,2) NOT NULL,
  `comment` text CHARACTER SET utf8mb4 COLLATE utf8mb4_unicode_ci NOT NULL,
  `status` varchar(60) CHARACTER SET utf8mb4 COLLATE utf8mb4_unicode_ci NOT NULL DEFAULT 'published',
  `created_at` timestamp NULL DEFAULT NULL,
  `updated_at` timestamp NULL DEFAULT NULL,
  `images` text CHARACTER SET utf8mb4 COLLATE utf8mb4_unicode_ci,
  PRIMARY KEY (`id`),
  UNIQUE KEY `ec_reviews_product_id_customer_id_unique` (`product_id`,`customer_id`),
  KEY `ec_reviews_product_id_customer_id_status_created_at_index` (`product_id`,`customer_id`,`status`,`created_at`),
  KEY `ec_reviews_product_id_customer_id_status_index` (`product_id`,`customer_id`,`status`)
) ENGINE=InnoDB AUTO_INCREMENT=101 DEFAULT CHARSET=utf8mb4 COLLATE=utf8mb4_unicode_ci;
/*!40101 SET character_set_client = @saved_cs_client */;

--
-- Dumping data for table `ec_reviews`
--

LOCK TABLES `ec_reviews` WRITE;
/*!40000 ALTER TABLE `ec_reviews` DISABLE KEYS */;
INSERT INTO `ec_reviews` VALUES (1,10,13,3.00,'We have received brilliant service support and will be expanding the features with the developer. Nice product!','published','2023-03-05 23:42:57','2023-03-05 23:42:57','{\"0\":\"products\\/2.jpg\",\"2\":\"products\\/19.jpg\"}'),(2,6,5,1.00,'I Love this Script. I also found how to add other fees. Now I just wait the BIG update for the Marketplace with the Bulk Import. Just do not forget to make it to be Multi-language for us the Botble Fans.','published','2023-03-05 23:42:57','2023-03-05 23:42:57','[\"products\\/1.jpg\",\"products\\/5.jpg\"]'),(3,10,15,1.00,'Cool template. Excellent code quality. The support responds very quickly, which is very rare on themeforest and codecanyon.net, I buy a lot of templates, and everyone will have a response from technical support for two or three days. Thanks to tech support. I recommend to buy.','published','2023-03-05 23:42:57','2023-03-05 23:42:57','[\"products\\/4.jpg\",\"products\\/7.jpg\",\"products\\/11.jpg\"]'),(4,5,7,4.00,'For me the best eCommerce script on Envato at this moment: modern, clean code, a lot of great features. The customer support is great too: I always get an answer within hours!','published','2023-03-05 23:42:57','2023-03-05 23:42:57','[\"products\\/3.jpg\",\"products\\/5.jpg\",\"products\\/23.jpg\"]'),(5,2,21,2.00,'Good app, good backup service and support. Good documentation.','published','2023-03-05 23:42:57','2023-03-05 23:42:57','[\"products\\/4.jpg\"]'),(6,9,23,2.00,'The best store template! Excellent coding! Very good support! Thank you so much for all the help, I really appreciated.','published','2023-03-05 23:42:57','2023-03-05 23:42:57','[\"products\\/2.jpg\",\"products\\/5.jpg\"]'),(7,3,21,5.00,'Best ecommerce CMS online store!','published','2023-03-05 23:42:57','2023-03-05 23:42:57','[\"products\\/1.jpg\",\"products\\/7.jpg\"]'),(8,6,16,4.00,'I Love this Script. I also found how to add other fees. Now I just wait the BIG update for the Marketplace with the Bulk Import. Just do not forget to make it to be Multi-language for us the Botble Fans.','published','2023-03-05 23:42:57','2023-03-05 23:42:57','[\"products\\/3.jpg\",\"products\\/5.jpg\"]'),(9,10,7,1.00,'Ok good product. I have some issues in customizations. But its not correct to blame the developer. The product is good. Good luck for your business.','published','2023-03-05 23:42:57','2023-03-05 23:42:57','[\"products\\/1.jpg\",\"products\\/7.jpg\"]'),(10,5,6,3.00,'I Love this Script. I also found how to add other fees. Now I just wait the BIG update for the Marketplace with the Bulk Import. Just do not forget to make it to be Multi-language for us the Botble Fans.','published','2023-03-05 23:42:57','2023-03-05 23:42:57','[\"products\\/1.jpg\",\"products\\/7.jpg\"]'),(11,5,9,3.00,'As a developer I reviewed this script. This is really awesome ecommerce script. I have convinced when I noticed that it\'s built on fully WordPress concept.','published','2023-03-05 23:42:57','2023-03-05 23:42:57','[\"products\\/2.jpg\"]'),(12,1,3,2.00,'I Love this Script. I also found how to add other fees. Now I just wait the BIG update for the Marketplace with the Bulk Import. Just do not forget to make it to be Multi-language for us the Botble Fans.','published','2023-03-05 23:42:57','2023-03-05 23:42:57','{\"0\":\"products\\/3.jpg\",\"2\":\"products\\/10.jpg\"}'),(13,8,9,2.00,'Clean & perfect source code','published','2023-03-05 23:42:57','2023-03-05 23:42:57','[\"products\\/4.jpg\",\"products\\/7.jpg\"]'),(14,1,19,3.00,'Customer Support are grade (A*), however the code is a way too over engineered for it\'s purpose.','published','2023-03-05 23:42:57','2023-03-05 23:42:57','{\"0\":\"products\\/2.jpg\",\"2\":\"products\\/15.jpg\"}'),(15,1,10,4.00,'The best store template! Excellent coding! Very good support! Thank you so much for all the help, I really appreciated.','published','2023-03-05 23:42:57','2023-03-05 23:42:57','[\"products\\/2.jpg\"]'),(16,8,4,5.00,'The best ecommerce CMS! Excellent coding! best support service! Thank you so much..... I really like your hard work.','published','2023-03-05 23:42:57','2023-03-05 23:42:57','[\"products\\/3.jpg\"]'),(17,9,3,1.00,'The best ecommerce CMS! Excellent coding! best support service! Thank you so much..... I really like your hard work.','published','2023-03-05 23:42:57','2023-03-05 23:42:57','[\"products\\/3.jpg\"]'),(18,3,17,1.00,'The best ecommerce CMS! Excellent coding! best support service! Thank you so much..... I really like your hard work.','published','2023-03-05 23:42:57','2023-03-05 23:42:57','[\"products\\/2.jpg\",\"products\\/6.jpg\",\"products\\/13.jpg\"]'),(19,8,11,1.00,'Great E-commerce system. And much more : Wonderful Customer Support.','published','2023-03-05 23:42:57','2023-03-05 23:42:57','[\"products\\/3.jpg\",\"products\\/5.jpg\",\"products\\/17.jpg\"]'),(20,6,7,1.00,'As a developer I reviewed this script. This is really awesome ecommerce script. I have convinced when I noticed that it\'s built on fully WordPress concept.','published','2023-03-05 23:42:57','2023-03-05 23:42:57','[\"products\\/4.jpg\",\"products\\/7.jpg\",\"products\\/19.jpg\"]'),(21,10,8,4.00,'We have received brilliant service support and will be expanding the features with the developer. Nice product!','published','2023-03-05 23:42:57','2023-03-05 23:42:57','[\"products\\/2.jpg\",\"products\\/5.jpg\",\"products\\/15.jpg\"]'),(22,3,14,4.00,'For me the best eCommerce script on Envato at this moment: modern, clean code, a lot of great features. The customer support is great too: I always get an answer within hours!','published','2023-03-05 23:42:57','2023-03-05 23:42:57','[\"products\\/1.jpg\",\"products\\/6.jpg\",\"products\\/23.jpg\"]'),(23,3,18,5.00,'We have received brilliant service support and will be expanding the features with the developer. Nice product!','published','2023-03-05 23:42:57','2023-03-05 23:42:57','[\"products\\/1.jpg\",\"products\\/6.jpg\"]'),(24,3,1,1.00,'I Love this Script. I also found how to add other fees. Now I just wait the BIG update for the Marketplace with the Bulk Import. Just do not forget to make it to be Multi-language for us the Botble Fans.','published','2023-03-05 23:42:57','2023-03-05 23:42:57','[\"products\\/1.jpg\"]'),(25,6,17,5.00,'Great E-commerce system. And much more : Wonderful Customer Support.','published','2023-03-05 23:42:57','2023-03-05 23:42:57','{\"0\":\"products\\/3.jpg\",\"2\":\"products\\/9.jpg\"}'),(26,7,8,5.00,'Those guys now what they are doing, the release such a good product that it\'s a pleasure to work with ! Even when I was stuck on the project, I created a ticket and the next day it was replied by the team. GOOD JOB guys. I love working with them :)','published','2023-03-05 23:42:57','2023-03-05 23:42:57','[\"products\\/4.jpg\",\"products\\/7.jpg\"]'),(27,1,11,2.00,'Second or third time that I buy a Botble product, happy with the products and support. You guys do a good job :)','published','2023-03-05 23:42:57','2023-03-05 23:42:57','[\"products\\/1.jpg\"]'),(28,7,24,1.00,'The script is the best of its class, fast, easy to implement and work with , and the most important thing is the great support team , Recommend with no doubt.','published','2023-03-05 23:42:57','2023-03-05 23:42:57','[\"products\\/1.jpg\"]'),(29,4,11,4.00,'The best store template! Excellent coding! Very good support! Thank you so much for all the help, I really appreciated.','published','2023-03-05 23:42:57','2023-03-05 23:42:57','[\"products\\/2.jpg\",\"products\\/6.jpg\",\"products\\/20.jpg\"]'),(30,6,3,4.00,'As a developer I reviewed this script. This is really awesome ecommerce script. I have convinced when I noticed that it\'s built on fully WordPress concept.','published','2023-03-05 23:42:57','2023-03-05 23:42:57','[\"products\\/3.jpg\",\"products\\/7.jpg\"]'),(31,2,16,5.00,'Good app, good backup service and support. Good documentation.','published','2023-03-05 23:42:57','2023-03-05 23:42:57','[\"products\\/3.jpg\",\"products\\/7.jpg\",\"products\\/21.jpg\"]'),(32,3,23,5.00,'The best ecommerce CMS! Excellent coding! best support service! Thank you so much..... I really like your hard work.','published','2023-03-05 23:42:57','2023-03-05 23:42:57','[\"products\\/3.jpg\"]'),(33,5,1,1.00,'Good app, good backup service and support. Good documentation.','published','2023-03-05 23:42:57','2023-03-05 23:42:57','[\"products\\/3.jpg\"]'),(34,3,22,2.00,'The best ecommerce CMS! Excellent coding! best support service! Thank you so much..... I really like your hard work.','published','2023-03-05 23:42:57','2023-03-05 23:42:57','[\"products\\/1.jpg\"]'),(35,7,20,5.00,'Solution is too robust for our purpose so we didn\'t use it at the end. But I appreciate customer support during initial configuration.','published','2023-03-05 23:42:57','2023-03-05 23:42:57','{\"0\":\"products\\/1.jpg\",\"2\":\"products\\/18.jpg\"}'),(36,1,15,4.00,'We have received brilliant service support and will be expanding the features with the developer. Nice product!','published','2023-03-05 23:42:57','2023-03-05 23:42:57','[\"products\\/4.jpg\",\"products\\/7.jpg\",\"products\\/17.jpg\"]'),(37,6,10,5.00,'Those guys now what they are doing, the release such a good product that it\'s a pleasure to work with ! Even when I was stuck on the project, I created a ticket and the next day it was replied by the team. GOOD JOB guys. I love working with them :)','published','2023-03-05 23:42:57','2023-03-05 23:42:57','[\"products\\/3.jpg\",\"products\\/5.jpg\"]'),(38,1,16,4.00,'Customer Support are grade (A*), however the code is a way too over engineered for it\'s purpose.','published','2023-03-05 23:42:57','2023-03-05 23:42:57','[\"products\\/4.jpg\"]'),(39,9,10,4.00,'I Love this Script. I also found how to add other fees. Now I just wait the BIG update for the Marketplace with the Bulk Import. Just do not forget to make it to be Multi-language for us the Botble Fans.','published','2023-03-05 23:42:57','2023-03-05 23:42:57','[\"products\\/3.jpg\"]'),(40,9,19,3.00,'These guys are amazing! Responses immediately, amazing support and help... I immediately feel at ease after Purchasing..','published','2023-03-05 23:42:57','2023-03-05 23:42:57','[\"products\\/4.jpg\",\"products\\/7.jpg\",\"products\\/8.jpg\"]'),(41,3,13,4.00,'This script is well coded and is super fast. The support is pretty quick. Very patient and helpful team. I strongly recommend it and they deserve more than 5 stars.','published','2023-03-05 23:42:57','2023-03-05 23:42:57','[\"products\\/1.jpg\"]'),(43,1,18,4.00,'We have received brilliant service support and will be expanding the features with the developer. Nice product!','published','2023-03-05 23:42:57','2023-03-05 23:42:57','[\"products\\/1.jpg\"]'),(44,3,5,2.00,'Solution is too robust for our purpose so we didn\'t use it at the end. But I appreciate customer support during initial configuration.','published','2023-03-05 23:42:57','2023-03-05 23:42:57','[\"products\\/1.jpg\",\"products\\/7.jpg\"]'),(45,8,5,4.00,'Clean & perfect source code','published','2023-03-05 23:42:57','2023-03-05 23:42:57','[\"products\\/4.jpg\",\"products\\/5.jpg\",\"products\\/22.jpg\"]'),(46,10,21,5.00,'The script is the best of its class, fast, easy to implement and work with , and the most important thing is the great support team , Recommend with no doubt.','published','2023-03-05 23:42:57','2023-03-05 23:42:57','{\"0\":\"products\\/2.jpg\",\"2\":\"products\\/14.jpg\"}'),(47,2,13,1.00,'Great E-commerce system. And much more : Wonderful Customer Support.','published','2023-03-05 23:42:57','2023-03-05 23:42:57','[\"products\\/4.jpg\",\"products\\/6.jpg\"]'),(49,5,21,2.00,'The code is good, in general, if you like it, can you give it 5 stars?','published','2023-03-05 23:42:57','2023-03-05 23:42:57','[\"products\\/4.jpg\"]'),(50,2,15,3.00,'Great E-commerce system. And much more : Wonderful Customer Support.','published','2023-03-05 23:42:57','2023-03-05 23:42:57','[\"products\\/2.jpg\",\"products\\/6.jpg\"]'),(51,4,13,5.00,'The script is the best of its class, fast, easy to implement and work with , and the most important thing is the great support team , Recommend with no doubt.','published','2023-03-05 23:42:57','2023-03-05 23:42:57','[\"products\\/1.jpg\",\"products\\/5.jpg\"]'),(52,1,9,2.00,'Cool template. Excellent code quality. The support responds very quickly, which is very rare on themeforest and codecanyon.net, I buy a lot of templates, and everyone will have a response from technical support for two or three days. Thanks to tech support. I recommend to buy.','published','2023-03-05 23:42:57','2023-03-05 23:42:57','[\"products\\/1.jpg\",\"products\\/5.jpg\"]'),(54,8,12,3.00,'Perfect +++++++++ i love it really also i get to fast ticket answers... Thanks Lot BOTBLE Teams','published','2023-03-05 23:42:57','2023-03-05 23:42:57','{\"0\":\"products\\/1.jpg\",\"2\":\"products\\/21.jpg\"}'),(56,2,11,3.00,'Perfect +++++++++ i love it really also i get to fast ticket answers... Thanks Lot BOTBLE Teams','published','2023-03-05 23:42:57','2023-03-05 23:42:57','[\"products\\/1.jpg\",\"products\\/7.jpg\"]'),(57,7,9,4.00,'The best ecommerce CMS! Excellent coding! best support service! Thank you so much..... I really like your hard work.','published','2023-03-05 23:42:57','2023-03-05 23:42:57','[\"products\\/2.jpg\",\"products\\/7.jpg\"]'),(58,4,6,2.00,'Cool template. Excellent code quality. The support responds very quickly, which is very rare on themeforest and codecanyon.net, I buy a lot of templates, and everyone will have a response from technical support for two or three days. Thanks to tech support. I recommend to buy.','published','2023-03-05 23:42:57','2023-03-05 23:42:57','[\"products\\/1.jpg\",\"products\\/6.jpg\"]'),(59,4,8,4.00,'This script is well coded and is super fast. The support is pretty quick. Very patient and helpful team. I strongly recommend it and they deserve more than 5 stars.','published','2023-03-05 23:42:57','2023-03-05 23:42:57','[\"products\\/4.jpg\",\"products\\/7.jpg\",\"products\\/20.jpg\"]'),(60,9,1,4.00,'Perfect +++++++++ i love it really also i get to fast ticket answers... Thanks Lot BOTBLE Teams','published','2023-03-05 23:42:57','2023-03-05 23:42:57','[\"products\\/3.jpg\"]'),(61,10,14,2.00,'Solution is too robust for our purpose so we didn\'t use it at the end. But I appreciate customer support during initial configuration.','published','2023-03-05 23:42:57','2023-03-05 23:42:57','[\"products\\/2.jpg\",\"products\\/6.jpg\"]'),(63,4,23,5.00,'The best ecommerce CMS! Excellent coding! best support service! Thank you so much..... I really like your hard work.','published','2023-03-05 23:42:57','2023-03-05 23:42:57','[\"products\\/3.jpg\"]'),(64,9,9,1.00,'Customer Support are grade (A*), however the code is a way too over engineered for it\'s purpose.','published','2023-03-05 23:42:57','2023-03-05 23:42:57','[\"products\\/1.jpg\",\"products\\/7.jpg\"]'),(65,8,13,4.00,'I Love this Script. I also found how to add other fees. Now I just wait the BIG update for the Marketplace with the Bulk Import. Just do not forget to make it to be Multi-language for us the Botble Fans.','published','2023-03-05 23:42:57','2023-03-05 23:42:57','[\"products\\/1.jpg\",\"products\\/7.jpg\"]'),(66,8,14,5.00,'Amazing code, amazing support. Overall, im really confident in Botble and im happy I made the right choice! Thank you so much guys for coding this masterpiece','published','2023-03-05 23:42:57','2023-03-05 23:42:57','[\"products\\/3.jpg\",\"products\\/7.jpg\"]'),(67,8,1,4.00,'Great system, great support, good job Botble. I\'m looking forward to more great functional plugins.','published','2023-03-05 23:42:57','2023-03-05 23:42:57','[\"products\\/2.jpg\",\"products\\/6.jpg\"]'),(69,10,16,2.00,'Good app, good backup service and support. Good documentation.','published','2023-03-05 23:42:57','2023-03-05 23:42:57','[\"products\\/2.jpg\",\"products\\/5.jpg\",\"products\\/16.jpg\"]'),(70,4,5,2.00,'For me the best eCommerce script on Envato at this moment: modern, clean code, a lot of great features. The customer support is great too: I always get an answer within hours!','published','2023-03-05 23:42:57','2023-03-05 23:42:57','[\"products\\/2.jpg\",\"products\\/5.jpg\",\"products\\/15.jpg\"]'),(71,9,17,3.00,'Solution is too robust for our purpose so we didn\'t use it at the end. But I appreciate customer support during initial configuration.','published','2023-03-05 23:42:57','2023-03-05 23:42:57','[\"products\\/3.jpg\"]'),(72,10,3,3.00,'This web app is really good in design, code quality & features. Besides, the customer support provided by the Botble team was really fast & helpful. You guys are awesome!','published','2023-03-05 23:42:57','2023-03-05 23:42:57','[\"products\\/4.jpg\",\"products\\/6.jpg\"]'),(73,5,8,2.00,'Solution is too robust for our purpose so we didn\'t use it at the end. But I appreciate customer support during initial configuration.','published','2023-03-05 23:42:57','2023-03-05 23:42:57','[\"products\\/4.jpg\",\"products\\/5.jpg\",\"products\\/16.jpg\"]'),(75,6,8,4.00,'As a developer I reviewed this script. This is really awesome ecommerce script. I have convinced when I noticed that it\'s built on fully WordPress concept.','published','2023-03-05 23:42:57','2023-03-05 23:42:57','[\"products\\/2.jpg\"]'),(77,3,10,1.00,'The script is the best of its class, fast, easy to implement and work with , and the most important thing is the great support team , Recommend with no doubt.','published','2023-03-05 23:42:57','2023-03-05 23:42:57','[\"products\\/3.jpg\",\"products\\/7.jpg\",\"products\\/15.jpg\"]'),(78,9,7,5.00,'Amazing code, amazing support. Overall, im really confident in Botble and im happy I made the right choice! Thank you so much guys for coding this masterpiece','published','2023-03-05 23:42:57','2023-03-05 23:42:57','[\"products\\/4.jpg\",\"products\\/5.jpg\",\"products\\/22.jpg\"]'),(80,2,12,1.00,'Second or third time that I buy a Botble product, happy with the products and support. You guys do a good job :)','published','2023-03-05 23:42:57','2023-03-05 23:42:57','[\"products\\/4.jpg\",\"products\\/5.jpg\"]'),(81,8,8,2.00,'Cool template. Excellent code quality. The support responds very quickly, which is very rare on themeforest and codecanyon.net, I buy a lot of templates, and everyone will have a response from technical support for two or three days. Thanks to tech support. I recommend to buy.','published','2023-03-05 23:42:57','2023-03-05 23:42:57','[\"products\\/1.jpg\",\"products\\/5.jpg\"]'),(82,1,2,2.00,'This web app is really good in design, code quality & features. Besides, the customer support provided by the Botble team was really fast & helpful. You guys are awesome!','published','2023-03-05 23:42:57','2023-03-05 23:42:57','[\"products\\/2.jpg\"]'),(83,7,14,2.00,'Those guys now what they are doing, the release such a good product that it\'s a pleasure to work with ! Even when I was stuck on the project, I created a ticket and the next day it was replied by the team. GOOD JOB guys. I love working with them :)','published','2023-03-05 23:42:57','2023-03-05 23:42:57','[\"products\\/1.jpg\"]'),(88,5,20,5.00,'Those guys now what they are doing, the release such a good product that it\'s a pleasure to work with ! Even when I was stuck on the project, I created a ticket and the next day it was replied by the team. GOOD JOB guys. I love working with them :)','published','2023-03-05 23:42:57','2023-03-05 23:42:57','{\"0\":\"products\\/3.jpg\",\"2\":\"products\\/24.jpg\"}'),(90,1,23,1.00,'Best ecommerce CMS online store!','published','2023-03-05 23:42:57','2023-03-05 23:42:57','[\"products\\/4.jpg\",\"products\\/5.jpg\",\"products\\/17.jpg\"]'),(91,2,20,3.00,'Ok good product. I have some issues in customizations. But its not correct to blame the developer. The product is good. Good luck for your business.','published','2023-03-05 23:42:57','2023-03-05 23:42:57','[\"products\\/4.jpg\",\"products\\/7.jpg\",\"products\\/14.jpg\"]'),(92,4,4,4.00,'Amazing code, amazing support. Overall, im really confident in Botble and im happy I made the right choice! Thank you so much guys for coding this masterpiece','published','2023-03-05 23:42:57','2023-03-05 23:42:57','[\"products\\/2.jpg\",\"products\\/6.jpg\"]'),(93,5,5,5.00,'Great E-commerce system. And much more : Wonderful Customer Support.','published','2023-03-05 23:42:57','2023-03-05 23:42:57','[\"products\\/3.jpg\"]'),(94,2,6,5.00,'Those guys now what they are doing, the release such a good product that it\'s a pleasure to work with ! Even when I was stuck on the project, I created a ticket and the next day it was replied by the team. GOOD JOB guys. I love working with them :)','published','2023-03-05 23:42:57','2023-03-05 23:42:57','[\"products\\/1.jpg\",\"products\\/6.jpg\"]'),(95,3,20,2.00,'The best store template! Excellent coding! Very good support! Thank you so much for all the help, I really appreciated.','published','2023-03-05 23:42:57','2023-03-05 23:42:57','[\"products\\/4.jpg\",\"products\\/7.jpg\"]'),(96,10,17,5.00,'As a developer I reviewed this script. This is really awesome ecommerce script. I have convinced when I noticed that it\'s built on fully WordPress concept.','published','2023-03-05 23:42:57','2023-03-05 23:42:57','[\"products\\/3.jpg\"]'),(97,6,1,1.00,'Very enthusiastic support! Excellent code is written. It\'s a true pleasure working with.','published','2023-03-05 23:42:57','2023-03-05 23:42:57','[\"products\\/3.jpg\",\"products\\/7.jpg\"]'),(99,2,19,2.00,'The best store template! Excellent coding! Very good support! Thank you so much for all the help, I really appreciated.','published','2023-03-05 23:42:57','2023-03-05 23:42:57','[\"products\\/4.jpg\",\"products\\/7.jpg\"]'),(100,4,14,5.00,'As a developer I reviewed this script. This is really awesome ecommerce script. I have convinced when I noticed that it\'s built on fully WordPress concept.','published','2023-03-05 23:42:57','2023-03-05 23:42:57','{\"0\":\"products\\/3.jpg\",\"2\":\"products\\/21.jpg\"}');
/*!40000 ALTER TABLE `ec_reviews` ENABLE KEYS */;
UNLOCK TABLES;

--
-- Table structure for table `ec_shipment_histories`
--

DROP TABLE IF EXISTS `ec_shipment_histories`;
/*!40101 SET @saved_cs_client     = @@character_set_client */;
/*!50503 SET character_set_client = utf8mb4 */;
CREATE TABLE `ec_shipment_histories` (
  `id` bigint unsigned NOT NULL AUTO_INCREMENT,
  `action` varchar(120) CHARACTER SET utf8mb4 COLLATE utf8mb4_unicode_ci NOT NULL,
  `description` varchar(255) CHARACTER SET utf8mb4 COLLATE utf8mb4_unicode_ci NOT NULL,
  `user_id` bigint unsigned DEFAULT NULL,
  `shipment_id` bigint unsigned NOT NULL,
  `order_id` bigint unsigned NOT NULL,
  `created_at` timestamp NULL DEFAULT NULL,
  `updated_at` timestamp NULL DEFAULT NULL,
  PRIMARY KEY (`id`)
) ENGINE=InnoDB AUTO_INCREMENT=107 DEFAULT CHARSET=utf8mb4 COLLATE=utf8mb4_unicode_ci;
/*!40101 SET character_set_client = @saved_cs_client */;

--
-- Dumping data for table `ec_shipment_histories`
--

LOCK TABLES `ec_shipment_histories` WRITE;
/*!40000 ALTER TABLE `ec_shipment_histories` DISABLE KEYS */;
INSERT INTO `ec_shipment_histories` VALUES (1,'create_from_order','Shipping was created from order %order_id%',0,1,1,'2023-02-18 23:43:05','2023-02-18 23:43:05'),(2,'update_status','Changed status of shipping to: Approved. Updated by: %user_name%',0,1,1,'2023-03-04 07:43:05','2023-03-05 23:43:05'),(3,'create_from_order','Shipping was created from order %order_id%',0,2,2,'2023-03-04 07:43:05','2023-03-04 07:43:05'),(4,'update_status','Changed status of shipping to: Approved. Updated by: %user_name%',0,2,2,'2023-03-04 07:43:05','2023-03-05 23:43:05'),(5,'create_from_order','Shipping was created from order %order_id%',0,3,3,'2023-02-26 01:43:05','2023-02-26 01:43:05'),(6,'update_status','Changed status of shipping to: Approved. Updated by: %user_name%',0,3,3,'2023-03-04 09:43:05','2023-03-05 23:43:05'),(7,'update_status','Changed status of shipping to: Delivered. Updated by: %user_name%',0,3,3,'2023-03-05 23:43:05','2023-03-05 23:43:05'),(8,'create_from_order','Shipping was created from order %order_id%',0,4,4,'2023-02-22 21:43:05','2023-02-22 21:43:05'),(9,'update_status','Changed status of shipping to: Approved. Updated by: %user_name%',0,4,4,'2023-03-04 09:43:05','2023-03-05 23:43:05'),(10,'update_status','Changed status of shipping to: Delivered. Updated by: %user_name%',0,4,4,'2023-03-05 23:43:05','2023-03-05 23:43:05'),(11,'create_from_order','Shipping was created from order %order_id%',0,5,5,'2023-02-21 23:43:05','2023-02-21 23:43:05'),(12,'update_status','Changed status of shipping to: Approved. Updated by: %user_name%',0,5,5,'2023-03-04 11:43:05','2023-03-05 23:43:05'),(13,'update_status','Changed status of shipping to: Delivered. Updated by: %user_name%',0,5,5,'2023-03-05 23:43:05','2023-03-05 23:43:05'),(14,'create_from_order','Shipping was created from order %order_id%',0,6,6,'2023-02-23 11:43:05','2023-02-23 11:43:05'),(15,'update_status','Changed status of shipping to: Approved. Updated by: %user_name%',0,6,6,'2023-03-04 11:43:05','2023-03-05 23:43:05'),(16,'update_status','Changed status of shipping to: Delivered. Updated by: %user_name%',0,6,6,'2023-03-05 23:43:05','2023-03-05 23:43:05'),(17,'create_from_order','Shipping was created from order %order_id%',0,7,7,'2023-03-03 03:43:05','2023-03-03 03:43:05'),(18,'update_status','Changed status of shipping to: Approved. Updated by: %user_name%',0,7,7,'2023-03-04 13:43:05','2023-03-05 23:43:05'),(19,'update_cod_status','Updated COD status to Completed . Updated by: %user_name%',0,7,7,'2023-03-05 23:43:05','2023-03-05 23:43:05'),(20,'update_status','Changed status of shipping to: Delivered. Updated by: %user_name%',0,7,7,'2023-03-05 23:43:05','2023-03-05 23:43:05'),(21,'create_from_order','Shipping was created from order %order_id%',0,8,8,'2023-02-26 21:43:05','2023-02-26 21:43:05'),(22,'update_status','Changed status of shipping to: Approved. Updated by: %user_name%',0,8,8,'2023-03-04 13:43:05','2023-03-05 23:43:05'),(23,'update_cod_status','Updated COD status to Completed . Updated by: %user_name%',0,8,8,'2023-03-05 23:43:05','2023-03-05 23:43:05'),(24,'update_status','Changed status of shipping to: Delivered. Updated by: %user_name%',0,8,8,'2023-03-05 23:43:05','2023-03-05 23:43:05'),(25,'create_from_order','Shipping was created from order %order_id%',0,9,9,'2023-02-25 23:43:05','2023-02-25 23:43:05'),(26,'update_status','Changed status of shipping to: Approved. Updated by: %user_name%',0,9,9,'2023-03-04 15:43:05','2023-03-05 23:43:05'),(27,'update_status','Changed status of shipping to: Delivered. Updated by: %user_name%',0,9,9,'2023-03-05 23:43:05','2023-03-05 23:43:05'),(28,'create_from_order','Shipping was created from order %order_id%',0,10,10,'2023-03-03 11:43:05','2023-03-03 11:43:05'),(29,'update_status','Changed status of shipping to: Approved. Updated by: %user_name%',0,10,10,'2023-03-04 17:43:05','2023-03-05 23:43:05'),(30,'create_from_order','Shipping was created from order %order_id%',0,11,11,'2023-02-23 23:43:05','2023-02-23 23:43:05'),(31,'update_status','Changed status of shipping to: Approved. Updated by: %user_name%',0,11,11,'2023-03-04 17:43:05','2023-03-05 23:43:05'),(32,'update_status','Changed status of shipping to: Delivered. Updated by: %user_name%',0,11,11,'2023-03-05 23:43:05','2023-03-05 23:43:05'),(33,'create_from_order','Shipping was created from order %order_id%',0,12,12,'2023-02-22 17:43:05','2023-02-22 17:43:05'),(34,'update_status','Changed status of shipping to: Approved. Updated by: %user_name%',0,12,12,'2023-03-04 17:43:05','2023-03-05 23:43:05'),(35,'create_from_order','Shipping was created from order %order_id%',0,13,13,'2023-02-26 23:43:05','2023-02-26 23:43:05'),(36,'update_status','Changed status of shipping to: Approved. Updated by: %user_name%',0,13,13,'2023-03-04 19:43:05','2023-03-05 23:43:05'),(37,'update_status','Changed status of shipping to: Delivered. Updated by: %user_name%',0,13,13,'2023-03-05 23:43:05','2023-03-05 23:43:05'),(38,'create_from_order','Shipping was created from order %order_id%',0,14,14,'2023-02-25 19:43:05','2023-02-25 19:43:05'),(39,'update_status','Changed status of shipping to: Approved. Updated by: %user_name%',0,14,14,'2023-03-04 19:43:05','2023-03-05 23:43:05'),(40,'update_status','Changed status of shipping to: Delivered. Updated by: %user_name%',0,14,14,'2023-03-05 23:43:06','2023-03-05 23:43:06'),(41,'create_from_order','Shipping was created from order %order_id%',0,15,15,'2023-02-26 09:43:06','2023-02-26 09:43:06'),(42,'update_status','Changed status of shipping to: Approved. Updated by: %user_name%',0,15,15,'2023-03-04 21:43:06','2023-03-05 23:43:06'),(43,'update_status','Changed status of shipping to: Delivered. Updated by: %user_name%',0,15,15,'2023-03-05 23:43:06','2023-03-05 23:43:06'),(44,'create_from_order','Shipping was created from order %order_id%',0,16,16,'2023-02-24 23:43:06','2023-02-24 23:43:06'),(45,'update_status','Changed status of shipping to: Approved. Updated by: %user_name%',0,16,16,'2023-03-04 23:43:06','2023-03-05 23:43:06'),(46,'update_status','Changed status of shipping to: Delivered. Updated by: %user_name%',0,16,16,'2023-03-05 23:43:06','2023-03-05 23:43:06'),(47,'create_from_order','Shipping was created from order %order_id%',0,17,17,'2023-03-03 23:43:06','2023-03-03 23:43:06'),(48,'update_status','Changed status of shipping to: Approved. Updated by: %user_name%',0,17,17,'2023-03-04 23:43:06','2023-03-05 23:43:06'),(49,'create_from_order','Shipping was created from order %order_id%',0,18,18,'2023-02-23 23:43:06','2023-02-23 23:43:06'),(50,'update_status','Changed status of shipping to: Approved. Updated by: %user_name%',0,18,18,'2023-03-04 23:43:06','2023-03-05 23:43:06'),(51,'update_cod_status','Updated COD status to Completed . Updated by: %user_name%',0,18,18,'2023-03-05 23:43:06','2023-03-05 23:43:06'),(52,'update_status','Changed status of shipping to: Delivered. Updated by: %user_name%',0,18,18,'2023-03-05 23:43:06','2023-03-05 23:43:06'),(53,'create_from_order','Shipping was created from order %order_id%',0,19,19,'2023-02-27 13:43:06','2023-02-27 13:43:06'),(54,'update_status','Changed status of shipping to: Approved. Updated by: %user_name%',0,19,19,'2023-03-05 01:43:06','2023-03-05 23:43:06'),(55,'create_from_order','Shipping was created from order %order_id%',0,20,20,'2023-03-03 05:43:06','2023-03-03 05:43:06'),(56,'update_status','Changed status of shipping to: Approved. Updated by: %user_name%',0,20,20,'2023-03-05 01:43:06','2023-03-05 23:43:06'),(57,'update_status','Changed status of shipping to: Delivered. Updated by: %user_name%',0,20,20,'2023-03-05 23:43:06','2023-03-05 23:43:06'),(58,'create_from_order','Shipping was created from order %order_id%',0,21,21,'2023-02-26 11:43:06','2023-02-26 11:43:06'),(59,'update_status','Changed status of shipping to: Approved. Updated by: %user_name%',0,21,21,'2023-03-05 03:43:06','2023-03-05 23:43:06'),(60,'create_from_order','Shipping was created from order %order_id%',0,22,22,'2023-03-01 11:43:06','2023-03-01 11:43:06'),(61,'update_status','Changed status of shipping to: Approved. Updated by: %user_name%',0,22,22,'2023-03-05 05:43:06','2023-03-05 23:43:06'),(62,'update_status','Changed status of shipping to: Delivered. Updated by: %user_name%',0,22,22,'2023-03-05 23:43:06','2023-03-05 23:43:06'),(63,'create_from_order','Shipping was created from order %order_id%',0,23,23,'2023-02-27 23:43:06','2023-02-27 23:43:06'),(64,'update_status','Changed status of shipping to: Approved. Updated by: %user_name%',0,23,23,'2023-03-05 07:43:06','2023-03-05 23:43:06'),(65,'update_status','Changed status of shipping to: Delivered. Updated by: %user_name%',0,23,23,'2023-03-05 23:43:06','2023-03-05 23:43:06'),(66,'create_from_order','Shipping was created from order %order_id%',0,24,24,'2023-03-03 23:43:06','2023-03-03 23:43:06'),(67,'update_status','Changed status of shipping to: Approved. Updated by: %user_name%',0,24,24,'2023-03-05 07:43:06','2023-03-05 23:43:06'),(68,'update_status','Changed status of shipping to: Delivered. Updated by: %user_name%',0,24,24,'2023-03-05 23:43:06','2023-03-05 23:43:06'),(69,'create_from_order','Shipping was created from order %order_id%',0,25,25,'2023-03-05 07:43:06','2023-03-05 07:43:06'),(70,'update_status','Changed status of shipping to: Approved. Updated by: %user_name%',0,25,25,'2023-03-05 07:43:06','2023-03-05 23:43:06'),(71,'update_status','Changed status of shipping to: Delivered. Updated by: %user_name%',0,25,25,'2023-03-05 23:43:06','2023-03-05 23:43:06'),(72,'create_from_order','Shipping was created from order %order_id%',0,26,26,'2023-03-01 21:43:06','2023-03-01 21:43:06'),(73,'update_status','Changed status of shipping to: Approved. Updated by: %user_name%',0,26,26,'2023-03-05 09:43:06','2023-03-05 23:43:06'),(74,'create_from_order','Shipping was created from order %order_id%',0,27,27,'2023-03-03 11:43:06','2023-03-03 11:43:06'),(75,'update_status','Changed status of shipping to: Approved. Updated by: %user_name%',0,27,27,'2023-03-05 11:43:06','2023-03-05 23:43:06'),(76,'create_from_order','Shipping was created from order %order_id%',0,28,28,'2023-03-05 11:43:06','2023-03-05 11:43:06'),(77,'update_status','Changed status of shipping to: Approved. Updated by: %user_name%',0,28,28,'2023-03-05 11:43:06','2023-03-05 23:43:06'),(78,'update_status','Changed status of shipping to: Delivered. Updated by: %user_name%',0,28,28,'2023-03-05 23:43:06','2023-03-05 23:43:06'),(79,'create_from_order','Shipping was created from order %order_id%',0,29,29,'2023-03-04 07:43:06','2023-03-04 07:43:06'),(80,'update_status','Changed status of shipping to: Approved. Updated by: %user_name%',0,29,29,'2023-03-05 13:43:06','2023-03-05 23:43:06'),(81,'create_from_order','Shipping was created from order %order_id%',0,30,30,'2023-03-02 15:43:06','2023-03-02 15:43:06'),(82,'update_status','Changed status of shipping to: Approved. Updated by: %user_name%',0,30,30,'2023-03-05 13:43:06','2023-03-05 23:43:06'),(83,'update_status','Changed status of shipping to: Delivered. Updated by: %user_name%',0,30,30,'2023-03-05 23:43:06','2023-03-05 23:43:06'),(84,'create_from_order','Shipping was created from order %order_id%',0,31,31,'2023-03-03 15:43:06','2023-03-03 15:43:06'),(85,'update_status','Changed status of shipping to: Approved. Updated by: %user_name%',0,31,31,'2023-03-05 15:43:06','2023-03-05 23:43:06'),(86,'update_status','Changed status of shipping to: Delivered. Updated by: %user_name%',0,31,31,'2023-03-05 23:43:06','2023-03-05 23:43:06'),(87,'create_from_order','Shipping was created from order %order_id%',0,32,32,'2023-03-05 07:43:06','2023-03-05 07:43:06'),(88,'update_status','Changed status of shipping to: Approved. Updated by: %user_name%',0,32,32,'2023-03-05 15:43:06','2023-03-05 23:43:06'),(89,'create_from_order','Shipping was created from order %order_id%',0,33,33,'2023-03-05 15:43:06','2023-03-05 15:43:06'),(90,'update_status','Changed status of shipping to: Approved. Updated by: %user_name%',0,33,33,'2023-03-05 15:43:06','2023-03-05 23:43:06'),(91,'update_status','Changed status of shipping to: Delivered. Updated by: %user_name%',0,33,33,'2023-03-05 23:43:06','2023-03-05 23:43:06'),(92,'create_from_order','Shipping was created from order %order_id%',0,34,34,'2023-03-03 11:43:06','2023-03-03 11:43:06'),(93,'update_status','Changed status of shipping to: Approved. Updated by: %user_name%',0,34,34,'2023-03-05 17:43:06','2023-03-05 23:43:06'),(94,'create_from_order','Shipping was created from order %order_id%',0,35,35,'2023-03-04 17:43:06','2023-03-04 17:43:06'),(95,'update_status','Changed status of shipping to: Approved. Updated by: %user_name%',0,35,35,'2023-03-05 17:43:06','2023-03-05 23:43:06'),(96,'update_status','Changed status of shipping to: Delivered. Updated by: %user_name%',0,35,35,'2023-03-05 23:43:06','2023-03-05 23:43:06'),(97,'create_from_order','Shipping was created from order %order_id%',0,36,36,'2023-03-03 11:43:06','2023-03-03 11:43:06'),(98,'update_status','Changed status of shipping to: Approved. Updated by: %user_name%',0,36,36,'2023-03-05 17:43:06','2023-03-05 23:43:06'),(99,'create_from_order','Shipping was created from order %order_id%',0,37,37,'2023-03-05 11:43:06','2023-03-05 11:43:06'),(100,'update_status','Changed status of shipping to: Approved. Updated by: %user_name%',0,37,37,'2023-03-05 19:43:07','2023-03-05 23:43:07'),(101,'update_status','Changed status of shipping to: Delivered. Updated by: %user_name%',0,37,37,'2023-03-05 23:43:07','2023-03-05 23:43:07'),(102,'create_from_order','Shipping was created from order %order_id%',0,38,38,'2023-03-05 09:43:07','2023-03-05 09:43:07'),(103,'update_status','Changed status of shipping to: Approved. Updated by: %user_name%',0,38,38,'2023-03-05 21:43:07','2023-03-05 23:43:07'),(104,'create_from_order','Shipping was created from order %order_id%',0,39,39,'2023-03-05 05:43:07','2023-03-05 05:43:07'),(105,'update_status','Changed status of shipping to: Approved. Updated by: %user_name%',0,39,39,'2023-03-05 21:43:07','2023-03-05 23:43:07'),(106,'update_status','Changed status of shipping to: Delivered. Updated by: %user_name%',0,39,39,'2023-03-05 23:43:07','2023-03-05 23:43:07');
/*!40000 ALTER TABLE `ec_shipment_histories` ENABLE KEYS */;
UNLOCK TABLES;

--
-- Table structure for table `ec_shipments`
--

DROP TABLE IF EXISTS `ec_shipments`;
/*!40101 SET @saved_cs_client     = @@character_set_client */;
/*!50503 SET character_set_client = utf8mb4 */;
CREATE TABLE `ec_shipments` (
  `id` bigint unsigned NOT NULL AUTO_INCREMENT,
  `order_id` bigint unsigned NOT NULL,
  `user_id` bigint unsigned DEFAULT NULL,
  `weight` double(8,2) DEFAULT '0.00',
  `shipment_id` varchar(120) CHARACTER SET utf8mb4 COLLATE utf8mb4_unicode_ci DEFAULT NULL,
  `rate_id` varchar(120) CHARACTER SET utf8mb4 COLLATE utf8mb4_unicode_ci DEFAULT NULL,
  `note` varchar(120) CHARACTER SET utf8mb4 COLLATE utf8mb4_unicode_ci DEFAULT NULL,
  `status` varchar(120) CHARACTER SET utf8mb4 COLLATE utf8mb4_unicode_ci NOT NULL DEFAULT 'pending',
  `cod_amount` decimal(15,2) DEFAULT '0.00',
  `cod_status` varchar(60) CHARACTER SET utf8mb4 COLLATE utf8mb4_unicode_ci NOT NULL DEFAULT 'pending',
  `cross_checking_status` varchar(60) CHARACTER SET utf8mb4 COLLATE utf8mb4_unicode_ci NOT NULL DEFAULT 'pending',
  `price` decimal(15,2) DEFAULT '0.00',
  `store_id` bigint unsigned DEFAULT NULL,
  `created_at` timestamp NULL DEFAULT NULL,
  `updated_at` timestamp NULL DEFAULT NULL,
  `tracking_id` varchar(191) CHARACTER SET utf8mb4 COLLATE utf8mb4_unicode_ci DEFAULT NULL,
  `shipping_company_name` varchar(191) CHARACTER SET utf8mb4 COLLATE utf8mb4_unicode_ci DEFAULT NULL,
  `tracking_link` varchar(191) CHARACTER SET utf8mb4 COLLATE utf8mb4_unicode_ci DEFAULT NULL,
  `estimate_date_shipped` datetime DEFAULT NULL,
  `date_shipped` datetime DEFAULT NULL,
  `label_url` text CHARACTER SET utf8mb4 COLLATE utf8mb4_unicode_ci,
  `metadata` mediumtext CHARACTER SET utf8mb4 COLLATE utf8mb4_unicode_ci,
  PRIMARY KEY (`id`)
) ENGINE=InnoDB AUTO_INCREMENT=40 DEFAULT CHARSET=utf8mb4 COLLATE=utf8mb4_unicode_ci;
/*!40101 SET character_set_client = @saved_cs_client */;

--
-- Dumping data for table `ec_shipments`
--

LOCK TABLES `ec_shipments` WRITE;
/*!40000 ALTER TABLE `ec_shipments` DISABLE KEYS */;
INSERT INTO `ec_shipments` VALUES (1,1,NULL,1070.00,NULL,NULL,'','approved',0.00,'completed','pending',0.00,0,'2023-03-05 23:43:05','2023-03-05 23:43:05','JJD0082316540','FastShipping','https://mydhl.express.dhl/us/en/tracking.html#/track-by-reference','2023-03-10 06:43:05',NULL,NULL,NULL),(2,2,NULL,1642.00,NULL,NULL,'','approved',0.00,'completed','pending',0.00,0,'2023-03-05 23:43:05','2023-03-05 23:43:05','JJD0093749297','FastShipping','https://mydhl.express.dhl/us/en/tracking.html#/track-by-reference','2023-03-16 06:43:05',NULL,NULL,NULL),(3,3,NULL,1578.00,NULL,NULL,'','delivered',0.00,'completed','pending',0.00,0,'2023-03-05 23:43:05','2023-03-05 23:43:05','JJD0033252716','FastShipping','https://mydhl.express.dhl/us/en/tracking.html#/track-by-reference','2023-03-11 06:43:05','2023-03-06 06:43:05',NULL,NULL),(4,4,NULL,2523.00,NULL,NULL,'','delivered',0.00,'completed','pending',0.00,0,'2023-03-05 23:43:05','2023-03-05 23:43:05','JJD009691103','AliExpress','https://mydhl.express.dhl/us/en/tracking.html#/track-by-reference','2023-03-14 06:43:05','2023-03-06 06:43:05',NULL,NULL),(5,5,NULL,872.00,NULL,NULL,'','delivered',0.00,'completed','pending',0.00,0,'2023-03-05 23:43:05','2023-03-05 23:43:05','JJD0097641558','AliExpress','https://mydhl.express.dhl/us/en/tracking.html#/track-by-reference','2023-03-16 06:43:05','2023-03-06 06:43:05',NULL,NULL),(6,6,NULL,2259.00,NULL,NULL,'','delivered',0.00,'completed','pending',0.00,0,'2023-03-05 23:43:05','2023-03-05 23:43:05','JJD0014160037','AliExpress','https://mydhl.express.dhl/us/en/tracking.html#/track-by-reference','2023-03-12 06:43:05','2023-03-06 06:43:05',NULL,NULL),(7,7,NULL,2061.00,NULL,NULL,'','delivered',180.00,'completed','pending',0.00,0,'2023-03-05 23:43:05','2023-03-05 23:43:05','JJD0097527716','DHL','https://mydhl.express.dhl/us/en/tracking.html#/track-by-reference','2023-03-11 06:43:05','2023-03-06 06:43:05',NULL,NULL),(8,8,NULL,1536.00,NULL,NULL,'','delivered',384.00,'completed','pending',0.00,0,'2023-03-05 23:43:05','2023-03-05 23:43:05','JJD0038492940','GHN','https://mydhl.express.dhl/us/en/tracking.html#/track-by-reference','2023-03-13 06:43:05','2023-03-06 06:43:05',NULL,NULL),(9,9,NULL,3513.00,NULL,NULL,'','delivered',0.00,'completed','pending',0.00,0,'2023-03-05 23:43:05','2023-03-05 23:43:05','JJD0069031960','DHL','https://mydhl.express.dhl/us/en/tracking.html#/track-by-reference','2023-03-13 06:43:05','2023-03-06 06:43:05',NULL,NULL),(10,10,NULL,899.00,NULL,NULL,'','approved',290.00,'pending','pending',0.00,0,'2023-03-05 23:43:05','2023-03-05 23:43:05','JJD0087195843','AliExpress','https://mydhl.express.dhl/us/en/tracking.html#/track-by-reference','2023-03-14 06:43:05',NULL,NULL,NULL),(11,11,NULL,642.00,NULL,NULL,'','delivered',0.00,'completed','pending',0.00,0,'2023-03-05 23:43:05','2023-03-05 23:43:05','JJD0073317979','FastShipping','https://mydhl.express.dhl/us/en/tracking.html#/track-by-reference','2023-03-11 06:43:05','2023-03-06 06:43:05',NULL,NULL),(12,12,NULL,1866.00,NULL,NULL,'','approved',0.00,'completed','pending',0.00,0,'2023-03-05 23:43:05','2023-03-05 23:43:05','JJD0095044020','FastShipping','https://mydhl.express.dhl/us/en/tracking.html#/track-by-reference','2023-03-08 06:43:05',NULL,NULL,NULL),(13,13,NULL,2122.00,NULL,NULL,'','delivered',0.00,'completed','pending',0.00,0,'2023-03-05 23:43:05','2023-03-05 23:43:05','JJD0063947189','AliExpress','https://mydhl.express.dhl/us/en/tracking.html#/track-by-reference','2023-03-10 06:43:05','2023-03-06 06:43:05',NULL,NULL),(14,14,NULL,1104.00,NULL,NULL,'','delivered',0.00,'completed','pending',0.00,0,'2023-03-05 23:43:05','2023-03-05 23:43:05','JJD008277560','AliExpress','https://mydhl.express.dhl/us/en/tracking.html#/track-by-reference','2023-03-13 06:43:05','2023-03-06 06:43:05',NULL,NULL),(15,15,NULL,3192.00,NULL,NULL,'','delivered',0.00,'completed','pending',0.00,0,'2023-03-05 23:43:06','2023-03-05 23:43:06','JJD0066984554','AliExpress','https://mydhl.express.dhl/us/en/tracking.html#/track-by-reference','2023-03-16 06:43:06','2023-03-06 06:43:06',NULL,NULL),(16,16,NULL,687.00,NULL,NULL,'','delivered',0.00,'completed','pending',0.00,0,'2023-03-05 23:43:06','2023-03-05 23:43:06','JJD0088983831','GHN','https://mydhl.express.dhl/us/en/tracking.html#/track-by-reference','2023-03-16 06:43:06','2023-03-06 06:43:06',NULL,NULL),(17,17,NULL,1284.00,NULL,NULL,'','approved',0.00,'completed','pending',0.00,0,'2023-03-05 23:43:06','2023-03-05 23:43:06','JJD0048276873','FastShipping','https://mydhl.express.dhl/us/en/tracking.html#/track-by-reference','2023-03-09 06:43:06',NULL,NULL,NULL),(18,18,NULL,2268.00,NULL,NULL,'','delivered',336.00,'completed','pending',0.00,0,'2023-03-05 23:43:06','2023-03-05 23:43:06','JJD0078383101','GHN','https://mydhl.express.dhl/us/en/tracking.html#/track-by-reference','2023-03-08 06:43:06','2023-03-06 06:43:06',NULL,NULL),(19,19,NULL,526.00,NULL,NULL,'','approved',0.00,'completed','pending',0.00,0,'2023-03-05 23:43:06','2023-03-05 23:43:06','JJD0067285250','FastShipping','https://mydhl.express.dhl/us/en/tracking.html#/track-by-reference','2023-03-13 06:43:06',NULL,NULL,NULL),(20,20,NULL,4767.00,NULL,NULL,'','delivered',0.00,'completed','pending',0.00,0,'2023-03-05 23:43:06','2023-03-05 23:43:06','JJD0037008173','FastShipping','https://mydhl.express.dhl/us/en/tracking.html#/track-by-reference','2023-03-08 06:43:06','2023-03-06 06:43:06',NULL,NULL),(21,21,NULL,2629.00,NULL,NULL,'','approved',601.00,'pending','pending',0.00,0,'2023-03-05 23:43:06','2023-03-05 23:43:06','JJD0058651993','AliExpress','https://mydhl.express.dhl/us/en/tracking.html#/track-by-reference','2023-03-16 06:43:06',NULL,NULL,NULL),(22,22,NULL,1535.00,NULL,NULL,'','delivered',0.00,'completed','pending',0.00,0,'2023-03-05 23:43:06','2023-03-05 23:43:06','JJD0069907736','GHN','https://mydhl.express.dhl/us/en/tracking.html#/track-by-reference','2023-03-15 06:43:06','2023-03-06 06:43:06',NULL,NULL),(23,23,NULL,1578.00,NULL,NULL,'','delivered',0.00,'completed','pending',0.00,0,'2023-03-05 23:43:06','2023-03-05 23:43:06','JJD0069876680','DHL','https://mydhl.express.dhl/us/en/tracking.html#/track-by-reference','2023-03-16 06:43:06','2023-03-06 06:43:06',NULL,NULL),(24,24,NULL,1536.00,NULL,NULL,'','delivered',0.00,'completed','pending',0.00,0,'2023-03-05 23:43:06','2023-03-05 23:43:06','JJD0013851877','AliExpress','https://mydhl.express.dhl/us/en/tracking.html#/track-by-reference','2023-03-13 06:43:06','2023-03-06 06:43:06',NULL,NULL),(25,25,NULL,1642.00,NULL,NULL,'','delivered',0.00,'completed','pending',0.00,0,'2023-03-05 23:43:06','2023-03-05 23:43:06','JJD0040081106','AliExpress','https://mydhl.express.dhl/us/en/tracking.html#/track-by-reference','2023-03-15 06:43:06','2023-03-06 06:43:06',NULL,NULL),(26,26,NULL,2559.00,NULL,NULL,'','approved',0.00,'completed','pending',0.00,0,'2023-03-05 23:43:06','2023-03-05 23:43:06','JJD0029928778','DHL','https://mydhl.express.dhl/us/en/tracking.html#/track-by-reference','2023-03-11 06:43:06',NULL,NULL,NULL),(27,27,NULL,1696.00,NULL,NULL,'','approved',226.00,'pending','pending',0.00,0,'2023-03-05 23:43:06','2023-03-05 23:43:06','JJD0055785717','FastShipping','https://mydhl.express.dhl/us/en/tracking.html#/track-by-reference','2023-03-16 06:43:06',NULL,NULL,NULL),(28,28,NULL,686.00,NULL,NULL,'','delivered',0.00,'completed','pending',0.00,0,'2023-03-05 23:43:06','2023-03-05 23:43:06','JJD0018050849','DHL','https://mydhl.express.dhl/us/en/tracking.html#/track-by-reference','2023-03-13 06:43:06','2023-03-06 06:43:06',NULL,NULL),(29,29,NULL,2061.00,NULL,NULL,'','approved',0.00,'completed','pending',0.00,0,'2023-03-05 23:43:06','2023-03-05 23:43:06','JJD0034168376','DHL','https://mydhl.express.dhl/us/en/tracking.html#/track-by-reference','2023-03-15 06:43:06',NULL,NULL,NULL),(30,30,NULL,4317.00,NULL,NULL,'','delivered',0.00,'completed','pending',0.00,0,'2023-03-05 23:43:06','2023-03-05 23:43:06','JJD0028931202','DHL','https://mydhl.express.dhl/us/en/tracking.html#/track-by-reference','2023-03-10 06:43:06','2023-03-06 06:43:06',NULL,NULL),(31,31,NULL,687.00,NULL,NULL,'','delivered',0.00,'completed','pending',0.00,0,'2023-03-05 23:43:06','2023-03-05 23:43:06','JJD0035049676','AliExpress','https://mydhl.express.dhl/us/en/tracking.html#/track-by-reference','2023-03-08 06:43:06','2023-03-06 06:43:06',NULL,NULL),(32,32,NULL,872.00,NULL,NULL,'','approved',0.00,'completed','pending',0.00,0,'2023-03-05 23:43:06','2023-03-05 23:43:06','JJD0062074694','DHL','https://mydhl.express.dhl/us/en/tracking.html#/track-by-reference','2023-03-08 06:43:06',NULL,NULL,NULL),(33,33,NULL,2463.00,NULL,NULL,'','delivered',0.00,'completed','pending',0.00,0,'2023-03-05 23:43:06','2023-03-05 23:43:06','JJD0087723203','FastShipping','https://mydhl.express.dhl/us/en/tracking.html#/track-by-reference','2023-03-14 06:43:06','2023-03-06 06:43:06',NULL,NULL),(34,34,NULL,1442.00,NULL,NULL,'','approved',0.00,'completed','pending',0.00,0,'2023-03-05 23:43:06','2023-03-05 23:43:06','JJD0083301926','FastShipping','https://mydhl.express.dhl/us/en/tracking.html#/track-by-reference','2023-03-09 06:43:06',NULL,NULL,NULL),(35,35,NULL,1338.00,NULL,NULL,'','delivered',0.00,'completed','pending',0.00,0,'2023-03-05 23:43:06','2023-03-05 23:43:06','JJD0072298480','AliExpress','https://mydhl.express.dhl/us/en/tracking.html#/track-by-reference','2023-03-16 06:43:06','2023-03-06 06:43:06',NULL,NULL),(36,36,NULL,1682.00,NULL,NULL,'','approved',0.00,'completed','pending',0.00,0,'2023-03-05 23:43:06','2023-03-05 23:43:06','JJD0078670597','DHL','https://mydhl.express.dhl/us/en/tracking.html#/track-by-reference','2023-03-14 06:43:06',NULL,NULL,NULL),(37,37,NULL,3361.00,NULL,NULL,'','delivered',0.00,'completed','pending',0.00,0,'2023-03-05 23:43:07','2023-03-05 23:43:07','JJD0031868557','GHN','https://mydhl.express.dhl/us/en/tracking.html#/track-by-reference','2023-03-15 06:43:07','2023-03-06 06:43:07',NULL,NULL),(38,38,NULL,899.00,NULL,NULL,'','approved',0.00,'completed','pending',0.00,0,'2023-03-05 23:43:07','2023-03-05 23:43:07','JJD0026423736','GHN','https://mydhl.express.dhl/us/en/tracking.html#/track-by-reference','2023-03-11 06:43:07',NULL,NULL,NULL),(39,39,NULL,2747.00,NULL,NULL,'','delivered',0.00,'completed','pending',0.00,0,'2023-03-05 23:43:07','2023-03-05 23:43:07','JJD0091570844','FastShipping','https://mydhl.express.dhl/us/en/tracking.html#/track-by-reference','2023-03-10 06:43:07','2023-03-06 06:43:07',NULL,NULL);
/*!40000 ALTER TABLE `ec_shipments` ENABLE KEYS */;
UNLOCK TABLES;

--
-- Table structure for table `ec_shipping`
--

DROP TABLE IF EXISTS `ec_shipping`;
/*!40101 SET @saved_cs_client     = @@character_set_client */;
/*!50503 SET character_set_client = utf8mb4 */;
CREATE TABLE `ec_shipping` (
  `id` bigint unsigned NOT NULL AUTO_INCREMENT,
  `title` varchar(191) CHARACTER SET utf8mb4 COLLATE utf8mb4_unicode_ci DEFAULT NULL,
  `country` varchar(120) CHARACTER SET utf8mb4 COLLATE utf8mb4_unicode_ci DEFAULT NULL,
  `created_at` timestamp NULL DEFAULT NULL,
  `updated_at` timestamp NULL DEFAULT NULL,
  PRIMARY KEY (`id`)
) ENGINE=InnoDB AUTO_INCREMENT=2 DEFAULT CHARSET=utf8mb4 COLLATE=utf8mb4_unicode_ci;
/*!40101 SET character_set_client = @saved_cs_client */;

--
-- Dumping data for table `ec_shipping`
--

LOCK TABLES `ec_shipping` WRITE;
/*!40000 ALTER TABLE `ec_shipping` DISABLE KEYS */;
INSERT INTO `ec_shipping` VALUES (1,'All',NULL,'2023-03-05 23:42:57','2023-03-05 23:42:57');
/*!40000 ALTER TABLE `ec_shipping` ENABLE KEYS */;
UNLOCK TABLES;

--
-- Table structure for table `ec_shipping_rule_items`
--

DROP TABLE IF EXISTS `ec_shipping_rule_items`;
/*!40101 SET @saved_cs_client     = @@character_set_client */;
/*!50503 SET character_set_client = utf8mb4 */;
CREATE TABLE `ec_shipping_rule_items` (
  `id` bigint unsigned NOT NULL AUTO_INCREMENT,
  `shipping_rule_id` bigint unsigned NOT NULL,
  `country` varchar(120) CHARACTER SET utf8mb4 COLLATE utf8mb4_unicode_ci DEFAULT NULL,
  `state` varchar(120) CHARACTER SET utf8mb4 COLLATE utf8mb4_unicode_ci DEFAULT NULL,
  `city` varchar(120) CHARACTER SET utf8mb4 COLLATE utf8mb4_unicode_ci DEFAULT NULL,
  `zip_code` varchar(20) CHARACTER SET utf8mb4 COLLATE utf8mb4_unicode_ci DEFAULT NULL,
  `adjustment_price` decimal(15,2) DEFAULT '0.00',
  `is_enabled` tinyint(1) NOT NULL DEFAULT '1',
  `created_at` timestamp NULL DEFAULT NULL,
  `updated_at` timestamp NULL DEFAULT NULL,
  PRIMARY KEY (`id`)
) ENGINE=InnoDB DEFAULT CHARSET=utf8mb4 COLLATE=utf8mb4_unicode_ci;
/*!40101 SET character_set_client = @saved_cs_client */;

--
-- Dumping data for table `ec_shipping_rule_items`
--

LOCK TABLES `ec_shipping_rule_items` WRITE;
/*!40000 ALTER TABLE `ec_shipping_rule_items` DISABLE KEYS */;
/*!40000 ALTER TABLE `ec_shipping_rule_items` ENABLE KEYS */;
UNLOCK TABLES;

--
-- Table structure for table `ec_shipping_rules`
--

DROP TABLE IF EXISTS `ec_shipping_rules`;
/*!40101 SET @saved_cs_client     = @@character_set_client */;
/*!50503 SET character_set_client = utf8mb4 */;
CREATE TABLE `ec_shipping_rules` (
  `id` bigint unsigned NOT NULL AUTO_INCREMENT,
  `name` varchar(120) CHARACTER SET utf8mb4 COLLATE utf8mb4_unicode_ci NOT NULL,
  `shipping_id` bigint unsigned NOT NULL,
  `type` varchar(24) CHARACTER SET utf8mb4 COLLATE utf8mb4_unicode_ci DEFAULT 'based_on_price',
  `from` decimal(15,2) DEFAULT '0.00',
  `to` decimal(15,2) DEFAULT '0.00',
  `price` decimal(15,2) DEFAULT '0.00',
  `created_at` timestamp NULL DEFAULT NULL,
  `updated_at` timestamp NULL DEFAULT NULL,
  PRIMARY KEY (`id`)
) ENGINE=InnoDB AUTO_INCREMENT=2 DEFAULT CHARSET=utf8mb4 COLLATE=utf8mb4_unicode_ci;
/*!40101 SET character_set_client = @saved_cs_client */;

--
-- Dumping data for table `ec_shipping_rules`
--

LOCK TABLES `ec_shipping_rules` WRITE;
/*!40000 ALTER TABLE `ec_shipping_rules` DISABLE KEYS */;
INSERT INTO `ec_shipping_rules` VALUES (1,'Free delivery',1,'based_on_price',0.00,NULL,0.00,'2023-03-05 23:42:57','2023-03-05 23:42:57');
/*!40000 ALTER TABLE `ec_shipping_rules` ENABLE KEYS */;
UNLOCK TABLES;

--
-- Table structure for table `ec_store_locators`
--

DROP TABLE IF EXISTS `ec_store_locators`;
/*!40101 SET @saved_cs_client     = @@character_set_client */;
/*!50503 SET character_set_client = utf8mb4 */;
CREATE TABLE `ec_store_locators` (
  `id` bigint unsigned NOT NULL AUTO_INCREMENT,
  `name` varchar(60) CHARACTER SET utf8mb4 COLLATE utf8mb4_unicode_ci NOT NULL,
  `email` varchar(60) CHARACTER SET utf8mb4 COLLATE utf8mb4_unicode_ci DEFAULT NULL,
  `phone` varchar(20) CHARACTER SET utf8mb4 COLLATE utf8mb4_unicode_ci NOT NULL,
  `address` varchar(255) CHARACTER SET utf8mb4 COLLATE utf8mb4_unicode_ci NOT NULL,
  `country` varchar(120) CHARACTER SET utf8mb4 COLLATE utf8mb4_unicode_ci DEFAULT NULL,
  `state` varchar(120) CHARACTER SET utf8mb4 COLLATE utf8mb4_unicode_ci DEFAULT NULL,
  `city` varchar(120) CHARACTER SET utf8mb4 COLLATE utf8mb4_unicode_ci DEFAULT NULL,
  `is_primary` tinyint(1) DEFAULT '0',
  `is_shipping_location` tinyint(1) DEFAULT '1',
  `created_at` timestamp NULL DEFAULT NULL,
  `updated_at` timestamp NULL DEFAULT NULL,
  PRIMARY KEY (`id`)
) ENGINE=InnoDB AUTO_INCREMENT=2 DEFAULT CHARSET=utf8mb4 COLLATE=utf8mb4_unicode_ci;
/*!40101 SET character_set_client = @saved_cs_client */;

--
-- Dumping data for table `ec_store_locators`
--

LOCK TABLES `ec_store_locators` WRITE;
/*!40000 ALTER TABLE `ec_store_locators` DISABLE KEYS */;
INSERT INTO `ec_store_locators` VALUES (1,'Food Hive','sales@example.com','18006268','North Link Building, 10 Admiralty Street','SG','Singapore','Singapore',1,1,'2023-03-05 23:42:57','2023-06-15 08:48:06');
/*!40000 ALTER TABLE `ec_store_locators` ENABLE KEYS */;
UNLOCK TABLES;

--
-- Table structure for table `ec_tax_products`
--

DROP TABLE IF EXISTS `ec_tax_products`;
/*!40101 SET @saved_cs_client     = @@character_set_client */;
/*!50503 SET character_set_client = utf8mb4 */;
CREATE TABLE `ec_tax_products` (
  `tax_id` bigint unsigned NOT NULL,
  `product_id` bigint unsigned NOT NULL,
  PRIMARY KEY (`product_id`,`tax_id`),
  KEY `ec_tax_products_tax_id_index` (`tax_id`),
  KEY `ec_tax_products_product_id_index` (`product_id`)
) ENGINE=InnoDB DEFAULT CHARSET=utf8mb4 COLLATE=utf8mb4_unicode_ci;
/*!40101 SET character_set_client = @saved_cs_client */;

--
-- Dumping data for table `ec_tax_products`
--

LOCK TABLES `ec_tax_products` WRITE;
/*!40000 ALTER TABLE `ec_tax_products` DISABLE KEYS */;
INSERT INTO `ec_tax_products` VALUES (1,1),(1,2),(1,3),(1,4),(1,5),(1,6),(1,7),(1,8),(1,9),(1,10),(1,11),(1,12),(1,13),(1,14),(1,15),(1,16),(1,17),(1,18),(1,19),(1,20),(1,21),(1,22),(1,23),(1,24);
/*!40000 ALTER TABLE `ec_tax_products` ENABLE KEYS */;
UNLOCK TABLES;

--
-- Table structure for table `ec_taxes`
--

DROP TABLE IF EXISTS `ec_taxes`;
/*!40101 SET @saved_cs_client     = @@character_set_client */;
/*!50503 SET character_set_client = utf8mb4 */;
CREATE TABLE `ec_taxes` (
  `id` bigint unsigned NOT NULL AUTO_INCREMENT,
  `title` varchar(191) CHARACTER SET utf8mb4 COLLATE utf8mb4_unicode_ci DEFAULT NULL,
  `percentage` double(8,6) DEFAULT NULL,
  `priority` int DEFAULT NULL,
  `status` varchar(60) CHARACTER SET utf8mb4 COLLATE utf8mb4_unicode_ci NOT NULL DEFAULT 'published',
  `created_at` timestamp NULL DEFAULT NULL,
  `updated_at` timestamp NULL DEFAULT NULL,
  PRIMARY KEY (`id`)
) ENGINE=InnoDB AUTO_INCREMENT=4 DEFAULT CHARSET=utf8mb4 COLLATE=utf8mb4_unicode_ci;
/*!40101 SET character_set_client = @saved_cs_client */;

--
-- Dumping data for table `ec_taxes`
--

LOCK TABLES `ec_taxes` WRITE;
/*!40000 ALTER TABLE `ec_taxes` DISABLE KEYS */;
INSERT INTO `ec_taxes` VALUES (1,'VAT',10.000000,1,'published','2023-03-05 23:42:56','2023-03-05 23:42:56'),(2,'None',0.000000,2,'published','2023-03-05 23:42:56','2023-03-05 23:42:56'),(3,'Import Tax',15.000000,3,'published','2023-03-05 23:42:56','2023-03-05 23:42:56');
/*!40000 ALTER TABLE `ec_taxes` ENABLE KEYS */;
UNLOCK TABLES;

--
-- Table structure for table `ec_wish_lists`
--

DROP TABLE IF EXISTS `ec_wish_lists`;
/*!40101 SET @saved_cs_client     = @@character_set_client */;
/*!50503 SET character_set_client = utf8mb4 */;
CREATE TABLE `ec_wish_lists` (
  `id` bigint unsigned NOT NULL AUTO_INCREMENT,
  `customer_id` bigint unsigned NOT NULL,
  `product_id` bigint unsigned NOT NULL,
  `created_at` timestamp NULL DEFAULT NULL,
  `updated_at` timestamp NULL DEFAULT NULL,
  PRIMARY KEY (`id`),
  KEY `ec_wish_lists_product_id_customer_id_index` (`product_id`,`customer_id`)
) ENGINE=InnoDB DEFAULT CHARSET=utf8mb4 COLLATE=utf8mb4_unicode_ci;
/*!40101 SET character_set_client = @saved_cs_client */;

--
-- Dumping data for table `ec_wish_lists`
--

LOCK TABLES `ec_wish_lists` WRITE;
/*!40000 ALTER TABLE `ec_wish_lists` DISABLE KEYS */;
/*!40000 ALTER TABLE `ec_wish_lists` ENABLE KEYS */;
UNLOCK TABLES;

--
-- Table structure for table `failed_jobs`
--

DROP TABLE IF EXISTS `failed_jobs`;
/*!40101 SET @saved_cs_client     = @@character_set_client */;
/*!50503 SET character_set_client = utf8mb4 */;
CREATE TABLE `failed_jobs` (
  `id` bigint unsigned NOT NULL AUTO_INCREMENT,
  `uuid` varchar(191) CHARACTER SET utf8mb4 COLLATE utf8mb4_unicode_ci NOT NULL,
  `connection` text CHARACTER SET utf8mb4 COLLATE utf8mb4_unicode_ci NOT NULL,
  `queue` text CHARACTER SET utf8mb4 COLLATE utf8mb4_unicode_ci NOT NULL,
  `payload` longtext CHARACTER SET utf8mb4 COLLATE utf8mb4_unicode_ci NOT NULL,
  `exception` longtext CHARACTER SET utf8mb4 COLLATE utf8mb4_unicode_ci NOT NULL,
  `failed_at` timestamp NOT NULL DEFAULT CURRENT_TIMESTAMP,
  PRIMARY KEY (`id`),
  UNIQUE KEY `failed_jobs_uuid_unique` (`uuid`)
) ENGINE=InnoDB DEFAULT CHARSET=utf8mb4 COLLATE=utf8mb4_unicode_ci;
/*!40101 SET character_set_client = @saved_cs_client */;

--
-- Dumping data for table `failed_jobs`
--

LOCK TABLES `failed_jobs` WRITE;
/*!40000 ALTER TABLE `failed_jobs` DISABLE KEYS */;
/*!40000 ALTER TABLE `failed_jobs` ENABLE KEYS */;
UNLOCK TABLES;

--
-- Table structure for table `faq_categories`
--

DROP TABLE IF EXISTS `faq_categories`;
/*!40101 SET @saved_cs_client     = @@character_set_client */;
/*!50503 SET character_set_client = utf8mb4 */;
CREATE TABLE `faq_categories` (
  `id` bigint unsigned NOT NULL AUTO_INCREMENT,
  `name` varchar(120) CHARACTER SET utf8mb4 COLLATE utf8mb4_unicode_ci NOT NULL,
  `order` tinyint NOT NULL DEFAULT '0',
  `status` varchar(60) CHARACTER SET utf8mb4 COLLATE utf8mb4_unicode_ci NOT NULL DEFAULT 'published',
  `created_at` timestamp NULL DEFAULT NULL,
  `updated_at` timestamp NULL DEFAULT NULL,
  PRIMARY KEY (`id`)
) ENGINE=InnoDB AUTO_INCREMENT=4 DEFAULT CHARSET=utf8mb4 COLLATE=utf8mb4_unicode_ci;
/*!40101 SET character_set_client = @saved_cs_client */;

--
-- Dumping data for table `faq_categories`
--

LOCK TABLES `faq_categories` WRITE;
/*!40000 ALTER TABLE `faq_categories` DISABLE KEYS */;
INSERT INTO `faq_categories` VALUES (1,'Shipping',0,'published','2023-03-05 23:43:02','2023-03-05 23:43:02'),(2,'Payment',1,'published','2023-03-05 23:43:02','2023-03-05 23:43:02'),(3,'Order &amp; Returns',2,'published','2023-03-05 23:43:02','2023-03-05 23:43:02');
/*!40000 ALTER TABLE `faq_categories` ENABLE KEYS */;
UNLOCK TABLES;

--
-- Table structure for table `faq_categories_translations`
--

DROP TABLE IF EXISTS `faq_categories_translations`;
/*!40101 SET @saved_cs_client     = @@character_set_client */;
/*!50503 SET character_set_client = utf8mb4 */;
CREATE TABLE `faq_categories_translations` (
  `lang_code` varchar(191) CHARACTER SET utf8mb4 COLLATE utf8mb4_unicode_ci NOT NULL,
  `faq_categories_id` bigint unsigned NOT NULL,
  `name` varchar(120) CHARACTER SET utf8mb4 COLLATE utf8mb4_unicode_ci DEFAULT NULL,
  PRIMARY KEY (`lang_code`,`faq_categories_id`)
) ENGINE=InnoDB DEFAULT CHARSET=utf8mb4 COLLATE=utf8mb4_unicode_ci;
/*!40101 SET character_set_client = @saved_cs_client */;

--
-- Dumping data for table `faq_categories_translations`
--

LOCK TABLES `faq_categories_translations` WRITE;
/*!40000 ALTER TABLE `faq_categories_translations` DISABLE KEYS */;
INSERT INTO `faq_categories_translations` VALUES ('vi',1,'VẬN CHUYỂN'),('vi',2,'THANH TOÁN'),('vi',3,'ĐƠN HÀNG & HOÀN TRẢ');
/*!40000 ALTER TABLE `faq_categories_translations` ENABLE KEYS */;
UNLOCK TABLES;

--
-- Table structure for table `faqs`
--

DROP TABLE IF EXISTS `faqs`;
/*!40101 SET @saved_cs_client     = @@character_set_client */;
/*!50503 SET character_set_client = utf8mb4 */;
CREATE TABLE `faqs` (
  `id` bigint unsigned NOT NULL AUTO_INCREMENT,
  `question` text CHARACTER SET utf8mb4 COLLATE utf8mb4_unicode_ci NOT NULL,
  `answer` text CHARACTER SET utf8mb4 COLLATE utf8mb4_unicode_ci NOT NULL,
  `category_id` bigint unsigned NOT NULL,
  `status` varchar(60) CHARACTER SET utf8mb4 COLLATE utf8mb4_unicode_ci NOT NULL DEFAULT 'published',
  `created_at` timestamp NULL DEFAULT NULL,
  `updated_at` timestamp NULL DEFAULT NULL,
  PRIMARY KEY (`id`)
) ENGINE=InnoDB AUTO_INCREMENT=11 DEFAULT CHARSET=utf8mb4 COLLATE=utf8mb4_unicode_ci;
/*!40101 SET character_set_client = @saved_cs_client */;

--
-- Dumping data for table `faqs`
--

LOCK TABLES `faqs` WRITE;
/*!40000 ALTER TABLE `faqs` DISABLE KEYS */;
INSERT INTO `faqs` VALUES (1,'What Shipping Methods Are Available?','Ex Portland Pitchfork irure mustache. Eutra fap before they sold out literally. Aliquip ugh bicycle rights actually mlkshk, seitan squid craft beer tempor.',1,'published','2023-03-05 23:43:02','2023-03-05 23:43:02'),(2,'Do You Ship Internationally?','Hoodie tote bag mixtape tofu. Typewriter jean shorts wolf quinoa, messenger bag organic freegan cray.',1,'published','2023-03-05 23:43:02','2023-03-05 23:43:02'),(3,'How Long Will It Take To Get My Package?','Swag slow-carb quinoa VHS typewriter pork belly brunch, paleo single-origin coffee Wes Anderson. Flexitarian Pitchfork forage, literally paleo fap pour-over. Wes Anderson Pinterest YOLO fanny pack meggings, deep v XOXO chambray sustainable slow-carb raw denim church-key fap chillwave Etsy. +1 typewriter kitsch, American Apparel tofu Banksy Vice.',1,'published','2023-03-05 23:43:02','2023-03-05 23:43:02'),(4,'What Payment Methods Are Accepted?','Fashion axe DIY jean shorts, swag kale chips meh polaroid kogi butcher Wes Anderson chambray next level semiotics gentrify yr. Voluptate photo booth fugiat Vice. Austin sed Williamsburg, ea labore raw denim voluptate cred proident mixtape excepteur mustache. Twee chia photo booth readymade food truck, hoodie roof party swag keytar PBR DIY.',2,'published','2023-03-05 23:43:02','2023-03-05 23:43:02'),(5,'Is Buying On-Line Safe?','Art party authentic freegan semiotics jean shorts chia cred. Neutra Austin roof party Brooklyn, synth Thundercats swag 8-bit photo booth. Plaid letterpress leggings craft beer meh ethical Pinterest.',2,'published','2023-03-05 23:43:02','2023-03-05 23:43:02'),(6,'How do I place an Order?','Keytar cray slow-carb, Godard banh mi salvia pour-over. Slow-carb Odd Future seitan normcore. Master cleanse American Apparel gentrify flexitarian beard slow-carb next level. Raw denim polaroid paleo farm-to-table, put a bird on it lo-fi tattooed Wes Anderson Pinterest letterpress. Fingerstache McSweeney’s pour-over, letterpress Schlitz photo booth master cleanse bespoke hashtag chillwave gentrify.',3,'published','2023-03-05 23:43:02','2023-03-05 23:43:02'),(7,'How Can I Cancel Or Change My Order?','Plaid letterpress leggings craft beer meh ethical Pinterest. Art party authentic freegan semiotics jean shorts chia cred. Neutra Austin roof party Brooklyn, synth Thundercats swag 8-bit photo booth.',3,'published','2023-03-05 23:43:02','2023-03-05 23:43:02'),(8,'Do I need an account to place an order?','Thundercats swag 8-bit photo booth. Plaid letterpress leggings craft beer meh ethical Pinterest. Twee chia photo booth readymade food truck, hoodie roof party swag keytar PBR DIY. Cray ugh 3 wolf moon fap, fashion axe irony butcher cornhole typewriter chambray VHS banjo street art.',3,'published','2023-03-05 23:43:02','2023-03-05 23:43:02'),(9,'How Do I Track My Order?','Keytar cray slow-carb, Godard banh mi salvia pour-over. Slow-carb @Odd Future seitan normcore. Master cleanse American Apparel gentrify flexitarian beard slow-carb next level.',3,'published','2023-03-05 23:43:02','2023-03-05 23:43:02'),(10,'How Can I Return a Product?','Kale chips Truffaut Williamsburg, hashtag fixie Pinterest raw denim c hambray drinking vinegar Carles street art Bushwick gastropub. Wolf Tumblr paleo church-key. Plaid food truck Echo Park YOLO bitters hella, direct trade Thundercats leggings quinoa before they sold out. You probably haven’t heard of them wayfarers authentic umami drinking vinegar Pinterest Cosby sweater, fingerstache fap High Life.',3,'published','2023-03-05 23:43:02','2023-03-05 23:43:02');
/*!40000 ALTER TABLE `faqs` ENABLE KEYS */;
UNLOCK TABLES;

--
-- Table structure for table `faqs_translations`
--

DROP TABLE IF EXISTS `faqs_translations`;
/*!40101 SET @saved_cs_client     = @@character_set_client */;
/*!50503 SET character_set_client = utf8mb4 */;
CREATE TABLE `faqs_translations` (
  `lang_code` varchar(191) CHARACTER SET utf8mb4 COLLATE utf8mb4_unicode_ci NOT NULL,
  `faqs_id` bigint unsigned NOT NULL,
  `question` text CHARACTER SET utf8mb4 COLLATE utf8mb4_unicode_ci,
  `answer` text CHARACTER SET utf8mb4 COLLATE utf8mb4_unicode_ci,
  PRIMARY KEY (`lang_code`,`faqs_id`)
) ENGINE=InnoDB DEFAULT CHARSET=utf8mb4 COLLATE=utf8mb4_unicode_ci;
/*!40101 SET character_set_client = @saved_cs_client */;

--
-- Dumping data for table `faqs_translations`
--

LOCK TABLES `faqs_translations` WRITE;
/*!40000 ALTER TABLE `faqs_translations` DISABLE KEYS */;
INSERT INTO `faqs_translations` VALUES ('vi',1,'Có những phương thức vận chuyển nào?','Ex Portland Pitchfork irure ria mép. Eutra fap trước khi họ bán hết theo đúng nghĩa đen. Aliquip ugh quyền xe đạp thực sự mlkshk, rượu bia thủ công mực seitan. '),('vi',2,'Bạn có giao hàng quốc tế không?','Áo hoodie túi tote Tofu mixtape. Quần đùi jean đánh chữ Wolf quinoa, túi messenger hữu cơ freegan cray. '),('vi',3,'Mất bao lâu để nhận được gói hàng của tôi?','Bữa nửa buổi ăn sáng bằng bụng heo quay từ máy đánh chữ VHS, cà phê có nguồn gốc đơn Paleo, Wes Anderson. Khoan Pitchfork linh hoạt, theo nghĩa đen là đổ qua fap theo nghĩa đen. Wes Anderson Pinterest YOLO fanny pack meggings, deep v XOXO chambray bền vững slow-carb raw denim Church-key fap chillwave Etsy. +1 bộ dụng cụ đánh máy, đậu phụ Banksy Vice của American Apparel. '),('vi',4,'Phương thức thanh toán nào được chấp nhận?','Fashion Axe DIY jean shorts, swag kale chips meh polaroid kogi butcher Wes Anderson chambray next level semiotics gentrify yr. Quầy ảnh Voluptate fugiat Vice. Austin sed Williamsburg, ea labore raw denim voluptate cred proident mixtape excepteur ria mép. Twee chia gian hàng chụp ảnh xe bán đồ ăn sẵn, bữa tiệc trên mái áo hoodie swag keytar PBR DIY. '),('vi',5,'Mua trực tuyến có an toàn không?','Bữa tiệc nghệ thuật đích thực freegan semiotics jean shorts chia credit. Tiệc trên mái nhà Neutra Austin Brooklyn, Thundercats swag synth gian hàng ảnh 8-bit. Xà cạp letterpress kẻ sọc thủ công bia meh đạo đức Pinterest. '),('vi',6,'Làm cách nào để đặt hàng?','Keytar cray slow-carb, Godard banh mi salvia pour-over. Slow-carb Odd Định mức seitan trong tương lai. Master làm sạch American Apparel nhẹ nhàng làm sạch râu linh hoạt chậm carb cấp độ tiếp theo. Vải thô denim polaroid nhạt từ trang trại đến bàn, đặt một con chim trên đó hình xăm lo-fi Wes Anderson Pinterest letterpress. Bậc thầy gian hàng ảnh Schlitz của Fingerstache McSweeney đang làm sạch thẻ bắt đầu bằng hashtag theo yêu cầu riêng, chillwave gentrify. '),('vi',7,'Làm cách nào để tôi có thể hủy hoặc thay đổi đơn hàng của mình?','Xà cạp letterpress kẻ sọc thủ công bia meh đạo đức Pinterest. Bữa tiệc nghệ thuật đích thực freegan semiotics jean shorts chia tín. Tiệc trên mái nhà Neutra Austin ở Brooklyn, synth Thundercats có gian hàng ảnh 8-bit. '),('vi',8,'Tôi có cần tài khoản để đặt hàng không?','Thundercats làm lung lay gian hàng ảnh 8-bit. Xà cạp letterpress kẻ sọc thủ công bia meh đạo đức Pinterest. Twee chia ảnh gian hàng xe bán thức ăn làm sẵn, bữa tiệc trên mái áo hoodie swag keytar PBR DIY. Cray ugh 3 wolf moon fap, rìu thời trang mỉa mai người bán thịt máy đánh chữ chambray VHS banjo nghệ thuật đường phố. '),('vi',9,'Làm cách nào để theo dõi đơn hàng của tôi?','Keytar cray slow-carb, Godard banh mi salvia pour-over. Slow-carb @Odd Định mức seitan trong tương lai. Bậc thầy làm sạch American Apparel nhẹ nhàng làm sạch râu linh hoạt theo kiểu chậm carb cấp độ tiếp theo. '),('vi',10,'Làm cách nào để trả lại sản phẩm?','Kale chips Truffaut Williamsburg, fixie hashtag Pinterest raw denim c hambray uống giấm Carles street art Bushwick gastropub. Chìa khóa nhà thờ Wolf Tumblr. Xe tải thực phẩm kẻ sọc Echo Park YOLO cắn hella, giao dịch trực tiếp Thundercats legging quinoa trước khi bán hết. Có thể bạn chưa từng nghe nói về họ những người truyền bá vị umami đích thực uống giấm Pinterest Áo len Cosby, fingerstache fap High Life. ');
/*!40000 ALTER TABLE `faqs_translations` ENABLE KEYS */;
UNLOCK TABLES;

--
-- Table structure for table `jobs`
--

DROP TABLE IF EXISTS `jobs`;
/*!40101 SET @saved_cs_client     = @@character_set_client */;
/*!50503 SET character_set_client = utf8mb4 */;
CREATE TABLE `jobs` (
  `id` bigint unsigned NOT NULL AUTO_INCREMENT,
  `queue` varchar(191) CHARACTER SET utf8mb4 COLLATE utf8mb4_unicode_ci NOT NULL,
  `payload` longtext CHARACTER SET utf8mb4 COLLATE utf8mb4_unicode_ci NOT NULL,
  `attempts` tinyint unsigned NOT NULL,
  `reserved_at` int unsigned DEFAULT NULL,
  `available_at` int unsigned NOT NULL,
  `created_at` int unsigned NOT NULL,
  PRIMARY KEY (`id`),
  KEY `jobs_queue_index` (`queue`)
) ENGINE=InnoDB DEFAULT CHARSET=utf8mb4 COLLATE=utf8mb4_unicode_ci;
/*!40101 SET character_set_client = @saved_cs_client */;

--
-- Dumping data for table `jobs`
--

LOCK TABLES `jobs` WRITE;
/*!40000 ALTER TABLE `jobs` DISABLE KEYS */;
/*!40000 ALTER TABLE `jobs` ENABLE KEYS */;
UNLOCK TABLES;

--
-- Table structure for table `language_meta`
--

DROP TABLE IF EXISTS `language_meta`;
/*!40101 SET @saved_cs_client     = @@character_set_client */;
/*!50503 SET character_set_client = utf8mb4 */;
CREATE TABLE `language_meta` (
  `lang_meta_id` bigint unsigned NOT NULL AUTO_INCREMENT,
  `lang_meta_code` text CHARACTER SET utf8mb4 COLLATE utf8mb4_unicode_ci,
  `lang_meta_origin` varchar(255) CHARACTER SET utf8mb4 COLLATE utf8mb4_unicode_ci NOT NULL,
  `reference_id` bigint unsigned NOT NULL,
  `reference_type` varchar(120) CHARACTER SET utf8mb4 COLLATE utf8mb4_unicode_ci NOT NULL,
  PRIMARY KEY (`lang_meta_id`),
  KEY `language_meta_reference_id_index` (`reference_id`)
) ENGINE=InnoDB AUTO_INCREMENT=29 DEFAULT CHARSET=utf8mb4 COLLATE=utf8mb4_unicode_ci;
/*!40101 SET character_set_client = @saved_cs_client */;

--
-- Dumping data for table `language_meta`
--

LOCK TABLES `language_meta` WRITE;
/*!40000 ALTER TABLE `language_meta` DISABLE KEYS */;
INSERT INTO `language_meta` VALUES (1,'en_US','92d612a2f13373aef6a6026893d4e1dd',1,'Botble\\SimpleSlider\\Models\\SimpleSlider'),(2,'en_US','8aed9730b8f0b0015a37fe289c66d6c7',2,'Botble\\SimpleSlider\\Models\\SimpleSlider'),(3,'en_US','77dd38aeed02d1b0a3ee8b9cdfd1cb57',3,'Botble\\SimpleSlider\\Models\\SimpleSlider'),(4,'en_US','750a5e9ba5e08707f99900862cf93c11',4,'Botble\\SimpleSlider\\Models\\SimpleSlider'),(5,'en_US','78f1d13b1f0232609b5c5b839a5b6b6f',5,'Botble\\SimpleSlider\\Models\\SimpleSlider'),(6,'en_US','14779dd0e2e1612c84229ef382a5389a',6,'Botble\\SimpleSlider\\Models\\SimpleSlider'),(7,'en_US','e80f766bbfe74a168ec8a176324de99d',7,'Botble\\SimpleSlider\\Models\\SimpleSlider'),(8,'vi','92d612a2f13373aef6a6026893d4e1dd',8,'Botble\\SimpleSlider\\Models\\SimpleSlider'),(9,'vi','8aed9730b8f0b0015a37fe289c66d6c7',9,'Botble\\SimpleSlider\\Models\\SimpleSlider'),(10,'vi','77dd38aeed02d1b0a3ee8b9cdfd1cb57',10,'Botble\\SimpleSlider\\Models\\SimpleSlider'),(11,'vi','750a5e9ba5e08707f99900862cf93c11',11,'Botble\\SimpleSlider\\Models\\SimpleSlider'),(12,'vi','78f1d13b1f0232609b5c5b839a5b6b6f',12,'Botble\\SimpleSlider\\Models\\SimpleSlider'),(13,'vi','14779dd0e2e1612c84229ef382a5389a',13,'Botble\\SimpleSlider\\Models\\SimpleSlider'),(14,'vi','e80f766bbfe74a168ec8a176324de99d',14,'Botble\\SimpleSlider\\Models\\SimpleSlider'),(15,'en_US','2e10be7e475f1e2b2bfe6bb4fa664e12',1,'Botble\\Menu\\Models\\MenuLocation'),(16,'en_US','8336d98e3b463f0d684fcf5b63be3f78',1,'Botble\\Menu\\Models\\Menu'),(17,'en_US','43358b1fd0ec0ff058343edf67b355d8',2,'Botble\\Menu\\Models\\MenuLocation'),(18,'en_US','03317c5eb6172bbf978cdbdd0f8b6160',2,'Botble\\Menu\\Models\\Menu'),(19,'en_US','348f17444c212744f5d6e44ad2eb28d7',3,'Botble\\Menu\\Models\\Menu'),(20,'en_US','c54a23e3e0add5760d02db185a30200a',4,'Botble\\Menu\\Models\\Menu'),(21,'en_US','f2fe22a296f8bd897d5fa1aebf8bb9d6',5,'Botble\\Menu\\Models\\Menu'),(22,'vi','ea2e007f55db4e249c746d2b5fd212a9',3,'Botble\\Menu\\Models\\MenuLocation'),(23,'vi','8336d98e3b463f0d684fcf5b63be3f78',6,'Botble\\Menu\\Models\\Menu'),(24,'vi','ae78edb74627fb1b4ff5cd5672858227',4,'Botble\\Menu\\Models\\MenuLocation'),(25,'vi','03317c5eb6172bbf978cdbdd0f8b6160',7,'Botble\\Menu\\Models\\Menu'),(26,'vi','348f17444c212744f5d6e44ad2eb28d7',8,'Botble\\Menu\\Models\\Menu'),(27,'vi','c54a23e3e0add5760d02db185a30200a',9,'Botble\\Menu\\Models\\Menu'),(28,'vi','f2fe22a296f8bd897d5fa1aebf8bb9d6',10,'Botble\\Menu\\Models\\Menu');
/*!40000 ALTER TABLE `language_meta` ENABLE KEYS */;
UNLOCK TABLES;

--
-- Table structure for table `languages`
--

DROP TABLE IF EXISTS `languages`;
/*!40101 SET @saved_cs_client     = @@character_set_client */;
/*!50503 SET character_set_client = utf8mb4 */;
CREATE TABLE `languages` (
  `lang_id` bigint unsigned NOT NULL AUTO_INCREMENT,
  `lang_name` varchar(120) CHARACTER SET utf8mb4 COLLATE utf8mb4_unicode_ci NOT NULL,
  `lang_locale` varchar(20) CHARACTER SET utf8mb4 COLLATE utf8mb4_unicode_ci NOT NULL,
  `lang_code` varchar(20) CHARACTER SET utf8mb4 COLLATE utf8mb4_unicode_ci NOT NULL,
  `lang_flag` varchar(20) CHARACTER SET utf8mb4 COLLATE utf8mb4_unicode_ci DEFAULT NULL,
  `lang_is_default` tinyint unsigned NOT NULL DEFAULT '0',
  `lang_order` int NOT NULL DEFAULT '0',
  `lang_is_rtl` tinyint unsigned NOT NULL DEFAULT '0',
  PRIMARY KEY (`lang_id`)
) ENGINE=InnoDB AUTO_INCREMENT=3 DEFAULT CHARSET=utf8mb4 COLLATE=utf8mb4_unicode_ci;
/*!40101 SET character_set_client = @saved_cs_client */;

--
-- Dumping data for table `languages`
--

LOCK TABLES `languages` WRITE;
/*!40000 ALTER TABLE `languages` DISABLE KEYS */;
INSERT INTO `languages` VALUES (1,'English','en','en_US','us',1,0,0),(2,'Tiếng Việt','vi','vi','vn',0,0,0);
/*!40000 ALTER TABLE `languages` ENABLE KEYS */;
UNLOCK TABLES;

--
-- Table structure for table `media_files`
--

DROP TABLE IF EXISTS `media_files`;
/*!40101 SET @saved_cs_client     = @@character_set_client */;
/*!50503 SET character_set_client = utf8mb4 */;
CREATE TABLE `media_files` (
  `id` bigint unsigned NOT NULL AUTO_INCREMENT,
  `user_id` bigint unsigned NOT NULL,
  `name` varchar(255) CHARACTER SET utf8mb4 COLLATE utf8mb4_unicode_ci NOT NULL,
  `alt` varchar(191) CHARACTER SET utf8mb4 COLLATE utf8mb4_unicode_ci DEFAULT NULL,
  `folder_id` bigint unsigned NOT NULL DEFAULT '0',
  `mime_type` varchar(120) CHARACTER SET utf8mb4 COLLATE utf8mb4_unicode_ci NOT NULL,
  `size` int NOT NULL,
  `url` varchar(255) CHARACTER SET utf8mb4 COLLATE utf8mb4_unicode_ci NOT NULL,
  `options` text CHARACTER SET utf8mb4 COLLATE utf8mb4_unicode_ci,
  `created_at` timestamp NULL DEFAULT NULL,
  `updated_at` timestamp NULL DEFAULT NULL,
  `deleted_at` timestamp NULL DEFAULT NULL,
  PRIMARY KEY (`id`),
  KEY `media_files_user_id_index` (`user_id`),
  KEY `media_files_index` (`folder_id`,`user_id`,`created_at`)
) ENGINE=InnoDB AUTO_INCREMENT=191 DEFAULT CHARSET=utf8mb4 COLLATE=utf8mb4_unicode_ci;
/*!40101 SET character_set_client = @saved_cs_client */;

--
-- Dumping data for table `media_files`
--

LOCK TABLES `media_files` WRITE;
/*!40000 ALTER TABLE `media_files` DISABLE KEYS */;
INSERT INTO `media_files` VALUES (1,0,'icon-1','icon-1',1,'image/png',1307,'product-categories/icon-1.png','[]','2023-03-05 23:42:49','2023-03-05 23:42:49',NULL),(2,0,'icon-10','icon-10',1,'image/png',1307,'product-categories/icon-10.png','[]','2023-03-05 23:42:49','2023-03-05 23:42:49',NULL),(3,0,'icon-11','icon-11',1,'image/png',1307,'product-categories/icon-11.png','[]','2023-03-05 23:42:49','2023-03-05 23:42:49',NULL),(4,0,'icon-12','icon-12',1,'image/png',1307,'product-categories/icon-12.png','[]','2023-03-05 23:42:49','2023-03-05 23:42:49',NULL),(5,0,'icon-13','icon-13',1,'image/png',1307,'product-categories/icon-13.png','[]','2023-03-05 23:42:49','2023-03-05 23:42:49',NULL),(6,0,'icon-14','icon-14',1,'image/png',1307,'product-categories/icon-14.png','[]','2023-03-05 23:42:49','2023-03-05 23:42:49',NULL),(7,0,'icon-2','icon-2',1,'image/png',1307,'product-categories/icon-2.png','[]','2023-03-05 23:42:49','2023-03-05 23:42:49',NULL),(8,0,'icon-3','icon-3',1,'image/png',1307,'product-categories/icon-3.png','[]','2023-03-05 23:42:49','2023-03-05 23:42:49',NULL),(9,0,'icon-4','icon-4',1,'image/png',1307,'product-categories/icon-4.png','[]','2023-03-05 23:42:49','2023-03-05 23:42:49',NULL),(10,0,'icon-5','icon-5',1,'image/png',1307,'product-categories/icon-5.png','[]','2023-03-05 23:42:50','2023-03-05 23:42:50',NULL),(11,0,'icon-6','icon-6',1,'image/png',1307,'product-categories/icon-6.png','[]','2023-03-05 23:42:50','2023-03-05 23:42:50',NULL),(12,0,'icon-7','icon-7',1,'image/png',1307,'product-categories/icon-7.png','[]','2023-03-05 23:42:50','2023-03-05 23:42:50',NULL),(13,0,'icon-8','icon-8',1,'image/png',1307,'product-categories/icon-8.png','[]','2023-03-05 23:42:50','2023-03-05 23:42:50',NULL),(14,0,'icon-9','icon-9',1,'image/png',1307,'product-categories/icon-9.png','[]','2023-03-05 23:42:50','2023-03-05 23:42:50',NULL),(15,0,'image-1','image-1',1,'image/png',1307,'product-categories/image-1.png','[]','2023-03-05 23:42:50','2023-03-05 23:42:50',NULL),(16,0,'image-10','image-10',1,'image/png',1307,'product-categories/image-10.png','[]','2023-03-05 23:42:50','2023-03-05 23:42:50',NULL),(17,0,'image-11','image-11',1,'image/png',1307,'product-categories/image-11.png','[]','2023-03-05 23:42:50','2023-03-05 23:42:50',NULL),(18,0,'image-12','image-12',1,'image/png',1307,'product-categories/image-12.png','[]','2023-03-05 23:42:50','2023-03-05 23:42:50',NULL),(19,0,'image-13','image-13',1,'image/png',1307,'product-categories/image-13.png','[]','2023-03-05 23:42:50','2023-03-05 23:42:50',NULL),(20,0,'image-14','image-14',1,'image/png',1307,'product-categories/image-14.png','[]','2023-03-05 23:42:50','2023-03-05 23:42:50',NULL),(21,0,'image-15','image-15',1,'image/png',1307,'product-categories/image-15.png','[]','2023-03-05 23:42:50','2023-03-05 23:42:50',NULL),(22,0,'image-2','image-2',1,'image/png',1307,'product-categories/image-2.png','[]','2023-03-05 23:42:50','2023-03-05 23:42:50',NULL),(23,0,'image-3','image-3',1,'image/png',1307,'product-categories/image-3.png','[]','2023-03-05 23:42:50','2023-03-05 23:42:50',NULL),(24,0,'image-4','image-4',1,'image/png',1307,'product-categories/image-4.png','[]','2023-03-05 23:42:50','2023-03-05 23:42:50',NULL),(25,0,'image-5','image-5',1,'image/png',1307,'product-categories/image-5.png','[]','2023-03-05 23:42:50','2023-03-05 23:42:50',NULL),(26,0,'image-6','image-6',1,'image/png',1307,'product-categories/image-6.png','[]','2023-03-05 23:42:51','2023-03-05 23:42:51',NULL),(27,0,'image-7','image-7',1,'image/png',1307,'product-categories/image-7.png','[]','2023-03-05 23:42:51','2023-03-05 23:42:51',NULL),(28,0,'image-8','image-8',1,'image/png',1307,'product-categories/image-8.png','[]','2023-03-05 23:42:51','2023-03-05 23:42:51',NULL),(29,0,'image-9','image-9',1,'image/png',1307,'product-categories/image-9.png','[]','2023-03-05 23:42:51','2023-03-05 23:42:51',NULL),(30,0,'1-1','1-1',2,'image/jpeg',2165,'products/1-1.jpg','[]','2023-03-05 23:42:51','2023-03-05 23:42:51',NULL),(31,0,'1','1',2,'image/jpeg',2165,'products/1.jpg','[]','2023-03-05 23:42:51','2023-03-05 23:42:51',NULL),(32,0,'10-1','10-1',2,'image/jpeg',2165,'products/10-1.jpg','[]','2023-03-05 23:42:51','2023-03-05 23:42:51',NULL),(33,0,'10','10',2,'image/jpeg',2165,'products/10.jpg','[]','2023-03-05 23:42:51','2023-03-05 23:42:51',NULL),(34,0,'11-1','11-1',2,'image/jpeg',2165,'products/11-1.jpg','[]','2023-03-05 23:42:51','2023-03-05 23:42:51',NULL),(35,0,'11','11',2,'image/jpeg',2165,'products/11.jpg','[]','2023-03-05 23:42:51','2023-03-05 23:42:51',NULL),(36,0,'12-1','12-1',2,'image/jpeg',2165,'products/12-1.jpg','[]','2023-03-05 23:42:51','2023-03-05 23:42:51',NULL),(37,0,'12','12',2,'image/jpeg',2165,'products/12.jpg','[]','2023-03-05 23:42:52','2023-03-05 23:42:52',NULL),(38,0,'13-1','13-1',2,'image/jpeg',2165,'products/13-1.jpg','[]','2023-03-05 23:42:52','2023-03-05 23:42:52',NULL),(39,0,'13','13',2,'image/jpeg',2165,'products/13.jpg','[]','2023-03-05 23:42:52','2023-03-05 23:42:52',NULL),(40,0,'14-1','14-1',2,'image/jpeg',2165,'products/14-1.jpg','[]','2023-03-05 23:42:52','2023-03-05 23:42:52',NULL),(41,0,'14','14',2,'image/jpeg',2165,'products/14.jpg','[]','2023-03-05 23:42:52','2023-03-05 23:42:52',NULL),(42,0,'15-1','15-1',2,'image/jpeg',2165,'products/15-1.jpg','[]','2023-03-05 23:42:52','2023-03-05 23:42:52',NULL),(43,0,'15','15',2,'image/jpeg',2165,'products/15.jpg','[]','2023-03-05 23:42:52','2023-03-05 23:42:52',NULL),(44,0,'16-1','16-1',2,'image/jpeg',2165,'products/16-1.jpg','[]','2023-03-05 23:42:52','2023-03-05 23:42:52',NULL),(45,0,'16-2','16-2',2,'image/jpeg',2165,'products/16-2.jpg','[]','2023-03-05 23:42:52','2023-03-05 23:42:52',NULL),(46,0,'16-3','16-3',2,'image/jpeg',2165,'products/16-3.jpg','[]','2023-03-05 23:42:52','2023-03-05 23:42:52',NULL),(47,0,'16-4','16-4',2,'image/jpeg',2165,'products/16-4.jpg','[]','2023-03-05 23:42:52','2023-03-05 23:42:52',NULL),(48,0,'16-5','16-5',2,'image/jpeg',2165,'products/16-5.jpg','[]','2023-03-05 23:42:52','2023-03-05 23:42:52',NULL),(49,0,'16-6','16-6',2,'image/jpeg',2165,'products/16-6.jpg','[]','2023-03-05 23:42:52','2023-03-05 23:42:52',NULL),(50,0,'16','16',2,'image/jpeg',2165,'products/16.jpg','[]','2023-03-05 23:42:52','2023-03-05 23:42:52',NULL),(51,0,'17-1','17-1',2,'image/jpeg',2165,'products/17-1.jpg','[]','2023-03-05 23:42:52','2023-03-05 23:42:52',NULL),(52,0,'17','17',2,'image/jpeg',2165,'products/17.jpg','[]','2023-03-05 23:42:53','2023-03-05 23:42:53',NULL),(53,0,'18-1','18-1',2,'image/jpeg',2165,'products/18-1.jpg','[]','2023-03-05 23:42:53','2023-03-05 23:42:53',NULL),(54,0,'18','18',2,'image/jpeg',2165,'products/18.jpg','[]','2023-03-05 23:42:53','2023-03-05 23:42:53',NULL),(55,0,'19-1','19-1',2,'image/jpeg',2165,'products/19-1.jpg','[]','2023-03-05 23:42:53','2023-03-05 23:42:53',NULL),(56,0,'19','19',2,'image/jpeg',2165,'products/19.jpg','[]','2023-03-05 23:42:53','2023-03-05 23:42:53',NULL),(57,0,'2-1','2-1',2,'image/jpeg',2165,'products/2-1.jpg','[]','2023-03-05 23:42:53','2023-03-05 23:42:53',NULL),(58,0,'2','2',2,'image/jpeg',2165,'products/2.jpg','[]','2023-03-05 23:42:53','2023-03-05 23:42:53',NULL),(59,0,'20-1','20-1',2,'image/jpeg',2165,'products/20-1.jpg','[]','2023-03-05 23:42:53','2023-03-05 23:42:53',NULL),(60,0,'20','20',2,'image/jpeg',2165,'products/20.jpg','[]','2023-03-05 23:42:53','2023-03-05 23:42:53',NULL),(61,0,'21-1','21-1',2,'image/jpeg',2165,'products/21-1.jpg','[]','2023-03-05 23:42:53','2023-03-05 23:42:53',NULL),(62,0,'21','21',2,'image/jpeg',2165,'products/21.jpg','[]','2023-03-05 23:42:53','2023-03-05 23:42:53',NULL),(63,0,'22-1','22-1',2,'image/jpeg',2165,'products/22-1.jpg','[]','2023-03-05 23:42:53','2023-03-05 23:42:53',NULL),(64,0,'22','22',2,'image/jpeg',2165,'products/22.jpg','[]','2023-03-05 23:42:53','2023-03-05 23:42:53',NULL),(65,0,'23-1','23-1',2,'image/jpeg',2165,'products/23-1.jpg','[]','2023-03-05 23:42:53','2023-03-05 23:42:53',NULL),(66,0,'23','23',2,'image/jpeg',2165,'products/23.jpg','[]','2023-03-05 23:42:53','2023-03-05 23:42:53',NULL),(67,0,'24-1','24-1',2,'image/jpeg',2165,'products/24-1.jpg','[]','2023-03-05 23:42:53','2023-03-05 23:42:53',NULL),(68,0,'24','24',2,'image/jpeg',2165,'products/24.jpg','[]','2023-03-05 23:42:54','2023-03-05 23:42:54',NULL),(69,0,'3-1','3-1',2,'image/jpeg',2165,'products/3-1.jpg','[]','2023-03-05 23:42:54','2023-03-05 23:42:54',NULL),(70,0,'3','3',2,'image/jpeg',2165,'products/3.jpg','[]','2023-03-05 23:42:54','2023-03-05 23:42:54',NULL),(71,0,'4-1','4-1',2,'image/jpeg',2165,'products/4-1.jpg','[]','2023-03-05 23:42:54','2023-03-05 23:42:54',NULL),(72,0,'4','4',2,'image/jpeg',2165,'products/4.jpg','[]','2023-03-05 23:42:54','2023-03-05 23:42:54',NULL),(73,0,'5-1','5-1',2,'image/jpeg',2165,'products/5-1.jpg','[]','2023-03-05 23:42:54','2023-03-05 23:42:54',NULL),(74,0,'5','5',2,'image/jpeg',2165,'products/5.jpg','[]','2023-03-05 23:42:54','2023-03-05 23:42:54',NULL),(75,0,'6-1','6-1',2,'image/jpeg',2165,'products/6-1.jpg','[]','2023-03-05 23:42:54','2023-03-05 23:42:54',NULL),(76,0,'6','6',2,'image/jpeg',2165,'products/6.jpg','[]','2023-03-05 23:42:54','2023-03-05 23:42:54',NULL),(77,0,'7-1','7-1',2,'image/jpeg',2165,'products/7-1.jpg','[]','2023-03-05 23:42:54','2023-03-05 23:42:54',NULL),(78,0,'7','7',2,'image/jpeg',2165,'products/7.jpg','[]','2023-03-05 23:42:54','2023-03-05 23:42:54',NULL),(79,0,'8-1','8-1',2,'image/jpeg',2165,'products/8-1.jpg','[]','2023-03-05 23:42:54','2023-03-05 23:42:54',NULL),(80,0,'8','8',2,'image/jpeg',2165,'products/8.jpg','[]','2023-03-05 23:42:54','2023-03-05 23:42:54',NULL),(81,0,'9-1','9-1',2,'image/jpeg',2165,'products/9-1.jpg','[]','2023-03-05 23:42:54','2023-03-05 23:42:54',NULL),(82,0,'9','9',2,'image/jpeg',2165,'products/9.jpg','[]','2023-03-05 23:42:54','2023-03-05 23:42:54',NULL),(83,0,'1','1',3,'image/jpeg',2165,'customers/1.jpg','[]','2023-03-05 23:42:56','2023-03-05 23:42:56',NULL),(84,0,'2','2',3,'image/jpeg',2165,'customers/2.jpg','[]','2023-03-05 23:42:56','2023-03-05 23:42:56',NULL),(85,0,'3','3',3,'image/jpeg',2165,'customers/3.jpg','[]','2023-03-05 23:42:56','2023-03-05 23:42:56',NULL),(86,0,'4','4',3,'image/jpeg',2165,'customers/4.jpg','[]','2023-03-05 23:42:56','2023-03-05 23:42:56',NULL),(87,0,'5','5',3,'image/jpeg',2165,'customers/5.jpg','[]','2023-03-05 23:42:56','2023-03-05 23:42:56',NULL),(88,0,'6','6',3,'image/jpeg',2165,'customers/6.jpg','[]','2023-03-05 23:42:56','2023-03-05 23:42:56',NULL),(89,0,'7','7',3,'image/jpeg',2165,'customers/7.jpg','[]','2023-03-05 23:42:56','2023-03-05 23:42:56',NULL),(90,0,'8','8',3,'image/jpeg',2165,'customers/8.jpg','[]','2023-03-05 23:42:56','2023-03-05 23:42:56',NULL),(91,0,'9','9',3,'image/jpeg',2165,'customers/9.jpg','[]','2023-03-05 23:42:56','2023-03-05 23:42:56',NULL),(92,0,'1','1',4,'image/png',3187,'flash-sales/1.png','[]','2023-03-05 23:42:57','2023-03-05 23:42:57',NULL),(93,0,'2','2',4,'image/png',2392,'flash-sales/2.png','[]','2023-03-05 23:42:57','2023-03-05 23:42:57',NULL),(94,0,'3','3',4,'image/png',2392,'flash-sales/3.png','[]','2023-03-05 23:42:57','2023-03-05 23:42:57',NULL),(95,0,'4','4',4,'image/png',2392,'flash-sales/4.png','[]','2023-03-05 23:42:57','2023-03-05 23:42:57',NULL),(96,0,'5','5',4,'image/png',2392,'flash-sales/5.png','[]','2023-03-05 23:42:57','2023-03-05 23:42:57',NULL),(97,0,'1-1','1-1',5,'image/png',10577,'sliders/1-1.png','[]','2023-03-05 23:42:57','2023-03-05 23:42:57',NULL),(98,0,'1-2','1-2',5,'image/png',10577,'sliders/1-2.png','[]','2023-03-05 23:42:58','2023-03-05 23:42:58',NULL),(99,0,'1-3','1-3',5,'image/png',2697,'sliders/1-3.png','[]','2023-03-05 23:42:58','2023-03-05 23:42:58',NULL),(100,0,'2-1','2-1',5,'image/png',4556,'sliders/2-1.png','[]','2023-03-05 23:42:58','2023-03-05 23:42:58',NULL),(101,0,'2-2','2-2',5,'image/png',4556,'sliders/2-2.png','[]','2023-03-05 23:42:58','2023-03-05 23:42:58',NULL),(102,0,'2-3','2-3',5,'image/png',2697,'sliders/2-3.png','[]','2023-03-05 23:42:58','2023-03-05 23:42:58',NULL),(103,0,'3-1','3-1',5,'image/png',10577,'sliders/3-1.png','[]','2023-03-05 23:42:58','2023-03-05 23:42:58',NULL),(104,0,'3-2','3-2',5,'image/png',10577,'sliders/3-2.png','[]','2023-03-05 23:42:58','2023-03-05 23:42:58',NULL),(105,0,'4-1','4-1',5,'image/png',10577,'sliders/4-1.png','[]','2023-03-05 23:42:58','2023-03-05 23:42:58',NULL),(106,0,'4-2','4-2',5,'image/png',10577,'sliders/4-2.png','[]','2023-03-05 23:42:58','2023-03-05 23:42:58',NULL),(107,0,'4-3','4-3',5,'image/png',2697,'sliders/4-3.png','[]','2023-03-05 23:42:59','2023-03-05 23:42:59',NULL),(108,0,'5-1','5-1',5,'image/png',5213,'sliders/5-1.png','[]','2023-03-05 23:42:59','2023-03-05 23:42:59',NULL),(109,0,'5-2','5-2',5,'image/png',5213,'sliders/5-2.png','[]','2023-03-05 23:42:59','2023-03-05 23:42:59',NULL),(110,0,'banner-1','banner-1',5,'image/png',12801,'sliders/banner-1.png','[]','2023-03-05 23:42:59','2023-03-05 23:42:59',NULL),(111,0,'thumbnail-1','thumbnail-1',5,'image/jpeg',2165,'sliders/thumbnail-1.jpg','[]','2023-03-05 23:42:59','2023-03-05 23:42:59',NULL),(112,0,'thumbnail-2','thumbnail-2',5,'image/jpeg',2165,'sliders/thumbnail-2.jpg','[]','2023-03-05 23:42:59','2023-03-05 23:42:59',NULL),(113,0,'thumbnail-3','thumbnail-3',5,'image/jpeg',2165,'sliders/thumbnail-3.jpg','[]','2023-03-05 23:42:59','2023-03-05 23:42:59',NULL),(114,0,'thumbnail-4','thumbnail-4',5,'image/jpeg',2165,'sliders/thumbnail-4.jpg','[]','2023-03-05 23:42:59','2023-03-05 23:42:59',NULL),(115,0,'thumbnail-5','thumbnail-5',5,'image/jpeg',2165,'sliders/thumbnail-5.jpg','[]','2023-03-05 23:42:59','2023-03-05 23:42:59',NULL),(116,0,'thumbnail-6','thumbnail-6',5,'image/jpeg',2165,'sliders/thumbnail-6.jpg','[]','2023-03-05 23:42:59','2023-03-05 23:42:59',NULL),(117,0,'1','1',6,'image/png',2165,'news/1.png','[]','2023-03-05 23:42:59','2023-03-05 23:42:59',NULL),(118,0,'10','10',6,'image/png',2165,'news/10.png','[]','2023-03-05 23:43:00','2023-03-05 23:43:00',NULL),(119,0,'11','11',6,'image/png',2165,'news/11.png','[]','2023-03-05 23:43:00','2023-03-05 23:43:00',NULL),(120,0,'2','2',6,'image/png',2165,'news/2.png','[]','2023-03-05 23:43:00','2023-03-05 23:43:00',NULL),(121,0,'3','3',6,'image/png',2165,'news/3.png','[]','2023-03-05 23:43:00','2023-03-05 23:43:00',NULL),(122,0,'4','4',6,'image/png',2165,'news/4.png','[]','2023-03-05 23:43:00','2023-03-05 23:43:00',NULL),(123,0,'5','5',6,'image/png',2165,'news/5.png','[]','2023-03-05 23:43:00','2023-03-05 23:43:00',NULL),(124,0,'6','6',6,'image/png',2165,'news/6.png','[]','2023-03-05 23:43:00','2023-03-05 23:43:00',NULL),(125,0,'7','7',6,'image/png',2165,'news/7.png','[]','2023-03-05 23:43:00','2023-03-05 23:43:00',NULL),(126,0,'8','8',6,'image/png',2165,'news/8.png','[]','2023-03-05 23:43:00','2023-03-05 23:43:00',NULL),(127,0,'9','9',6,'image/png',2165,'news/9.png','[]','2023-03-05 23:43:00','2023-03-05 23:43:00',NULL),(128,0,'1','1',7,'image/png',3010,'promotion/1.png','[]','2023-03-05 23:43:01','2023-03-05 23:43:01',NULL),(129,0,'10','10',7,'image/png',2722,'promotion/10.png','[]','2023-03-05 23:43:01','2023-03-05 23:43:01',NULL),(130,0,'11','11',7,'image/png',2722,'promotion/11.png','[]','2023-03-05 23:43:01','2023-03-05 23:43:01',NULL),(131,0,'12','12',7,'image/png',2722,'promotion/12.png','[]','2023-03-05 23:43:01','2023-03-05 23:43:01',NULL),(132,0,'2','2',7,'image/png',3010,'promotion/2.png','[]','2023-03-05 23:43:01','2023-03-05 23:43:01',NULL),(133,0,'3','3',7,'image/png',3010,'promotion/3.png','[]','2023-03-05 23:43:01','2023-03-05 23:43:01',NULL),(134,0,'4','4',7,'image/png',2266,'promotion/4.png','[]','2023-03-05 23:43:01','2023-03-05 23:43:01',NULL),(135,0,'5','5',7,'image/png',3847,'promotion/5.png','[]','2023-03-05 23:43:01','2023-03-05 23:43:01',NULL),(136,0,'6','6',7,'image/png',3847,'promotion/6.png','[]','2023-03-05 23:43:01','2023-03-05 23:43:01',NULL),(137,0,'7','7',7,'image/png',2905,'promotion/7.png','[]','2023-03-05 23:43:01','2023-03-05 23:43:01',NULL),(138,0,'8','8',7,'image/png',1926,'promotion/8.png','[]','2023-03-05 23:43:01','2023-03-05 23:43:01',NULL),(139,0,'9','9',7,'image/png',2722,'promotion/9.png','[]','2023-03-05 23:43:01','2023-03-05 23:43:01',NULL),(140,0,'app-store','app-store',8,'image/jpeg',1064,'general/app-store.jpg','[]','2023-03-05 23:43:02','2023-03-05 23:43:02',NULL),(141,0,'category-1','category-1',8,'image/png',231,'general/category-1.png','[]','2023-03-05 23:43:02','2023-03-05 23:43:02',NULL),(142,0,'facebook','facebook',8,'image/png',646,'general/facebook.png','[]','2023-03-05 23:43:02','2023-03-05 23:43:02',NULL),(143,0,'favicon','favicon',8,'image/png',3890,'general/favicon.png','[]','2023-03-05 23:43:02','2023-03-05 23:43:02',NULL),(144,0,'google-play','google-play',8,'image/jpeg',1064,'general/google-play.jpg','[]','2023-03-05 23:43:02','2023-03-05 23:43:02',NULL),(145,0,'header-bg','header-bg',8,'image/png',16995,'general/header-bg.png','[]','2023-03-05 23:43:02','2023-03-05 23:43:02',NULL),(146,0,'home-6','home-6',8,'image/jpeg',799491,'general/home-6.jpeg','[]','2023-03-05 23:43:02','2023-03-05 23:43:02',NULL),(147,0,'icon-1','icon-1',8,'image/png',2024,'general/icon-1.png','[]','2023-03-05 23:43:02','2023-03-05 23:43:02',NULL),(148,0,'icon-2','icon-2',8,'image/png',3531,'general/icon-2.png','[]','2023-03-05 23:43:02','2023-03-05 23:43:02',NULL),(149,0,'icon-3','icon-3',8,'image/png',2344,'general/icon-3.png','[]','2023-03-05 23:43:02','2023-03-05 23:43:02',NULL),(150,0,'icon-4','icon-4',8,'image/png',2314,'general/icon-4.png','[]','2023-03-05 23:43:02','2023-03-05 23:43:02',NULL),(151,0,'icon-5','icon-5',8,'image/png',2853,'general/icon-5.png','[]','2023-03-05 23:43:02','2023-03-05 23:43:02',NULL),(152,0,'instagram','instagram',8,'image/png',2586,'general/instagram.png','[]','2023-03-05 23:43:02','2023-03-05 23:43:02',NULL),(153,0,'loading','loading',8,'image/gif',25062,'general/loading.gif','[]','2023-03-05 23:43:02','2023-03-05 23:43:02',NULL),(154,0,'login-1','login-1',8,'image/png',3099,'general/login-1.png','[]','2023-03-05 23:43:02','2023-03-05 23:43:02',NULL),(155,0,'logo','logo',8,'image/png',16457,'general/logo.png','[]','2023-03-05 23:43:02','2023-03-05 23:43:02',NULL),(156,0,'newsletter-background-image','newsletter-background-image',8,'image/png',28409,'general/newsletter-background-image.png','[]','2023-03-05 23:43:02','2023-03-05 23:43:02',NULL),(157,0,'newsletter-image','newsletter-image',8,'image/png',3997,'general/newsletter-image.png','[]','2023-03-05 23:43:03','2023-03-05 23:43:03',NULL),(158,0,'open-graph-image','open-graph-image',8,'image/png',436809,'general/open-graph-image.png','[]','2023-03-05 23:43:03','2023-03-05 23:43:03',NULL),(159,0,'payment-methods','payment-methods',8,'image/png',268,'general/payment-methods.png','[]','2023-03-05 23:43:03','2023-03-05 23:43:03',NULL),(160,0,'pinterest','pinterest',8,'image/png',2128,'general/pinterest.png','[]','2023-03-05 23:43:03','2023-03-05 23:43:03',NULL),(161,0,'twitter','twitter',8,'image/png',1759,'general/twitter.png','[]','2023-03-05 23:43:03','2023-03-05 23:43:03',NULL),(162,0,'youtube','youtube',8,'image/png',1083,'general/youtube.png','[]','2023-03-05 23:43:03','2023-03-05 23:43:03',NULL),(163,0,'1','1',9,'image/png',1307,'stores/1.png','[]','2023-03-05 23:43:03','2023-03-05 23:43:03',NULL),(164,0,'10','10',9,'image/png',1307,'stores/10.png','[]','2023-03-05 23:43:03','2023-03-05 23:43:03',NULL),(165,0,'11','11',9,'image/png',1307,'stores/11.png','[]','2023-03-05 23:43:03','2023-03-05 23:43:03',NULL),(166,0,'12','12',9,'image/png',1307,'stores/12.png','[]','2023-03-05 23:43:03','2023-03-05 23:43:03',NULL),(167,0,'13','13',9,'image/png',1307,'stores/13.png','[]','2023-03-05 23:43:03','2023-03-05 23:43:03',NULL),(168,0,'14','14',9,'image/png',1307,'stores/14.png','[]','2023-03-05 23:43:03','2023-03-05 23:43:03',NULL),(169,0,'15','15',9,'image/png',1307,'stores/15.png','[]','2023-03-05 23:43:03','2023-03-05 23:43:03',NULL),(170,0,'16','16',9,'image/png',1307,'stores/16.png','[]','2023-03-05 23:43:03','2023-03-05 23:43:03',NULL),(171,0,'17','17',9,'image/png',1307,'stores/17.png','[]','2023-03-05 23:43:03','2023-03-05 23:43:03',NULL),(172,0,'2','2',9,'image/png',1307,'stores/2.png','[]','2023-03-05 23:43:04','2023-03-05 23:43:04',NULL),(173,0,'3','3',9,'image/png',1307,'stores/3.png','[]','2023-03-05 23:43:04','2023-03-05 23:43:04',NULL),(174,0,'4','4',9,'image/png',1307,'stores/4.png','[]','2023-03-05 23:43:04','2023-03-05 23:43:04',NULL),(175,0,'5','5',9,'image/png',1307,'stores/5.png','[]','2023-03-05 23:43:04','2023-03-05 23:43:04',NULL),(176,0,'6','6',9,'image/png',1307,'stores/6.png','[]','2023-03-05 23:43:04','2023-03-05 23:43:04',NULL),(177,0,'7','7',9,'image/png',1307,'stores/7.png','[]','2023-03-05 23:43:04','2023-03-05 23:43:04',NULL),(178,0,'8','8',9,'image/png',1307,'stores/8.png','[]','2023-03-05 23:43:04','2023-03-05 23:43:04',NULL),(179,0,'9','9',9,'image/png',1307,'stores/9.png','[]','2023-03-05 23:43:04','2023-03-05 23:43:04',NULL),(180,1,'food-hive-favicon','food-hive-favicon',0,'image/png',5544,'food-hive-favicon.png','[]','2023-06-15 00:23:10','2023-06-15 00:24:14','2023-06-15 00:24:14'),(181,1,'food-hive-favicon','food-hive-favicon',8,'image/png',5544,'general/food-hive-favicon.png','[]','2023-06-15 00:24:35','2023-06-15 00:24:35',NULL),(182,1,'food-hive-no-back','food-hive-no-back',8,'image/png',18802,'general/food-hive-no-back.png','[]','2023-06-15 00:24:45','2023-06-15 00:24:45',NULL),(183,1,'1-1-1','1-1-1',5,'image/png',519229,'sliders/1-1-1.png','[]','2023-06-15 08:35:54','2023-06-15 08:35:54',NULL),(184,1,'1-2-1','1-2-1',5,'image/png',468469,'sliders/1-2-1.png','[]','2023-06-15 08:35:54','2023-06-15 08:35:54',NULL),(185,1,'farmers-market-concept-illustration-vector','farmers-market-concept-illustration-vector',9,'image/jpeg',122242,'stores/farmers-market-concept-illustration-vector.jpg','[]','2023-06-15 08:42:24','2023-06-15 08:42:24',NULL),(186,1,'isometric-bbq-picnic-party-tent-illustration_87771-2457','isometric-bbq-picnic-party-tent-illustration_87771-2457',8,'image/jpeg',66497,'general/isometric-bbq-picnic-party-tent-illustration-87771-2457.jpg','[]','2023-06-15 09:04:32','2023-06-15 09:04:32',NULL),(187,1,'bee-fly-honey-bug-flat-color-icon-icon-banner-template-free-vector','bee-fly-honey-bug-flat-color-icon-icon-banner-template-free-vector',8,'image/jpeg',197365,'general/bee-fly-honey-bug-flat-color-icon-icon-banner-template-free-vector.jpg','[]','2023-06-15 09:07:02','2023-06-15 09:07:02',NULL),(188,1,'cute-shopping-icons_23-2147522882','cute-shopping-icons_23-2147522882',9,'image/png',4902,'stores/cute-shopping-icons-23-2147522882.png','[]','2023-06-15 09:29:46','2023-06-15 09:29:46',NULL),(189,1,'farmers-market-concept-illustration-vector (1)','farmers-market-concept-illustration-vector (1)',9,'image/jpeg',211366,'stores/farmers-market-concept-illustration-vector-1.jpg','[]','2023-06-15 10:22:23','2023-06-15 10:22:23',NULL),(190,1,'farmers-growing-organic-vegetables-people-shopping-with-eco-friendly-bags-vector-isometric-illustrat_453374-378 (1)','farmers-growing-organic-vegetables-people-shopping-with-eco-friendly-bags-vector-isometric-illustrat_453374-378 (1)',8,'image/jpeg',516756,'general/farmers-growing-organic-vegetables-people-shopping-with-eco-friendly-bags-vector-isometric-illustrat-453374-378-1.jpg','[]','2023-06-15 10:50:27','2023-06-15 10:50:27',NULL);
/*!40000 ALTER TABLE `media_files` ENABLE KEYS */;
UNLOCK TABLES;

--
-- Table structure for table `media_folders`
--

DROP TABLE IF EXISTS `media_folders`;
/*!40101 SET @saved_cs_client     = @@character_set_client */;
/*!50503 SET character_set_client = utf8mb4 */;
CREATE TABLE `media_folders` (
  `id` bigint unsigned NOT NULL AUTO_INCREMENT,
  `user_id` bigint unsigned NOT NULL,
  `name` varchar(191) CHARACTER SET utf8mb4 COLLATE utf8mb4_unicode_ci DEFAULT NULL,
  `slug` varchar(191) CHARACTER SET utf8mb4 COLLATE utf8mb4_unicode_ci DEFAULT NULL,
  `parent_id` bigint unsigned NOT NULL DEFAULT '0',
  `created_at` timestamp NULL DEFAULT NULL,
  `updated_at` timestamp NULL DEFAULT NULL,
  `deleted_at` timestamp NULL DEFAULT NULL,
  PRIMARY KEY (`id`),
  KEY `media_folders_user_id_index` (`user_id`),
  KEY `media_folders_index` (`parent_id`,`user_id`,`created_at`)
) ENGINE=InnoDB AUTO_INCREMENT=10 DEFAULT CHARSET=utf8mb4 COLLATE=utf8mb4_unicode_ci;
/*!40101 SET character_set_client = @saved_cs_client */;

--
-- Dumping data for table `media_folders`
--

LOCK TABLES `media_folders` WRITE;
/*!40000 ALTER TABLE `media_folders` DISABLE KEYS */;
INSERT INTO `media_folders` VALUES (1,0,'product-categories','product-categories',0,'2023-03-05 23:42:49','2023-03-05 23:42:49',NULL),(2,0,'products','products',0,'2023-03-05 23:42:51','2023-03-05 23:42:51',NULL),(3,0,'customers','customers',0,'2023-03-05 23:42:56','2023-03-05 23:42:56',NULL),(4,0,'flash-sales','flash-sales',0,'2023-03-05 23:42:57','2023-03-05 23:42:57',NULL),(5,0,'sliders','sliders',0,'2023-03-05 23:42:57','2023-03-05 23:42:57',NULL),(6,0,'news','news',0,'2023-03-05 23:42:59','2023-03-05 23:42:59',NULL),(7,0,'promotion','promotion',0,'2023-03-05 23:43:01','2023-03-05 23:43:01',NULL),(8,0,'general','general',0,'2023-03-05 23:43:02','2023-03-05 23:43:02',NULL),(9,0,'stores','stores',0,'2023-03-05 23:43:03','2023-03-05 23:43:03',NULL);
/*!40000 ALTER TABLE `media_folders` ENABLE KEYS */;
UNLOCK TABLES;

--
-- Table structure for table `media_settings`
--

DROP TABLE IF EXISTS `media_settings`;
/*!40101 SET @saved_cs_client     = @@character_set_client */;
/*!50503 SET character_set_client = utf8mb4 */;
CREATE TABLE `media_settings` (
  `id` bigint unsigned NOT NULL AUTO_INCREMENT,
  `key` varchar(120) CHARACTER SET utf8mb4 COLLATE utf8mb4_unicode_ci NOT NULL,
  `value` text CHARACTER SET utf8mb4 COLLATE utf8mb4_unicode_ci,
  `media_id` bigint unsigned DEFAULT NULL,
  `user_id` bigint unsigned DEFAULT NULL,
  `created_at` timestamp NULL DEFAULT NULL,
  `updated_at` timestamp NULL DEFAULT NULL,
  PRIMARY KEY (`id`)
) ENGINE=InnoDB DEFAULT CHARSET=utf8mb4 COLLATE=utf8mb4_unicode_ci;
/*!40101 SET character_set_client = @saved_cs_client */;

--
-- Dumping data for table `media_settings`
--

LOCK TABLES `media_settings` WRITE;
/*!40000 ALTER TABLE `media_settings` DISABLE KEYS */;
/*!40000 ALTER TABLE `media_settings` ENABLE KEYS */;
UNLOCK TABLES;

--
-- Table structure for table `menu_locations`
--

DROP TABLE IF EXISTS `menu_locations`;
/*!40101 SET @saved_cs_client     = @@character_set_client */;
/*!50503 SET character_set_client = utf8mb4 */;
CREATE TABLE `menu_locations` (
  `id` bigint unsigned NOT NULL AUTO_INCREMENT,
  `menu_id` bigint unsigned NOT NULL,
  `location` varchar(120) CHARACTER SET utf8mb4 COLLATE utf8mb4_unicode_ci NOT NULL,
  `created_at` timestamp NULL DEFAULT NULL,
  `updated_at` timestamp NULL DEFAULT NULL,
  PRIMARY KEY (`id`),
  KEY `menu_locations_menu_id_created_at_index` (`menu_id`,`created_at`)
) ENGINE=InnoDB AUTO_INCREMENT=5 DEFAULT CHARSET=utf8mb4 COLLATE=utf8mb4_unicode_ci;
/*!40101 SET character_set_client = @saved_cs_client */;

--
-- Dumping data for table `menu_locations`
--

LOCK TABLES `menu_locations` WRITE;
/*!40000 ALTER TABLE `menu_locations` DISABLE KEYS */;
INSERT INTO `menu_locations` VALUES (1,1,'main-menu','2023-03-05 23:43:04','2023-03-05 23:43:04'),(2,2,'header-navigation','2023-03-05 23:43:04','2023-03-05 23:43:04'),(3,6,'main-menu','2023-03-05 23:43:04','2023-03-05 23:43:04'),(4,7,'header-navigation','2023-03-05 23:43:05','2023-03-05 23:43:05');
/*!40000 ALTER TABLE `menu_locations` ENABLE KEYS */;
UNLOCK TABLES;

--
-- Table structure for table `menu_nodes`
--

DROP TABLE IF EXISTS `menu_nodes`;
/*!40101 SET @saved_cs_client     = @@character_set_client */;
/*!50503 SET character_set_client = utf8mb4 */;
CREATE TABLE `menu_nodes` (
  `id` bigint unsigned NOT NULL AUTO_INCREMENT,
  `menu_id` bigint unsigned NOT NULL,
  `parent_id` bigint unsigned NOT NULL DEFAULT '0',
  `reference_id` bigint unsigned DEFAULT NULL,
  `reference_type` varchar(255) CHARACTER SET utf8mb4 COLLATE utf8mb4_unicode_ci DEFAULT NULL,
  `url` varchar(120) CHARACTER SET utf8mb4 COLLATE utf8mb4_unicode_ci DEFAULT NULL,
  `icon_font` varchar(50) CHARACTER SET utf8mb4 COLLATE utf8mb4_unicode_ci DEFAULT NULL,
  `position` tinyint unsigned NOT NULL DEFAULT '0',
  `title` varchar(120) CHARACTER SET utf8mb4 COLLATE utf8mb4_unicode_ci DEFAULT NULL,
  `css_class` varchar(120) CHARACTER SET utf8mb4 COLLATE utf8mb4_unicode_ci DEFAULT NULL,
  `target` varchar(20) CHARACTER SET utf8mb4 COLLATE utf8mb4_unicode_ci NOT NULL DEFAULT '_self',
  `has_child` tinyint unsigned NOT NULL DEFAULT '0',
  `created_at` timestamp NULL DEFAULT NULL,
  `updated_at` timestamp NULL DEFAULT NULL,
  PRIMARY KEY (`id`),
  KEY `menu_nodes_menu_id_index` (`menu_id`),
  KEY `menu_nodes_parent_id_index` (`parent_id`),
  KEY `reference_id` (`reference_id`),
  KEY `reference_type` (`reference_type`)
) ENGINE=InnoDB AUTO_INCREMENT=103 DEFAULT CHARSET=utf8mb4 COLLATE=utf8mb4_unicode_ci;
/*!40101 SET character_set_client = @saved_cs_client */;

--
-- Dumping data for table `menu_nodes`
--

LOCK TABLES `menu_nodes` WRITE;
/*!40000 ALTER TABLE `menu_nodes` DISABLE KEYS */;
INSERT INTO `menu_nodes` VALUES (1,1,0,0,NULL,'/','fi-rs-home',0,'Home',NULL,'_self',0,'2023-03-05 23:43:04','2023-06-15 10:33:29'),(8,1,0,0,NULL,'/products',NULL,1,'Shop',NULL,'_self',0,'2023-03-05 23:43:04','2023-06-15 10:33:29'),(13,1,0,0,NULL,'/stores',NULL,2,'Stores',NULL,'_self',1,'2023-03-05 23:43:04','2023-06-15 10:33:29'),(14,1,13,0,NULL,'/stores',NULL,0,'Stores - Grid',NULL,'_self',0,'2023-03-05 23:43:04','2023-06-15 10:33:29'),(17,1,0,0,NULL,'/products/seeds-of-change-organic-quinoe',NULL,3,'Product',NULL,'_self',0,'2023-03-05 23:43:04','2023-06-15 10:33:29'),(21,1,0,5,'Botble\\Page\\Models\\Page','/blog',NULL,4,'Blog',NULL,'_self',1,'2023-03-05 23:43:04','2023-06-15 10:33:29'),(22,1,21,5,'Botble\\Page\\Models\\Page','/blog',NULL,0,'Blog Grid',NULL,'_self',0,'2023-03-05 23:43:04','2023-06-15 10:33:29'),(23,1,21,13,'Botble\\Page\\Models\\Page','/blog-list',NULL,1,'Blog List',NULL,'_self',0,'2023-03-05 23:43:04','2023-06-15 10:33:29'),(24,1,21,14,'Botble\\Page\\Models\\Page','/blog-big',NULL,2,'Blog Big',NULL,'_self',0,'2023-03-05 23:43:04','2023-06-15 10:33:30'),(25,1,21,15,'Botble\\Page\\Models\\Page','/blog-wide',NULL,3,'Blog Wide',NULL,'_self',0,'2023-03-05 23:43:04','2023-06-15 10:33:30'),(26,1,21,0,NULL,'/blog/4-expert-tips-on-how-to-choose-the-right-mens-wallet',NULL,4,'Single Post',NULL,'_self',1,'2023-03-05 23:43:04','2023-06-15 10:33:30'),(27,1,26,0,NULL,'/blog/4-expert-tips-on-how-to-choose-the-right-mens-wallet',NULL,0,'Single Post Right Sidebar',NULL,'_self',0,'2023-03-05 23:43:04','2023-06-15 10:33:30'),(28,1,26,0,NULL,'/blog/sexy-clutches-how-to-buy-amp-wear-a-designer-clutch-bag',NULL,1,'Single Post Left Sidebar',NULL,'_self',0,'2023-03-05 23:43:04','2023-06-15 10:33:30'),(29,1,26,0,NULL,'/blog/the-top-2020-handbag-trends-to-know',NULL,2,'Single Post Full Width',NULL,'_self',0,'2023-03-05 23:43:04','2023-06-15 10:33:30'),(30,1,26,0,NULL,'/blog/how-to-match-the-color-of-your-handbag-with-an-outfit',NULL,3,'Single Post with Product Listing',NULL,'_self',0,'2023-03-05 23:43:04','2023-06-15 10:33:30'),(31,1,0,18,'Botble\\Page\\Models\\Page','/faq',NULL,5,'FAQ',NULL,'_self',0,'2023-03-05 23:43:04','2023-06-15 10:33:30'),(32,1,0,6,'Botble\\Page\\Models\\Page','/contact',NULL,6,'Contact',NULL,'_self',0,'2023-03-05 23:43:04','2023-06-15 10:33:30'),(33,2,0,7,'Botble\\Page\\Models\\Page','/about-us',NULL,0,'About Us',NULL,'_self',0,'2023-03-05 23:43:04','2023-03-05 23:43:05'),(34,2,0,NULL,NULL,'/orders/tracking',NULL,0,'Order Tracking',NULL,'_self',0,'2023-03-05 23:43:04','2023-03-05 23:43:04'),(41,4,0,6,'Botble\\Page\\Models\\Page','/contact',NULL,0,'Contact Us',NULL,'_self',0,'2023-03-05 23:43:04','2023-03-05 23:43:05'),(42,4,0,7,'Botble\\Page\\Models\\Page','/about-us',NULL,0,'About Us',NULL,'_self',0,'2023-03-05 23:43:04','2023-03-05 23:43:05'),(43,4,0,8,'Botble\\Page\\Models\\Page','/cookie-policy',NULL,0,'Cookie Policy',NULL,'_self',0,'2023-03-05 23:43:04','2023-03-05 23:43:05'),(44,4,0,9,'Botble\\Page\\Models\\Page','/terms-amp-conditions',NULL,0,'Terms & Conditions',NULL,'_self',0,'2023-03-05 23:43:04','2023-03-05 23:43:05'),(45,4,0,10,'Botble\\Page\\Models\\Page','/returns-amp-exchanges',NULL,0,'Returns & Exchanges',NULL,'_self',0,'2023-03-05 23:43:04','2023-03-05 23:43:05'),(46,4,0,11,'Botble\\Page\\Models\\Page','/shipping-amp-delivery',NULL,0,'Shipping & Delivery',NULL,'_self',0,'2023-03-05 23:43:04','2023-03-05 23:43:05'),(47,4,0,12,'Botble\\Page\\Models\\Page','/privacy-policy',NULL,0,'Privacy Policy',NULL,'_self',0,'2023-03-05 23:43:04','2023-03-05 23:43:05'),(48,5,0,7,'Botble\\Page\\Models\\Page','/about-us',NULL,0,'About us',NULL,'_self',0,'2023-03-05 23:43:04','2023-03-05 23:43:05'),(49,5,0,NULL,NULL,'#',NULL,0,'Affiliate',NULL,'_self',0,'2023-03-05 23:43:04','2023-03-05 23:43:04'),(50,5,0,NULL,NULL,'#',NULL,0,'Career',NULL,'_self',0,'2023-03-05 23:43:04','2023-03-05 23:43:04'),(51,5,0,6,'Botble\\Page\\Models\\Page','/contact',NULL,0,'Contact us',NULL,'_self',0,'2023-03-05 23:43:04','2023-03-05 23:43:05'),(52,6,0,NULL,NULL,'/',NULL,0,'Trang chủ',NULL,'_self',1,'2023-03-05 23:43:04','2023-03-05 23:43:04'),(53,6,52,1,'Botble\\Page\\Models\\Page','/homepage',NULL,0,'Trang chủ 1',NULL,'_self',0,'2023-03-05 23:43:04','2023-03-05 23:43:05'),(54,6,52,2,'Botble\\Page\\Models\\Page','/homepage-2',NULL,0,'Trang chủ 2',NULL,'_self',0,'2023-03-05 23:43:04','2023-03-05 23:43:05'),(55,6,52,3,'Botble\\Page\\Models\\Page','/homepage-3',NULL,0,'Trang chủ 3',NULL,'_self',0,'2023-03-05 23:43:04','2023-03-05 23:43:05'),(56,6,52,4,'Botble\\Page\\Models\\Page','/homepage-4',NULL,0,'Trang chủ 4',NULL,'_self',0,'2023-03-05 23:43:04','2023-03-05 23:43:05'),(57,6,52,16,'Botble\\Page\\Models\\Page','/homepage-5',NULL,0,'Trang chủ 5',NULL,'_self',0,'2023-03-05 23:43:04','2023-03-05 23:43:05'),(58,6,52,17,'Botble\\Page\\Models\\Page','/homepage-6',NULL,0,'Trang chủ 6',NULL,'_self',0,'2023-03-05 23:43:04','2023-03-05 23:43:05'),(59,6,0,NULL,NULL,'/products',NULL,0,'Bán hàng',NULL,'_self',1,'2023-03-05 23:43:04','2023-03-05 23:43:04'),(60,6,59,NULL,NULL,'/products',NULL,0,'Tất cả sản phẩm',NULL,'_self',0,'2023-03-05 23:43:04','2023-03-05 23:43:04'),(61,6,59,1,'Botble\\Ecommerce\\Models\\ProductCategory','/product-categories/milks-and-dairies',NULL,0,'Danh mục sản phẩm',NULL,'_self',0,'2023-03-05 23:43:04','2023-03-05 23:43:05'),(62,6,0,NULL,NULL,'/stores',NULL,0,'Cửa hàng',NULL,'_self',1,'2023-03-05 23:43:04','2023-03-05 23:43:04'),(63,6,62,NULL,NULL,'/stores',NULL,0,'Cửa hàng - Grid',NULL,'_self',0,'2023-03-05 23:43:04','2023-03-05 23:43:04'),(64,6,62,NULL,NULL,'/stores?layout=stores-list',NULL,0,'Cửa hàng - List',NULL,'_self',0,'2023-03-05 23:43:04','2023-03-05 23:43:04'),(65,6,62,NULL,NULL,'/stores/gopro',NULL,0,'Cửa hàng - Detail',NULL,'_self',0,'2023-03-05 23:43:04','2023-03-05 23:43:04'),(66,6,0,NULL,NULL,'#',NULL,0,'Sản phẩm',NULL,'_self',1,'2023-03-05 23:43:04','2023-03-05 23:43:04'),(67,6,66,NULL,NULL,'/products/seeds-of-change-organic-quinoe',NULL,0,'Sản phẩm Sidebar phải',NULL,'_self',0,'2023-03-05 23:43:04','2023-03-05 23:43:04'),(68,6,66,NULL,NULL,'/products/all-natural-italian-style-chicken-meatballs',NULL,0,'Sản phẩm Sidebar trái',NULL,'_self',0,'2023-03-05 23:43:04','2023-03-05 23:43:04'),(69,6,66,NULL,NULL,'/products/angies-boomchickapop-sweet-salty-kettle-corn',NULL,0,'Sản phẩm full width',NULL,'_self',0,'2023-03-05 23:43:04','2023-03-05 23:43:04'),(70,6,0,5,'Botble\\Page\\Models\\Page','/blog',NULL,0,'Tin tức',NULL,'_self',1,'2023-03-05 23:43:04','2023-03-05 23:43:05'),(71,6,70,5,'Botble\\Page\\Models\\Page','/blog',NULL,0,'Tin tức Sidebar phải',NULL,'_self',0,'2023-03-05 23:43:04','2023-03-05 23:43:05'),(72,6,70,13,'Botble\\Page\\Models\\Page','/blog-list',NULL,0,'Tin tức Sidebar trái',NULL,'_self',0,'2023-03-05 23:43:04','2023-03-05 23:43:05'),(73,6,70,NULL,NULL,'/blog/4-expert-tips-on-how-to-choose-the-right-mens-wallet',NULL,0,'Bài viết Sidebar phải',NULL,'_self',0,'2023-03-05 23:43:04','2023-03-05 23:43:04'),(74,6,70,NULL,NULL,'/blog/sexy-clutches-how-to-buy-amp-wear-a-designer-clutch-bag',NULL,0,'Bài viết Sidebar trái',NULL,'_self',0,'2023-03-05 23:43:04','2023-03-05 23:43:04'),(75,6,70,NULL,NULL,'/blog/the-top-2020-handbag-trends-to-know',NULL,0,'Bài viết Full Width',NULL,'_self',0,'2023-03-05 23:43:04','2023-03-05 23:43:04'),(76,6,70,NULL,NULL,'/blog/how-to-match-the-color-of-your-handbag-with-an-outfit',NULL,0,'Bài viết kèm sản phẩm',NULL,'_self',0,'2023-03-05 23:43:04','2023-03-05 23:43:04'),(77,6,0,18,'Botble\\Page\\Models\\Page','/faq',NULL,0,'FAQ',NULL,'_self',0,'2023-03-05 23:43:04','2023-03-05 23:43:05'),(78,6,0,6,'Botble\\Page\\Models\\Page','/contact',NULL,0,'Liên hệ',NULL,'_self',0,'2023-03-05 23:43:04','2023-03-05 23:43:05'),(79,7,0,8,'Botble\\Page\\Models\\Page','/cookie-policy',NULL,0,'Về Chúng Tôi',NULL,'_self',0,'2023-03-05 23:43:05','2023-03-05 23:43:05'),(80,7,0,NULL,NULL,'/orders/tracking',NULL,0,'Theo Dõi Đơn Hàng',NULL,'_self',0,'2023-03-05 23:43:05','2023-03-05 23:43:05'),(81,8,0,1,'Botble\\Ecommerce\\Models\\ProductCategory','/product-categories/milks-and-dairies',NULL,0,'Sữa',NULL,'_self',0,'2023-03-05 23:43:05','2023-03-05 23:43:05'),(82,8,0,2,'Botble\\Ecommerce\\Models\\ProductCategory','/product-categories/clothing-beauty',NULL,0,'Quần áo và làm đẹp',NULL,'_self',0,'2023-03-05 23:43:05','2023-03-05 23:43:05'),(83,8,0,3,'Botble\\Ecommerce\\Models\\ProductCategory','/product-categories/pet-toy',NULL,0,'Đồ chơi thú cưng',NULL,'_self',0,'2023-03-05 23:43:05','2023-03-05 23:43:05'),(84,8,0,4,'Botble\\Ecommerce\\Models\\ProductCategory','/product-categories/baking-material',NULL,0,'Nguyên liệu làm bánh',NULL,'_self',0,'2023-03-05 23:43:05','2023-03-05 23:43:05'),(85,8,0,5,'Botble\\Ecommerce\\Models\\ProductCategory','/product-categories/fresh-fruit',NULL,0,'Trái cây tươi',NULL,'_self',0,'2023-03-05 23:43:05','2023-03-05 23:43:05'),(86,8,0,6,'Botble\\Ecommerce\\Models\\ProductCategory','/product-categories/wines-drinks',NULL,0,'Rượu & Đồ uống',NULL,'_self',0,'2023-03-05 23:43:05','2023-03-05 23:43:05'),(87,9,0,6,'Botble\\Page\\Models\\Page','/contact',NULL,0,'Liên hệ',NULL,'_self',0,'2023-03-05 23:43:05','2023-03-05 23:43:05'),(88,9,0,8,'Botble\\Page\\Models\\Page','/cookie-policy',NULL,0,'Về chúng tôi',NULL,'_self',0,'2023-03-05 23:43:05','2023-03-05 23:43:05'),(89,9,0,9,'Botble\\Page\\Models\\Page','/terms-amp-conditions',NULL,0,'Điều khoản & quy định',NULL,'_self',0,'2023-03-05 23:43:05','2023-03-05 23:43:05'),(90,9,0,10,'Botble\\Page\\Models\\Page','/returns-amp-exchanges',NULL,0,'Chính sách đổi trả',NULL,'_self',0,'2023-03-05 23:43:05','2023-03-05 23:43:05'),(91,9,0,11,'Botble\\Page\\Models\\Page','/shipping-amp-delivery',NULL,0,'Chính sách vận chuyển',NULL,'_self',0,'2023-03-05 23:43:05','2023-03-05 23:43:05'),(92,9,0,12,'Botble\\Page\\Models\\Page','/privacy-policy',NULL,0,'Chính sách bảo mật',NULL,'_self',0,'2023-03-05 23:43:05','2023-03-05 23:43:05'),(93,10,0,7,'Botble\\Page\\Models\\Page','/about-us',NULL,0,'Về chúng tôi',NULL,'_self',0,'2023-03-05 23:43:05','2023-03-05 23:43:05'),(94,10,0,NULL,NULL,'#',NULL,0,'Tiếp thị liên kết',NULL,'_self',0,'2023-03-05 23:43:05','2023-03-05 23:43:05'),(95,10,0,NULL,NULL,'#',NULL,0,'Tuyển dụng',NULL,'_self',0,'2023-03-05 23:43:05','2023-03-05 23:43:05'),(96,10,0,6,'Botble\\Page\\Models\\Page','/contact',NULL,0,'Liên hệ',NULL,'_self',0,'2023-03-05 23:43:05','2023-03-05 23:43:05'),(97,3,0,4,'Botble\\Ecommerce\\Models\\ProductCategory','/product-categories/baking-material',NULL,0,'Baking material',NULL,'_self',0,'2023-06-15 10:35:05','2023-06-15 10:35:13'),(98,3,0,10,'Botble\\Ecommerce\\Models\\ProductCategory','/product-categories/bread-and-juice',NULL,1,'Bread and Juice',NULL,'_self',0,'2023-06-15 10:35:05','2023-06-15 10:35:13'),(99,3,0,11,'Botble\\Ecommerce\\Models\\ProductCategory','/product-categories/cake-milk',NULL,2,'Cake & Milk',NULL,'_self',0,'2023-06-15 10:35:05','2023-06-15 10:35:13'),(100,3,0,2,'Botble\\Ecommerce\\Models\\ProductCategory','/product-categories/clothing-beauty',NULL,3,'Clothing & beauty',NULL,'_self',0,'2023-06-15 10:35:06','2023-06-15 10:35:13'),(101,3,0,12,'Botble\\Ecommerce\\Models\\ProductCategory','/product-categories/coffee-teas',NULL,4,'Coffee & Teas',NULL,'_self',0,'2023-06-15 10:35:06','2023-06-15 10:35:14'),(102,3,0,14,'Botble\\Ecommerce\\Models\\ProductCategory','/product-categories/diet-foods',NULL,5,'Diet Foods',NULL,'_self',0,'2023-06-15 10:35:06','2023-06-15 10:35:14');
/*!40000 ALTER TABLE `menu_nodes` ENABLE KEYS */;
UNLOCK TABLES;

--
-- Table structure for table `menus`
--

DROP TABLE IF EXISTS `menus`;
/*!40101 SET @saved_cs_client     = @@character_set_client */;
/*!50503 SET character_set_client = utf8mb4 */;
CREATE TABLE `menus` (
  `id` bigint unsigned NOT NULL AUTO_INCREMENT,
  `name` varchar(120) CHARACTER SET utf8mb4 COLLATE utf8mb4_unicode_ci NOT NULL,
  `slug` varchar(120) CHARACTER SET utf8mb4 COLLATE utf8mb4_unicode_ci DEFAULT NULL,
  `status` varchar(60) CHARACTER SET utf8mb4 COLLATE utf8mb4_unicode_ci NOT NULL DEFAULT 'published',
  `created_at` timestamp NULL DEFAULT NULL,
  `updated_at` timestamp NULL DEFAULT NULL,
  PRIMARY KEY (`id`),
  UNIQUE KEY `menus_slug_unique` (`slug`)
) ENGINE=InnoDB AUTO_INCREMENT=11 DEFAULT CHARSET=utf8mb4 COLLATE=utf8mb4_unicode_ci;
/*!40101 SET character_set_client = @saved_cs_client */;

--
-- Dumping data for table `menus`
--

LOCK TABLES `menus` WRITE;
/*!40000 ALTER TABLE `menus` DISABLE KEYS */;
INSERT INTO `menus` VALUES (1,'Main menu','main-menu','published','2023-03-05 23:43:04','2023-06-15 10:33:29'),(2,'Header menu','header-menu','published','2023-03-05 23:43:04','2023-03-05 23:43:04'),(3,'Product categories','product-categories','published','2023-03-05 23:43:04','2023-06-15 10:35:13'),(4,'Information','information','published','2023-03-05 23:43:04','2023-03-05 23:43:04'),(5,'Company','company','published','2023-03-05 23:43:04','2023-03-05 23:43:04'),(6,'Menu chính','menu-chinh','published','2023-03-05 23:43:04','2023-03-05 23:43:04'),(7,'Menu trên cùng','menu-tren-cung','published','2023-03-05 23:43:05','2023-03-05 23:43:05'),(8,'Product categories','danh-muc-san-pham','published','2023-03-05 23:43:05','2023-03-05 23:43:05'),(9,'Information','thong-tin','published','2023-03-05 23:43:05','2023-03-05 23:43:05'),(10,'Công ty','cong-ty','published','2023-03-05 23:43:05','2023-03-05 23:43:05');
/*!40000 ALTER TABLE `menus` ENABLE KEYS */;
UNLOCK TABLES;

--
-- Table structure for table `meta_boxes`
--

DROP TABLE IF EXISTS `meta_boxes`;
/*!40101 SET @saved_cs_client     = @@character_set_client */;
/*!50503 SET character_set_client = utf8mb4 */;
CREATE TABLE `meta_boxes` (
  `id` bigint unsigned NOT NULL AUTO_INCREMENT,
  `meta_key` varchar(255) CHARACTER SET utf8mb4 COLLATE utf8mb4_unicode_ci NOT NULL,
  `meta_value` text CHARACTER SET utf8mb4 COLLATE utf8mb4_unicode_ci,
  `reference_id` bigint unsigned NOT NULL,
  `reference_type` varchar(120) CHARACTER SET utf8mb4 COLLATE utf8mb4_unicode_ci NOT NULL,
  `created_at` timestamp NULL DEFAULT NULL,
  `updated_at` timestamp NULL DEFAULT NULL,
  PRIMARY KEY (`id`),
  KEY `meta_boxes_reference_id_index` (`reference_id`)
) ENGINE=InnoDB AUTO_INCREMENT=154 DEFAULT CHARSET=utf8mb4 COLLATE=utf8mb4_unicode_ci;
/*!40101 SET character_set_client = @saved_cs_client */;

--
-- Dumping data for table `meta_boxes`
--

LOCK TABLES `meta_boxes` WRITE;
/*!40000 ALTER TABLE `meta_boxes` DISABLE KEYS */;
INSERT INTO `meta_boxes` VALUES (1,'icon_image','[\"product-categories\\/icon-1.png\"]',1,'Botble\\Ecommerce\\Models\\ProductCategory','2023-03-05 23:42:51','2023-03-05 23:42:51'),(2,'background_color','[\"#F2FCE4\"]',1,'Botble\\Ecommerce\\Models\\ProductCategory','2023-03-05 23:42:51','2023-03-05 23:42:51'),(3,'icon_image','[\"product-categories\\/icon-2.png\"]',2,'Botble\\Ecommerce\\Models\\ProductCategory','2023-03-05 23:42:51','2023-03-05 23:42:51'),(4,'background_color','[\"#FFFCEB\"]',2,'Botble\\Ecommerce\\Models\\ProductCategory','2023-03-05 23:42:51','2023-03-05 23:42:51'),(5,'icon_image','[\"product-categories\\/icon-3.png\"]',3,'Botble\\Ecommerce\\Models\\ProductCategory','2023-03-05 23:42:51','2023-03-05 23:42:51'),(6,'background_color','[\"#ECFFEC\"]',3,'Botble\\Ecommerce\\Models\\ProductCategory','2023-03-05 23:42:51','2023-03-05 23:42:51'),(7,'icon_image','[\"product-categories\\/icon-4.png\"]',4,'Botble\\Ecommerce\\Models\\ProductCategory','2023-03-05 23:42:51','2023-03-05 23:42:51'),(8,'background_color','[\"#FEEFEA\"]',4,'Botble\\Ecommerce\\Models\\ProductCategory','2023-03-05 23:42:51','2023-03-05 23:42:51'),(9,'icon_image','[\"product-categories\\/icon-5.png\"]',5,'Botble\\Ecommerce\\Models\\ProductCategory','2023-03-05 23:42:51','2023-03-05 23:42:51'),(10,'background_color','[\"#FFF3EB\"]',5,'Botble\\Ecommerce\\Models\\ProductCategory','2023-03-05 23:42:51','2023-03-05 23:42:51'),(11,'icon_image','[\"product-categories\\/icon-6.png\"]',6,'Botble\\Ecommerce\\Models\\ProductCategory','2023-03-05 23:42:51','2023-03-05 23:42:51'),(12,'background_color','[\"#FFF3FF\"]',6,'Botble\\Ecommerce\\Models\\ProductCategory','2023-03-05 23:42:51','2023-03-05 23:42:51'),(13,'icon_image','[\"product-categories\\/icon-7.png\"]',7,'Botble\\Ecommerce\\Models\\ProductCategory','2023-03-05 23:42:51','2023-03-05 23:42:51'),(14,'background_color','[\"#F2FCE4\"]',7,'Botble\\Ecommerce\\Models\\ProductCategory','2023-03-05 23:42:51','2023-03-05 23:42:51'),(15,'icon_image','[\"product-categories\\/icon-8.png\"]',8,'Botble\\Ecommerce\\Models\\ProductCategory','2023-03-05 23:42:51','2023-03-05 23:42:51'),(16,'background_color','[\"#FFFCEB\"]',8,'Botble\\Ecommerce\\Models\\ProductCategory','2023-03-05 23:42:51','2023-03-05 23:42:51'),(17,'icon_image','[\"product-categories\\/icon-9.png\"]',9,'Botble\\Ecommerce\\Models\\ProductCategory','2023-03-05 23:42:51','2023-03-05 23:42:51'),(18,'background_color','[\"#ECFFEC\"]',9,'Botble\\Ecommerce\\Models\\ProductCategory','2023-03-05 23:42:51','2023-03-05 23:42:51'),(19,'icon_image','[\"product-categories\\/icon-10.png\"]',10,'Botble\\Ecommerce\\Models\\ProductCategory','2023-03-05 23:42:51','2023-03-05 23:42:51'),(20,'background_color','[\"#FEEFEA\"]',10,'Botble\\Ecommerce\\Models\\ProductCategory','2023-03-05 23:42:51','2023-03-05 23:42:51'),(21,'icon_image','[\"product-categories\\/icon-11.png\"]',11,'Botble\\Ecommerce\\Models\\ProductCategory','2023-03-05 23:42:51','2023-03-05 23:42:51'),(22,'background_color','[\"#FFF3EB\"]',11,'Botble\\Ecommerce\\Models\\ProductCategory','2023-03-05 23:42:51','2023-03-05 23:42:51'),(23,'icon_image','[\"product-categories\\/icon-12.png\"]',12,'Botble\\Ecommerce\\Models\\ProductCategory','2023-03-05 23:42:51','2023-03-05 23:42:51'),(24,'background_color','[\"#FFF3FF\"]',12,'Botble\\Ecommerce\\Models\\ProductCategory','2023-03-05 23:42:51','2023-03-05 23:42:51'),(25,'icon_image','[\"product-categories\\/icon-13.png\"]',13,'Botble\\Ecommerce\\Models\\ProductCategory','2023-03-05 23:42:51','2023-03-05 23:42:51'),(26,'background_color','[\"#F2FCE4\"]',13,'Botble\\Ecommerce\\Models\\ProductCategory','2023-03-05 23:42:51','2023-03-05 23:42:51'),(27,'icon_image','[\"product-categories\\/icon-14.png\"]',14,'Botble\\Ecommerce\\Models\\ProductCategory','2023-03-05 23:42:51','2023-03-05 23:42:51'),(28,'background_color','[\"#FFFCEB\"]',14,'Botble\\Ecommerce\\Models\\ProductCategory','2023-03-05 23:42:51','2023-03-05 23:42:51'),(29,'layout','[\"product-right-sidebar\"]',1,'Botble\\Ecommerce\\Models\\Product','2023-03-05 23:42:55','2023-03-05 23:42:55'),(30,'faq_schema_config','[[[{\"key\":\"question\",\"value\":\"What Shipping Methods Are Available?\"},{\"key\":\"answer\",\"value\":\"Ex Portland Pitchfork irure mustache. Eutra fap before they sold out literally. Aliquip ugh bicycle rights actually mlkshk, seitan squid craft beer tempor.\"}],[{\"key\":\"question\",\"value\":\"Do You Ship Internationally?\"},{\"key\":\"answer\",\"value\":\"Hoodie tote bag mixtape tofu. Typewriter jean shorts wolf quinoa, messenger bag organic freegan cray.\"}],[{\"key\":\"question\",\"value\":\"How Long Will It Take To Get My Package?\"},{\"key\":\"answer\",\"value\":\"Swag slow-carb quinoa VHS typewriter pork belly brunch, paleo single-origin coffee Wes Anderson. Flexitarian Pitchfork forage, literally paleo fap pour-over. Wes Anderson Pinterest YOLO fanny pack meggings, deep v XOXO chambray sustainable slow-carb raw denim church-key fap chillwave Etsy. +1 typewriter kitsch, American Apparel tofu Banksy Vice.\"}],[{\"key\":\"question\",\"value\":\"What Payment Methods Are Accepted?\"},{\"key\":\"answer\",\"value\":\"Fashion axe DIY jean shorts, swag kale chips meh polaroid kogi butcher Wes Anderson chambray next level semiotics gentrify yr. Voluptate photo booth fugiat Vice. Austin sed Williamsburg, ea labore raw denim voluptate cred proident mixtape excepteur mustache. Twee chia photo booth readymade food truck, hoodie roof party swag keytar PBR DIY.\"}],[{\"key\":\"question\",\"value\":\"Is Buying On-Line Safe?\"},{\"key\":\"answer\",\"value\":\"Art party authentic freegan semiotics jean shorts chia cred. Neutra Austin roof party Brooklyn, synth Thundercats swag 8-bit photo booth. Plaid letterpress leggings craft beer meh ethical Pinterest.\"}]]]',1,'Botble\\Ecommerce\\Models\\Product','2023-03-05 23:42:55','2023-03-05 23:42:55'),(31,'layout','[\"product-left-sidebar\"]',2,'Botble\\Ecommerce\\Models\\Product','2023-03-05 23:42:55','2023-03-05 23:42:55'),(32,'is_popular','[\"1\"]',2,'Botble\\Ecommerce\\Models\\Product','2023-03-05 23:42:55','2023-03-05 23:42:55'),(33,'faq_schema_config','[[[{\"key\":\"question\",\"value\":\"What Shipping Methods Are Available?\"},{\"key\":\"answer\",\"value\":\"Ex Portland Pitchfork irure mustache. Eutra fap before they sold out literally. Aliquip ugh bicycle rights actually mlkshk, seitan squid craft beer tempor.\"}],[{\"key\":\"question\",\"value\":\"Do You Ship Internationally?\"},{\"key\":\"answer\",\"value\":\"Hoodie tote bag mixtape tofu. Typewriter jean shorts wolf quinoa, messenger bag organic freegan cray.\"}],[{\"key\":\"question\",\"value\":\"How Long Will It Take To Get My Package?\"},{\"key\":\"answer\",\"value\":\"Swag slow-carb quinoa VHS typewriter pork belly brunch, paleo single-origin coffee Wes Anderson. Flexitarian Pitchfork forage, literally paleo fap pour-over. Wes Anderson Pinterest YOLO fanny pack meggings, deep v XOXO chambray sustainable slow-carb raw denim church-key fap chillwave Etsy. +1 typewriter kitsch, American Apparel tofu Banksy Vice.\"}],[{\"key\":\"question\",\"value\":\"What Payment Methods Are Accepted?\"},{\"key\":\"answer\",\"value\":\"Fashion axe DIY jean shorts, swag kale chips meh polaroid kogi butcher Wes Anderson chambray next level semiotics gentrify yr. Voluptate photo booth fugiat Vice. Austin sed Williamsburg, ea labore raw denim voluptate cred proident mixtape excepteur mustache. Twee chia photo booth readymade food truck, hoodie roof party swag keytar PBR DIY.\"}],[{\"key\":\"question\",\"value\":\"Is Buying On-Line Safe?\"},{\"key\":\"answer\",\"value\":\"Art party authentic freegan semiotics jean shorts chia cred. Neutra Austin roof party Brooklyn, synth Thundercats swag 8-bit photo booth. Plaid letterpress leggings craft beer meh ethical Pinterest.\"}]]]',2,'Botble\\Ecommerce\\Models\\Product','2023-03-05 23:42:55','2023-03-05 23:42:55'),(34,'layout','[\"product-full-width\"]',3,'Botble\\Ecommerce\\Models\\Product','2023-03-05 23:42:55','2023-03-05 23:42:55'),(35,'faq_schema_config','[[[{\"key\":\"question\",\"value\":\"What Shipping Methods Are Available?\"},{\"key\":\"answer\",\"value\":\"Ex Portland Pitchfork irure mustache. Eutra fap before they sold out literally. Aliquip ugh bicycle rights actually mlkshk, seitan squid craft beer tempor.\"}],[{\"key\":\"question\",\"value\":\"Do You Ship Internationally?\"},{\"key\":\"answer\",\"value\":\"Hoodie tote bag mixtape tofu. Typewriter jean shorts wolf quinoa, messenger bag organic freegan cray.\"}],[{\"key\":\"question\",\"value\":\"How Long Will It Take To Get My Package?\"},{\"key\":\"answer\",\"value\":\"Swag slow-carb quinoa VHS typewriter pork belly brunch, paleo single-origin coffee Wes Anderson. Flexitarian Pitchfork forage, literally paleo fap pour-over. Wes Anderson Pinterest YOLO fanny pack meggings, deep v XOXO chambray sustainable slow-carb raw denim church-key fap chillwave Etsy. +1 typewriter kitsch, American Apparel tofu Banksy Vice.\"}],[{\"key\":\"question\",\"value\":\"What Payment Methods Are Accepted?\"},{\"key\":\"answer\",\"value\":\"Fashion axe DIY jean shorts, swag kale chips meh polaroid kogi butcher Wes Anderson chambray next level semiotics gentrify yr. Voluptate photo booth fugiat Vice. Austin sed Williamsburg, ea labore raw denim voluptate cred proident mixtape excepteur mustache. Twee chia photo booth readymade food truck, hoodie roof party swag keytar PBR DIY.\"}],[{\"key\":\"question\",\"value\":\"Is Buying On-Line Safe?\"},{\"key\":\"answer\",\"value\":\"Art party authentic freegan semiotics jean shorts chia cred. Neutra Austin roof party Brooklyn, synth Thundercats swag 8-bit photo booth. Plaid letterpress leggings craft beer meh ethical Pinterest.\"}]]]',3,'Botble\\Ecommerce\\Models\\Product','2023-03-05 23:42:55','2023-03-05 23:42:55'),(36,'is_popular','[\"1\"]',4,'Botble\\Ecommerce\\Models\\Product','2023-03-05 23:42:55','2023-03-05 23:42:55'),(37,'faq_schema_config','[[[{\"key\":\"question\",\"value\":\"What Shipping Methods Are Available?\"},{\"key\":\"answer\",\"value\":\"Ex Portland Pitchfork irure mustache. Eutra fap before they sold out literally. Aliquip ugh bicycle rights actually mlkshk, seitan squid craft beer tempor.\"}],[{\"key\":\"question\",\"value\":\"Do You Ship Internationally?\"},{\"key\":\"answer\",\"value\":\"Hoodie tote bag mixtape tofu. Typewriter jean shorts wolf quinoa, messenger bag organic freegan cray.\"}],[{\"key\":\"question\",\"value\":\"How Long Will It Take To Get My Package?\"},{\"key\":\"answer\",\"value\":\"Swag slow-carb quinoa VHS typewriter pork belly brunch, paleo single-origin coffee Wes Anderson. Flexitarian Pitchfork forage, literally paleo fap pour-over. Wes Anderson Pinterest YOLO fanny pack meggings, deep v XOXO chambray sustainable slow-carb raw denim church-key fap chillwave Etsy. +1 typewriter kitsch, American Apparel tofu Banksy Vice.\"}],[{\"key\":\"question\",\"value\":\"What Payment Methods Are Accepted?\"},{\"key\":\"answer\",\"value\":\"Fashion axe DIY jean shorts, swag kale chips meh polaroid kogi butcher Wes Anderson chambray next level semiotics gentrify yr. Voluptate photo booth fugiat Vice. Austin sed Williamsburg, ea labore raw denim voluptate cred proident mixtape excepteur mustache. Twee chia photo booth readymade food truck, hoodie roof party swag keytar PBR DIY.\"}],[{\"key\":\"question\",\"value\":\"Is Buying On-Line Safe?\"},{\"key\":\"answer\",\"value\":\"Art party authentic freegan semiotics jean shorts chia cred. Neutra Austin roof party Brooklyn, synth Thundercats swag 8-bit photo booth. Plaid letterpress leggings craft beer meh ethical Pinterest.\"}]]]',4,'Botble\\Ecommerce\\Models\\Product','2023-03-05 23:42:55','2023-03-05 23:42:55'),(38,'faq_schema_config','[[[{\"key\":\"question\",\"value\":\"What Shipping Methods Are Available?\"},{\"key\":\"answer\",\"value\":\"Ex Portland Pitchfork irure mustache. Eutra fap before they sold out literally. Aliquip ugh bicycle rights actually mlkshk, seitan squid craft beer tempor.\"}],[{\"key\":\"question\",\"value\":\"Do You Ship Internationally?\"},{\"key\":\"answer\",\"value\":\"Hoodie tote bag mixtape tofu. Typewriter jean shorts wolf quinoa, messenger bag organic freegan cray.\"}],[{\"key\":\"question\",\"value\":\"How Long Will It Take To Get My Package?\"},{\"key\":\"answer\",\"value\":\"Swag slow-carb quinoa VHS typewriter pork belly brunch, paleo single-origin coffee Wes Anderson. Flexitarian Pitchfork forage, literally paleo fap pour-over. Wes Anderson Pinterest YOLO fanny pack meggings, deep v XOXO chambray sustainable slow-carb raw denim church-key fap chillwave Etsy. +1 typewriter kitsch, American Apparel tofu Banksy Vice.\"}],[{\"key\":\"question\",\"value\":\"What Payment Methods Are Accepted?\"},{\"key\":\"answer\",\"value\":\"Fashion axe DIY jean shorts, swag kale chips meh polaroid kogi butcher Wes Anderson chambray next level semiotics gentrify yr. Voluptate photo booth fugiat Vice. Austin sed Williamsburg, ea labore raw denim voluptate cred proident mixtape excepteur mustache. Twee chia photo booth readymade food truck, hoodie roof party swag keytar PBR DIY.\"}],[{\"key\":\"question\",\"value\":\"Is Buying On-Line Safe?\"},{\"key\":\"answer\",\"value\":\"Art party authentic freegan semiotics jean shorts chia cred. Neutra Austin roof party Brooklyn, synth Thundercats swag 8-bit photo booth. Plaid letterpress leggings craft beer meh ethical Pinterest.\"}]]]',5,'Botble\\Ecommerce\\Models\\Product','2023-03-05 23:42:55','2023-03-05 23:42:55'),(39,'is_popular','[\"1\"]',6,'Botble\\Ecommerce\\Models\\Product','2023-03-05 23:42:55','2023-03-05 23:42:55'),(40,'faq_schema_config','[[[{\"key\":\"question\",\"value\":\"What Shipping Methods Are Available?\"},{\"key\":\"answer\",\"value\":\"Ex Portland Pitchfork irure mustache. Eutra fap before they sold out literally. Aliquip ugh bicycle rights actually mlkshk, seitan squid craft beer tempor.\"}],[{\"key\":\"question\",\"value\":\"Do You Ship Internationally?\"},{\"key\":\"answer\",\"value\":\"Hoodie tote bag mixtape tofu. Typewriter jean shorts wolf quinoa, messenger bag organic freegan cray.\"}],[{\"key\":\"question\",\"value\":\"How Long Will It Take To Get My Package?\"},{\"key\":\"answer\",\"value\":\"Swag slow-carb quinoa VHS typewriter pork belly brunch, paleo single-origin coffee Wes Anderson. Flexitarian Pitchfork forage, literally paleo fap pour-over. Wes Anderson Pinterest YOLO fanny pack meggings, deep v XOXO chambray sustainable slow-carb raw denim church-key fap chillwave Etsy. +1 typewriter kitsch, American Apparel tofu Banksy Vice.\"}],[{\"key\":\"question\",\"value\":\"What Payment Methods Are Accepted?\"},{\"key\":\"answer\",\"value\":\"Fashion axe DIY jean shorts, swag kale chips meh polaroid kogi butcher Wes Anderson chambray next level semiotics gentrify yr. Voluptate photo booth fugiat Vice. Austin sed Williamsburg, ea labore raw denim voluptate cred proident mixtape excepteur mustache. Twee chia photo booth readymade food truck, hoodie roof party swag keytar PBR DIY.\"}],[{\"key\":\"question\",\"value\":\"Is Buying On-Line Safe?\"},{\"key\":\"answer\",\"value\":\"Art party authentic freegan semiotics jean shorts chia cred. Neutra Austin roof party Brooklyn, synth Thundercats swag 8-bit photo booth. Plaid letterpress leggings craft beer meh ethical Pinterest.\"}]]]',6,'Botble\\Ecommerce\\Models\\Product','2023-03-05 23:42:55','2023-03-05 23:42:55'),(41,'faq_schema_config','[[[{\"key\":\"question\",\"value\":\"What Shipping Methods Are Available?\"},{\"key\":\"answer\",\"value\":\"Ex Portland Pitchfork irure mustache. Eutra fap before they sold out literally. Aliquip ugh bicycle rights actually mlkshk, seitan squid craft beer tempor.\"}],[{\"key\":\"question\",\"value\":\"Do You Ship Internationally?\"},{\"key\":\"answer\",\"value\":\"Hoodie tote bag mixtape tofu. Typewriter jean shorts wolf quinoa, messenger bag organic freegan cray.\"}],[{\"key\":\"question\",\"value\":\"How Long Will It Take To Get My Package?\"},{\"key\":\"answer\",\"value\":\"Swag slow-carb quinoa VHS typewriter pork belly brunch, paleo single-origin coffee Wes Anderson. Flexitarian Pitchfork forage, literally paleo fap pour-over. Wes Anderson Pinterest YOLO fanny pack meggings, deep v XOXO chambray sustainable slow-carb raw denim church-key fap chillwave Etsy. +1 typewriter kitsch, American Apparel tofu Banksy Vice.\"}],[{\"key\":\"question\",\"value\":\"What Payment Methods Are Accepted?\"},{\"key\":\"answer\",\"value\":\"Fashion axe DIY jean shorts, swag kale chips meh polaroid kogi butcher Wes Anderson chambray next level semiotics gentrify yr. Voluptate photo booth fugiat Vice. Austin sed Williamsburg, ea labore raw denim voluptate cred proident mixtape excepteur mustache. Twee chia photo booth readymade food truck, hoodie roof party swag keytar PBR DIY.\"}],[{\"key\":\"question\",\"value\":\"Is Buying On-Line Safe?\"},{\"key\":\"answer\",\"value\":\"Art party authentic freegan semiotics jean shorts chia cred. Neutra Austin roof party Brooklyn, synth Thundercats swag 8-bit photo booth. Plaid letterpress leggings craft beer meh ethical Pinterest.\"}]]]',7,'Botble\\Ecommerce\\Models\\Product','2023-03-05 23:42:55','2023-03-05 23:42:55'),(42,'is_popular','[\"1\"]',8,'Botble\\Ecommerce\\Models\\Product','2023-03-05 23:42:55','2023-03-05 23:42:55'),(43,'faq_schema_config','[[[{\"key\":\"question\",\"value\":\"What Shipping Methods Are Available?\"},{\"key\":\"answer\",\"value\":\"Ex Portland Pitchfork irure mustache. Eutra fap before they sold out literally. Aliquip ugh bicycle rights actually mlkshk, seitan squid craft beer tempor.\"}],[{\"key\":\"question\",\"value\":\"Do You Ship Internationally?\"},{\"key\":\"answer\",\"value\":\"Hoodie tote bag mixtape tofu. Typewriter jean shorts wolf quinoa, messenger bag organic freegan cray.\"}],[{\"key\":\"question\",\"value\":\"How Long Will It Take To Get My Package?\"},{\"key\":\"answer\",\"value\":\"Swag slow-carb quinoa VHS typewriter pork belly brunch, paleo single-origin coffee Wes Anderson. Flexitarian Pitchfork forage, literally paleo fap pour-over. Wes Anderson Pinterest YOLO fanny pack meggings, deep v XOXO chambray sustainable slow-carb raw denim church-key fap chillwave Etsy. +1 typewriter kitsch, American Apparel tofu Banksy Vice.\"}],[{\"key\":\"question\",\"value\":\"What Payment Methods Are Accepted?\"},{\"key\":\"answer\",\"value\":\"Fashion axe DIY jean shorts, swag kale chips meh polaroid kogi butcher Wes Anderson chambray next level semiotics gentrify yr. Voluptate photo booth fugiat Vice. Austin sed Williamsburg, ea labore raw denim voluptate cred proident mixtape excepteur mustache. Twee chia photo booth readymade food truck, hoodie roof party swag keytar PBR DIY.\"}],[{\"key\":\"question\",\"value\":\"Is Buying On-Line Safe?\"},{\"key\":\"answer\",\"value\":\"Art party authentic freegan semiotics jean shorts chia cred. Neutra Austin roof party Brooklyn, synth Thundercats swag 8-bit photo booth. Plaid letterpress leggings craft beer meh ethical Pinterest.\"}]]]',8,'Botble\\Ecommerce\\Models\\Product','2023-03-05 23:42:55','2023-03-05 23:42:55'),(44,'faq_schema_config','[[[{\"key\":\"question\",\"value\":\"What Shipping Methods Are Available?\"},{\"key\":\"answer\",\"value\":\"Ex Portland Pitchfork irure mustache. Eutra fap before they sold out literally. Aliquip ugh bicycle rights actually mlkshk, seitan squid craft beer tempor.\"}],[{\"key\":\"question\",\"value\":\"Do You Ship Internationally?\"},{\"key\":\"answer\",\"value\":\"Hoodie tote bag mixtape tofu. Typewriter jean shorts wolf quinoa, messenger bag organic freegan cray.\"}],[{\"key\":\"question\",\"value\":\"How Long Will It Take To Get My Package?\"},{\"key\":\"answer\",\"value\":\"Swag slow-carb quinoa VHS typewriter pork belly brunch, paleo single-origin coffee Wes Anderson. Flexitarian Pitchfork forage, literally paleo fap pour-over. Wes Anderson Pinterest YOLO fanny pack meggings, deep v XOXO chambray sustainable slow-carb raw denim church-key fap chillwave Etsy. +1 typewriter kitsch, American Apparel tofu Banksy Vice.\"}],[{\"key\":\"question\",\"value\":\"What Payment Methods Are Accepted?\"},{\"key\":\"answer\",\"value\":\"Fashion axe DIY jean shorts, swag kale chips meh polaroid kogi butcher Wes Anderson chambray next level semiotics gentrify yr. Voluptate photo booth fugiat Vice. Austin sed Williamsburg, ea labore raw denim voluptate cred proident mixtape excepteur mustache. Twee chia photo booth readymade food truck, hoodie roof party swag keytar PBR DIY.\"}],[{\"key\":\"question\",\"value\":\"Is Buying On-Line Safe?\"},{\"key\":\"answer\",\"value\":\"Art party authentic freegan semiotics jean shorts chia cred. Neutra Austin roof party Brooklyn, synth Thundercats swag 8-bit photo booth. Plaid letterpress leggings craft beer meh ethical Pinterest.\"}]]]',9,'Botble\\Ecommerce\\Models\\Product','2023-03-05 23:42:55','2023-03-05 23:42:55'),(45,'is_popular','[\"1\"]',10,'Botble\\Ecommerce\\Models\\Product','2023-03-05 23:42:55','2023-03-05 23:42:55'),(46,'faq_schema_config','[[[{\"key\":\"question\",\"value\":\"What Shipping Methods Are Available?\"},{\"key\":\"answer\",\"value\":\"Ex Portland Pitchfork irure mustache. Eutra fap before they sold out literally. Aliquip ugh bicycle rights actually mlkshk, seitan squid craft beer tempor.\"}],[{\"key\":\"question\",\"value\":\"Do You Ship Internationally?\"},{\"key\":\"answer\",\"value\":\"Hoodie tote bag mixtape tofu. Typewriter jean shorts wolf quinoa, messenger bag organic freegan cray.\"}],[{\"key\":\"question\",\"value\":\"How Long Will It Take To Get My Package?\"},{\"key\":\"answer\",\"value\":\"Swag slow-carb quinoa VHS typewriter pork belly brunch, paleo single-origin coffee Wes Anderson. Flexitarian Pitchfork forage, literally paleo fap pour-over. Wes Anderson Pinterest YOLO fanny pack meggings, deep v XOXO chambray sustainable slow-carb raw denim church-key fap chillwave Etsy. +1 typewriter kitsch, American Apparel tofu Banksy Vice.\"}],[{\"key\":\"question\",\"value\":\"What Payment Methods Are Accepted?\"},{\"key\":\"answer\",\"value\":\"Fashion axe DIY jean shorts, swag kale chips meh polaroid kogi butcher Wes Anderson chambray next level semiotics gentrify yr. Voluptate photo booth fugiat Vice. Austin sed Williamsburg, ea labore raw denim voluptate cred proident mixtape excepteur mustache. Twee chia photo booth readymade food truck, hoodie roof party swag keytar PBR DIY.\"}],[{\"key\":\"question\",\"value\":\"Is Buying On-Line Safe?\"},{\"key\":\"answer\",\"value\":\"Art party authentic freegan semiotics jean shorts chia cred. Neutra Austin roof party Brooklyn, synth Thundercats swag 8-bit photo booth. Plaid letterpress leggings craft beer meh ethical Pinterest.\"}]]]',10,'Botble\\Ecommerce\\Models\\Product','2023-03-05 23:42:55','2023-03-05 23:42:55'),(47,'faq_schema_config','[[[{\"key\":\"question\",\"value\":\"What Shipping Methods Are Available?\"},{\"key\":\"answer\",\"value\":\"Ex Portland Pitchfork irure mustache. Eutra fap before they sold out literally. Aliquip ugh bicycle rights actually mlkshk, seitan squid craft beer tempor.\"}],[{\"key\":\"question\",\"value\":\"Do You Ship Internationally?\"},{\"key\":\"answer\",\"value\":\"Hoodie tote bag mixtape tofu. Typewriter jean shorts wolf quinoa, messenger bag organic freegan cray.\"}],[{\"key\":\"question\",\"value\":\"How Long Will It Take To Get My Package?\"},{\"key\":\"answer\",\"value\":\"Swag slow-carb quinoa VHS typewriter pork belly brunch, paleo single-origin coffee Wes Anderson. Flexitarian Pitchfork forage, literally paleo fap pour-over. Wes Anderson Pinterest YOLO fanny pack meggings, deep v XOXO chambray sustainable slow-carb raw denim church-key fap chillwave Etsy. +1 typewriter kitsch, American Apparel tofu Banksy Vice.\"}],[{\"key\":\"question\",\"value\":\"What Payment Methods Are Accepted?\"},{\"key\":\"answer\",\"value\":\"Fashion axe DIY jean shorts, swag kale chips meh polaroid kogi butcher Wes Anderson chambray next level semiotics gentrify yr. Voluptate photo booth fugiat Vice. Austin sed Williamsburg, ea labore raw denim voluptate cred proident mixtape excepteur mustache. Twee chia photo booth readymade food truck, hoodie roof party swag keytar PBR DIY.\"}],[{\"key\":\"question\",\"value\":\"Is Buying On-Line Safe?\"},{\"key\":\"answer\",\"value\":\"Art party authentic freegan semiotics jean shorts chia cred. Neutra Austin roof party Brooklyn, synth Thundercats swag 8-bit photo booth. Plaid letterpress leggings craft beer meh ethical Pinterest.\"}]]]',11,'Botble\\Ecommerce\\Models\\Product','2023-03-05 23:42:55','2023-03-05 23:42:55'),(48,'is_popular','[\"1\"]',12,'Botble\\Ecommerce\\Models\\Product','2023-03-05 23:42:55','2023-03-05 23:42:55'),(49,'faq_schema_config','[[[{\"key\":\"question\",\"value\":\"What Shipping Methods Are Available?\"},{\"key\":\"answer\",\"value\":\"Ex Portland Pitchfork irure mustache. Eutra fap before they sold out literally. Aliquip ugh bicycle rights actually mlkshk, seitan squid craft beer tempor.\"}],[{\"key\":\"question\",\"value\":\"Do You Ship Internationally?\"},{\"key\":\"answer\",\"value\":\"Hoodie tote bag mixtape tofu. Typewriter jean shorts wolf quinoa, messenger bag organic freegan cray.\"}],[{\"key\":\"question\",\"value\":\"How Long Will It Take To Get My Package?\"},{\"key\":\"answer\",\"value\":\"Swag slow-carb quinoa VHS typewriter pork belly brunch, paleo single-origin coffee Wes Anderson. Flexitarian Pitchfork forage, literally paleo fap pour-over. Wes Anderson Pinterest YOLO fanny pack meggings, deep v XOXO chambray sustainable slow-carb raw denim church-key fap chillwave Etsy. +1 typewriter kitsch, American Apparel tofu Banksy Vice.\"}],[{\"key\":\"question\",\"value\":\"What Payment Methods Are Accepted?\"},{\"key\":\"answer\",\"value\":\"Fashion axe DIY jean shorts, swag kale chips meh polaroid kogi butcher Wes Anderson chambray next level semiotics gentrify yr. Voluptate photo booth fugiat Vice. Austin sed Williamsburg, ea labore raw denim voluptate cred proident mixtape excepteur mustache. Twee chia photo booth readymade food truck, hoodie roof party swag keytar PBR DIY.\"}],[{\"key\":\"question\",\"value\":\"Is Buying On-Line Safe?\"},{\"key\":\"answer\",\"value\":\"Art party authentic freegan semiotics jean shorts chia cred. Neutra Austin roof party Brooklyn, synth Thundercats swag 8-bit photo booth. Plaid letterpress leggings craft beer meh ethical Pinterest.\"}]]]',12,'Botble\\Ecommerce\\Models\\Product','2023-03-05 23:42:55','2023-03-05 23:42:55'),(50,'faq_schema_config','[[[{\"key\":\"question\",\"value\":\"What Shipping Methods Are Available?\"},{\"key\":\"answer\",\"value\":\"Ex Portland Pitchfork irure mustache. Eutra fap before they sold out literally. Aliquip ugh bicycle rights actually mlkshk, seitan squid craft beer tempor.\"}],[{\"key\":\"question\",\"value\":\"Do You Ship Internationally?\"},{\"key\":\"answer\",\"value\":\"Hoodie tote bag mixtape tofu. Typewriter jean shorts wolf quinoa, messenger bag organic freegan cray.\"}],[{\"key\":\"question\",\"value\":\"How Long Will It Take To Get My Package?\"},{\"key\":\"answer\",\"value\":\"Swag slow-carb quinoa VHS typewriter pork belly brunch, paleo single-origin coffee Wes Anderson. Flexitarian Pitchfork forage, literally paleo fap pour-over. Wes Anderson Pinterest YOLO fanny pack meggings, deep v XOXO chambray sustainable slow-carb raw denim church-key fap chillwave Etsy. +1 typewriter kitsch, American Apparel tofu Banksy Vice.\"}],[{\"key\":\"question\",\"value\":\"What Payment Methods Are Accepted?\"},{\"key\":\"answer\",\"value\":\"Fashion axe DIY jean shorts, swag kale chips meh polaroid kogi butcher Wes Anderson chambray next level semiotics gentrify yr. Voluptate photo booth fugiat Vice. Austin sed Williamsburg, ea labore raw denim voluptate cred proident mixtape excepteur mustache. Twee chia photo booth readymade food truck, hoodie roof party swag keytar PBR DIY.\"}],[{\"key\":\"question\",\"value\":\"Is Buying On-Line Safe?\"},{\"key\":\"answer\",\"value\":\"Art party authentic freegan semiotics jean shorts chia cred. Neutra Austin roof party Brooklyn, synth Thundercats swag 8-bit photo booth. Plaid letterpress leggings craft beer meh ethical Pinterest.\"}]]]',13,'Botble\\Ecommerce\\Models\\Product','2023-03-05 23:42:55','2023-03-05 23:42:55'),(51,'is_popular','[\"1\"]',14,'Botble\\Ecommerce\\Models\\Product','2023-03-05 23:42:55','2023-03-05 23:42:55'),(52,'faq_schema_config','[[[{\"key\":\"question\",\"value\":\"What Shipping Methods Are Available?\"},{\"key\":\"answer\",\"value\":\"Ex Portland Pitchfork irure mustache. Eutra fap before they sold out literally. Aliquip ugh bicycle rights actually mlkshk, seitan squid craft beer tempor.\"}],[{\"key\":\"question\",\"value\":\"Do You Ship Internationally?\"},{\"key\":\"answer\",\"value\":\"Hoodie tote bag mixtape tofu. Typewriter jean shorts wolf quinoa, messenger bag organic freegan cray.\"}],[{\"key\":\"question\",\"value\":\"How Long Will It Take To Get My Package?\"},{\"key\":\"answer\",\"value\":\"Swag slow-carb quinoa VHS typewriter pork belly brunch, paleo single-origin coffee Wes Anderson. Flexitarian Pitchfork forage, literally paleo fap pour-over. Wes Anderson Pinterest YOLO fanny pack meggings, deep v XOXO chambray sustainable slow-carb raw denim church-key fap chillwave Etsy. +1 typewriter kitsch, American Apparel tofu Banksy Vice.\"}],[{\"key\":\"question\",\"value\":\"What Payment Methods Are Accepted?\"},{\"key\":\"answer\",\"value\":\"Fashion axe DIY jean shorts, swag kale chips meh polaroid kogi butcher Wes Anderson chambray next level semiotics gentrify yr. Voluptate photo booth fugiat Vice. Austin sed Williamsburg, ea labore raw denim voluptate cred proident mixtape excepteur mustache. Twee chia photo booth readymade food truck, hoodie roof party swag keytar PBR DIY.\"}],[{\"key\":\"question\",\"value\":\"Is Buying On-Line Safe?\"},{\"key\":\"answer\",\"value\":\"Art party authentic freegan semiotics jean shorts chia cred. Neutra Austin roof party Brooklyn, synth Thundercats swag 8-bit photo booth. Plaid letterpress leggings craft beer meh ethical Pinterest.\"}]]]',14,'Botble\\Ecommerce\\Models\\Product','2023-03-05 23:42:55','2023-03-05 23:42:55'),(53,'faq_schema_config','[[[{\"key\":\"question\",\"value\":\"What Shipping Methods Are Available?\"},{\"key\":\"answer\",\"value\":\"Ex Portland Pitchfork irure mustache. Eutra fap before they sold out literally. Aliquip ugh bicycle rights actually mlkshk, seitan squid craft beer tempor.\"}],[{\"key\":\"question\",\"value\":\"Do You Ship Internationally?\"},{\"key\":\"answer\",\"value\":\"Hoodie tote bag mixtape tofu. Typewriter jean shorts wolf quinoa, messenger bag organic freegan cray.\"}],[{\"key\":\"question\",\"value\":\"How Long Will It Take To Get My Package?\"},{\"key\":\"answer\",\"value\":\"Swag slow-carb quinoa VHS typewriter pork belly brunch, paleo single-origin coffee Wes Anderson. Flexitarian Pitchfork forage, literally paleo fap pour-over. Wes Anderson Pinterest YOLO fanny pack meggings, deep v XOXO chambray sustainable slow-carb raw denim church-key fap chillwave Etsy. +1 typewriter kitsch, American Apparel tofu Banksy Vice.\"}],[{\"key\":\"question\",\"value\":\"What Payment Methods Are Accepted?\"},{\"key\":\"answer\",\"value\":\"Fashion axe DIY jean shorts, swag kale chips meh polaroid kogi butcher Wes Anderson chambray next level semiotics gentrify yr. Voluptate photo booth fugiat Vice. Austin sed Williamsburg, ea labore raw denim voluptate cred proident mixtape excepteur mustache. Twee chia photo booth readymade food truck, hoodie roof party swag keytar PBR DIY.\"}],[{\"key\":\"question\",\"value\":\"Is Buying On-Line Safe?\"},{\"key\":\"answer\",\"value\":\"Art party authentic freegan semiotics jean shorts chia cred. Neutra Austin roof party Brooklyn, synth Thundercats swag 8-bit photo booth. Plaid letterpress leggings craft beer meh ethical Pinterest.\"}]]]',15,'Botble\\Ecommerce\\Models\\Product','2023-03-05 23:42:55','2023-03-05 23:42:55'),(54,'is_popular','[\"1\"]',16,'Botble\\Ecommerce\\Models\\Product','2023-03-05 23:42:55','2023-03-05 23:42:55'),(55,'faq_schema_config','[[[{\"key\":\"question\",\"value\":\"What Shipping Methods Are Available?\"},{\"key\":\"answer\",\"value\":\"Ex Portland Pitchfork irure mustache. Eutra fap before they sold out literally. Aliquip ugh bicycle rights actually mlkshk, seitan squid craft beer tempor.\"}],[{\"key\":\"question\",\"value\":\"Do You Ship Internationally?\"},{\"key\":\"answer\",\"value\":\"Hoodie tote bag mixtape tofu. Typewriter jean shorts wolf quinoa, messenger bag organic freegan cray.\"}],[{\"key\":\"question\",\"value\":\"How Long Will It Take To Get My Package?\"},{\"key\":\"answer\",\"value\":\"Swag slow-carb quinoa VHS typewriter pork belly brunch, paleo single-origin coffee Wes Anderson. Flexitarian Pitchfork forage, literally paleo fap pour-over. Wes Anderson Pinterest YOLO fanny pack meggings, deep v XOXO chambray sustainable slow-carb raw denim church-key fap chillwave Etsy. +1 typewriter kitsch, American Apparel tofu Banksy Vice.\"}],[{\"key\":\"question\",\"value\":\"What Payment Methods Are Accepted?\"},{\"key\":\"answer\",\"value\":\"Fashion axe DIY jean shorts, swag kale chips meh polaroid kogi butcher Wes Anderson chambray next level semiotics gentrify yr. Voluptate photo booth fugiat Vice. Austin sed Williamsburg, ea labore raw denim voluptate cred proident mixtape excepteur mustache. Twee chia photo booth readymade food truck, hoodie roof party swag keytar PBR DIY.\"}],[{\"key\":\"question\",\"value\":\"Is Buying On-Line Safe?\"},{\"key\":\"answer\",\"value\":\"Art party authentic freegan semiotics jean shorts chia cred. Neutra Austin roof party Brooklyn, synth Thundercats swag 8-bit photo booth. Plaid letterpress leggings craft beer meh ethical Pinterest.\"}]]]',16,'Botble\\Ecommerce\\Models\\Product','2023-03-05 23:42:55','2023-03-05 23:42:55'),(56,'faq_schema_config','[[[{\"key\":\"question\",\"value\":\"What Shipping Methods Are Available?\"},{\"key\":\"answer\",\"value\":\"Ex Portland Pitchfork irure mustache. Eutra fap before they sold out literally. Aliquip ugh bicycle rights actually mlkshk, seitan squid craft beer tempor.\"}],[{\"key\":\"question\",\"value\":\"Do You Ship Internationally?\"},{\"key\":\"answer\",\"value\":\"Hoodie tote bag mixtape tofu. Typewriter jean shorts wolf quinoa, messenger bag organic freegan cray.\"}],[{\"key\":\"question\",\"value\":\"How Long Will It Take To Get My Package?\"},{\"key\":\"answer\",\"value\":\"Swag slow-carb quinoa VHS typewriter pork belly brunch, paleo single-origin coffee Wes Anderson. Flexitarian Pitchfork forage, literally paleo fap pour-over. Wes Anderson Pinterest YOLO fanny pack meggings, deep v XOXO chambray sustainable slow-carb raw denim church-key fap chillwave Etsy. +1 typewriter kitsch, American Apparel tofu Banksy Vice.\"}],[{\"key\":\"question\",\"value\":\"What Payment Methods Are Accepted?\"},{\"key\":\"answer\",\"value\":\"Fashion axe DIY jean shorts, swag kale chips meh polaroid kogi butcher Wes Anderson chambray next level semiotics gentrify yr. Voluptate photo booth fugiat Vice. Austin sed Williamsburg, ea labore raw denim voluptate cred proident mixtape excepteur mustache. Twee chia photo booth readymade food truck, hoodie roof party swag keytar PBR DIY.\"}],[{\"key\":\"question\",\"value\":\"Is Buying On-Line Safe?\"},{\"key\":\"answer\",\"value\":\"Art party authentic freegan semiotics jean shorts chia cred. Neutra Austin roof party Brooklyn, synth Thundercats swag 8-bit photo booth. Plaid letterpress leggings craft beer meh ethical Pinterest.\"}]]]',17,'Botble\\Ecommerce\\Models\\Product','2023-03-05 23:42:55','2023-03-05 23:42:55'),(57,'is_popular','[\"1\"]',18,'Botble\\Ecommerce\\Models\\Product','2023-03-05 23:42:55','2023-03-05 23:42:55'),(58,'faq_schema_config','[[[{\"key\":\"question\",\"value\":\"What Shipping Methods Are Available?\"},{\"key\":\"answer\",\"value\":\"Ex Portland Pitchfork irure mustache. Eutra fap before they sold out literally. Aliquip ugh bicycle rights actually mlkshk, seitan squid craft beer tempor.\"}],[{\"key\":\"question\",\"value\":\"Do You Ship Internationally?\"},{\"key\":\"answer\",\"value\":\"Hoodie tote bag mixtape tofu. Typewriter jean shorts wolf quinoa, messenger bag organic freegan cray.\"}],[{\"key\":\"question\",\"value\":\"How Long Will It Take To Get My Package?\"},{\"key\":\"answer\",\"value\":\"Swag slow-carb quinoa VHS typewriter pork belly brunch, paleo single-origin coffee Wes Anderson. Flexitarian Pitchfork forage, literally paleo fap pour-over. Wes Anderson Pinterest YOLO fanny pack meggings, deep v XOXO chambray sustainable slow-carb raw denim church-key fap chillwave Etsy. +1 typewriter kitsch, American Apparel tofu Banksy Vice.\"}],[{\"key\":\"question\",\"value\":\"What Payment Methods Are Accepted?\"},{\"key\":\"answer\",\"value\":\"Fashion axe DIY jean shorts, swag kale chips meh polaroid kogi butcher Wes Anderson chambray next level semiotics gentrify yr. Voluptate photo booth fugiat Vice. Austin sed Williamsburg, ea labore raw denim voluptate cred proident mixtape excepteur mustache. Twee chia photo booth readymade food truck, hoodie roof party swag keytar PBR DIY.\"}],[{\"key\":\"question\",\"value\":\"Is Buying On-Line Safe?\"},{\"key\":\"answer\",\"value\":\"Art party authentic freegan semiotics jean shorts chia cred. Neutra Austin roof party Brooklyn, synth Thundercats swag 8-bit photo booth. Plaid letterpress leggings craft beer meh ethical Pinterest.\"}]]]',18,'Botble\\Ecommerce\\Models\\Product','2023-03-05 23:42:55','2023-03-05 23:42:55'),(59,'faq_schema_config','[[[{\"key\":\"question\",\"value\":\"What Shipping Methods Are Available?\"},{\"key\":\"answer\",\"value\":\"Ex Portland Pitchfork irure mustache. Eutra fap before they sold out literally. Aliquip ugh bicycle rights actually mlkshk, seitan squid craft beer tempor.\"}],[{\"key\":\"question\",\"value\":\"Do You Ship Internationally?\"},{\"key\":\"answer\",\"value\":\"Hoodie tote bag mixtape tofu. Typewriter jean shorts wolf quinoa, messenger bag organic freegan cray.\"}],[{\"key\":\"question\",\"value\":\"How Long Will It Take To Get My Package?\"},{\"key\":\"answer\",\"value\":\"Swag slow-carb quinoa VHS typewriter pork belly brunch, paleo single-origin coffee Wes Anderson. Flexitarian Pitchfork forage, literally paleo fap pour-over. Wes Anderson Pinterest YOLO fanny pack meggings, deep v XOXO chambray sustainable slow-carb raw denim church-key fap chillwave Etsy. +1 typewriter kitsch, American Apparel tofu Banksy Vice.\"}],[{\"key\":\"question\",\"value\":\"What Payment Methods Are Accepted?\"},{\"key\":\"answer\",\"value\":\"Fashion axe DIY jean shorts, swag kale chips meh polaroid kogi butcher Wes Anderson chambray next level semiotics gentrify yr. Voluptate photo booth fugiat Vice. Austin sed Williamsburg, ea labore raw denim voluptate cred proident mixtape excepteur mustache. Twee chia photo booth readymade food truck, hoodie roof party swag keytar PBR DIY.\"}],[{\"key\":\"question\",\"value\":\"Is Buying On-Line Safe?\"},{\"key\":\"answer\",\"value\":\"Art party authentic freegan semiotics jean shorts chia cred. Neutra Austin roof party Brooklyn, synth Thundercats swag 8-bit photo booth. Plaid letterpress leggings craft beer meh ethical Pinterest.\"}]]]',19,'Botble\\Ecommerce\\Models\\Product','2023-03-05 23:42:55','2023-03-05 23:42:55'),(60,'is_popular','[\"1\"]',20,'Botble\\Ecommerce\\Models\\Product','2023-03-05 23:42:55','2023-03-05 23:42:55'),(61,'faq_schema_config','[[[{\"key\":\"question\",\"value\":\"What Shipping Methods Are Available?\"},{\"key\":\"answer\",\"value\":\"Ex Portland Pitchfork irure mustache. Eutra fap before they sold out literally. Aliquip ugh bicycle rights actually mlkshk, seitan squid craft beer tempor.\"}],[{\"key\":\"question\",\"value\":\"Do You Ship Internationally?\"},{\"key\":\"answer\",\"value\":\"Hoodie tote bag mixtape tofu. Typewriter jean shorts wolf quinoa, messenger bag organic freegan cray.\"}],[{\"key\":\"question\",\"value\":\"How Long Will It Take To Get My Package?\"},{\"key\":\"answer\",\"value\":\"Swag slow-carb quinoa VHS typewriter pork belly brunch, paleo single-origin coffee Wes Anderson. Flexitarian Pitchfork forage, literally paleo fap pour-over. Wes Anderson Pinterest YOLO fanny pack meggings, deep v XOXO chambray sustainable slow-carb raw denim church-key fap chillwave Etsy. +1 typewriter kitsch, American Apparel tofu Banksy Vice.\"}],[{\"key\":\"question\",\"value\":\"What Payment Methods Are Accepted?\"},{\"key\":\"answer\",\"value\":\"Fashion axe DIY jean shorts, swag kale chips meh polaroid kogi butcher Wes Anderson chambray next level semiotics gentrify yr. Voluptate photo booth fugiat Vice. Austin sed Williamsburg, ea labore raw denim voluptate cred proident mixtape excepteur mustache. Twee chia photo booth readymade food truck, hoodie roof party swag keytar PBR DIY.\"}],[{\"key\":\"question\",\"value\":\"Is Buying On-Line Safe?\"},{\"key\":\"answer\",\"value\":\"Art party authentic freegan semiotics jean shorts chia cred. Neutra Austin roof party Brooklyn, synth Thundercats swag 8-bit photo booth. Plaid letterpress leggings craft beer meh ethical Pinterest.\"}]]]',20,'Botble\\Ecommerce\\Models\\Product','2023-03-05 23:42:55','2023-03-05 23:42:55'),(62,'faq_schema_config','[[[{\"key\":\"question\",\"value\":\"What Shipping Methods Are Available?\"},{\"key\":\"answer\",\"value\":\"Ex Portland Pitchfork irure mustache. Eutra fap before they sold out literally. Aliquip ugh bicycle rights actually mlkshk, seitan squid craft beer tempor.\"}],[{\"key\":\"question\",\"value\":\"Do You Ship Internationally?\"},{\"key\":\"answer\",\"value\":\"Hoodie tote bag mixtape tofu. Typewriter jean shorts wolf quinoa, messenger bag organic freegan cray.\"}],[{\"key\":\"question\",\"value\":\"How Long Will It Take To Get My Package?\"},{\"key\":\"answer\",\"value\":\"Swag slow-carb quinoa VHS typewriter pork belly brunch, paleo single-origin coffee Wes Anderson. Flexitarian Pitchfork forage, literally paleo fap pour-over. Wes Anderson Pinterest YOLO fanny pack meggings, deep v XOXO chambray sustainable slow-carb raw denim church-key fap chillwave Etsy. +1 typewriter kitsch, American Apparel tofu Banksy Vice.\"}],[{\"key\":\"question\",\"value\":\"What Payment Methods Are Accepted?\"},{\"key\":\"answer\",\"value\":\"Fashion axe DIY jean shorts, swag kale chips meh polaroid kogi butcher Wes Anderson chambray next level semiotics gentrify yr. Voluptate photo booth fugiat Vice. Austin sed Williamsburg, ea labore raw denim voluptate cred proident mixtape excepteur mustache. Twee chia photo booth readymade food truck, hoodie roof party swag keytar PBR DIY.\"}],[{\"key\":\"question\",\"value\":\"Is Buying On-Line Safe?\"},{\"key\":\"answer\",\"value\":\"Art party authentic freegan semiotics jean shorts chia cred. Neutra Austin roof party Brooklyn, synth Thundercats swag 8-bit photo booth. Plaid letterpress leggings craft beer meh ethical Pinterest.\"}]]]',21,'Botble\\Ecommerce\\Models\\Product','2023-03-05 23:42:55','2023-03-05 23:42:55'),(63,'is_popular','[\"1\"]',22,'Botble\\Ecommerce\\Models\\Product','2023-03-05 23:42:55','2023-03-05 23:42:55'),(64,'faq_schema_config','[[[{\"key\":\"question\",\"value\":\"What Shipping Methods Are Available?\"},{\"key\":\"answer\",\"value\":\"Ex Portland Pitchfork irure mustache. Eutra fap before they sold out literally. Aliquip ugh bicycle rights actually mlkshk, seitan squid craft beer tempor.\"}],[{\"key\":\"question\",\"value\":\"Do You Ship Internationally?\"},{\"key\":\"answer\",\"value\":\"Hoodie tote bag mixtape tofu. Typewriter jean shorts wolf quinoa, messenger bag organic freegan cray.\"}],[{\"key\":\"question\",\"value\":\"How Long Will It Take To Get My Package?\"},{\"key\":\"answer\",\"value\":\"Swag slow-carb quinoa VHS typewriter pork belly brunch, paleo single-origin coffee Wes Anderson. Flexitarian Pitchfork forage, literally paleo fap pour-over. Wes Anderson Pinterest YOLO fanny pack meggings, deep v XOXO chambray sustainable slow-carb raw denim church-key fap chillwave Etsy. +1 typewriter kitsch, American Apparel tofu Banksy Vice.\"}],[{\"key\":\"question\",\"value\":\"What Payment Methods Are Accepted?\"},{\"key\":\"answer\",\"value\":\"Fashion axe DIY jean shorts, swag kale chips meh polaroid kogi butcher Wes Anderson chambray next level semiotics gentrify yr. Voluptate photo booth fugiat Vice. Austin sed Williamsburg, ea labore raw denim voluptate cred proident mixtape excepteur mustache. Twee chia photo booth readymade food truck, hoodie roof party swag keytar PBR DIY.\"}],[{\"key\":\"question\",\"value\":\"Is Buying On-Line Safe?\"},{\"key\":\"answer\",\"value\":\"Art party authentic freegan semiotics jean shorts chia cred. Neutra Austin roof party Brooklyn, synth Thundercats swag 8-bit photo booth. Plaid letterpress leggings craft beer meh ethical Pinterest.\"}]]]',22,'Botble\\Ecommerce\\Models\\Product','2023-03-05 23:42:55','2023-03-05 23:42:55'),(65,'faq_schema_config','[[[{\"key\":\"question\",\"value\":\"What Shipping Methods Are Available?\"},{\"key\":\"answer\",\"value\":\"Ex Portland Pitchfork irure mustache. Eutra fap before they sold out literally. Aliquip ugh bicycle rights actually mlkshk, seitan squid craft beer tempor.\"}],[{\"key\":\"question\",\"value\":\"Do You Ship Internationally?\"},{\"key\":\"answer\",\"value\":\"Hoodie tote bag mixtape tofu. Typewriter jean shorts wolf quinoa, messenger bag organic freegan cray.\"}],[{\"key\":\"question\",\"value\":\"How Long Will It Take To Get My Package?\"},{\"key\":\"answer\",\"value\":\"Swag slow-carb quinoa VHS typewriter pork belly brunch, paleo single-origin coffee Wes Anderson. Flexitarian Pitchfork forage, literally paleo fap pour-over. Wes Anderson Pinterest YOLO fanny pack meggings, deep v XOXO chambray sustainable slow-carb raw denim church-key fap chillwave Etsy. +1 typewriter kitsch, American Apparel tofu Banksy Vice.\"}],[{\"key\":\"question\",\"value\":\"What Payment Methods Are Accepted?\"},{\"key\":\"answer\",\"value\":\"Fashion axe DIY jean shorts, swag kale chips meh polaroid kogi butcher Wes Anderson chambray next level semiotics gentrify yr. Voluptate photo booth fugiat Vice. Austin sed Williamsburg, ea labore raw denim voluptate cred proident mixtape excepteur mustache. Twee chia photo booth readymade food truck, hoodie roof party swag keytar PBR DIY.\"}],[{\"key\":\"question\",\"value\":\"Is Buying On-Line Safe?\"},{\"key\":\"answer\",\"value\":\"Art party authentic freegan semiotics jean shorts chia cred. Neutra Austin roof party Brooklyn, synth Thundercats swag 8-bit photo booth. Plaid letterpress leggings craft beer meh ethical Pinterest.\"}]]]',23,'Botble\\Ecommerce\\Models\\Product','2023-03-05 23:42:55','2023-03-05 23:42:55'),(66,'is_popular','[\"1\"]',24,'Botble\\Ecommerce\\Models\\Product','2023-03-05 23:42:55','2023-03-05 23:42:55'),(67,'faq_schema_config','[[[{\"key\":\"question\",\"value\":\"What Shipping Methods Are Available?\"},{\"key\":\"answer\",\"value\":\"Ex Portland Pitchfork irure mustache. Eutra fap before they sold out literally. Aliquip ugh bicycle rights actually mlkshk, seitan squid craft beer tempor.\"}],[{\"key\":\"question\",\"value\":\"Do You Ship Internationally?\"},{\"key\":\"answer\",\"value\":\"Hoodie tote bag mixtape tofu. Typewriter jean shorts wolf quinoa, messenger bag organic freegan cray.\"}],[{\"key\":\"question\",\"value\":\"How Long Will It Take To Get My Package?\"},{\"key\":\"answer\",\"value\":\"Swag slow-carb quinoa VHS typewriter pork belly brunch, paleo single-origin coffee Wes Anderson. Flexitarian Pitchfork forage, literally paleo fap pour-over. Wes Anderson Pinterest YOLO fanny pack meggings, deep v XOXO chambray sustainable slow-carb raw denim church-key fap chillwave Etsy. +1 typewriter kitsch, American Apparel tofu Banksy Vice.\"}],[{\"key\":\"question\",\"value\":\"What Payment Methods Are Accepted?\"},{\"key\":\"answer\",\"value\":\"Fashion axe DIY jean shorts, swag kale chips meh polaroid kogi butcher Wes Anderson chambray next level semiotics gentrify yr. Voluptate photo booth fugiat Vice. Austin sed Williamsburg, ea labore raw denim voluptate cred proident mixtape excepteur mustache. Twee chia photo booth readymade food truck, hoodie roof party swag keytar PBR DIY.\"}],[{\"key\":\"question\",\"value\":\"Is Buying On-Line Safe?\"},{\"key\":\"answer\",\"value\":\"Art party authentic freegan semiotics jean shorts chia cred. Neutra Austin roof party Brooklyn, synth Thundercats swag 8-bit photo booth. Plaid letterpress leggings craft beer meh ethical Pinterest.\"}]]]',24,'Botble\\Ecommerce\\Models\\Product','2023-03-05 23:42:55','2023-03-05 23:42:55'),(68,'image','[\"flash-sales\\/1.png\"]',1,'Botble\\Ecommerce\\Models\\FlashSale','2023-03-05 23:42:57','2023-03-05 23:42:57'),(69,'image','[\"flash-sales\\/2.png\"]',2,'Botble\\Ecommerce\\Models\\FlashSale','2023-03-05 23:42:57','2023-03-05 23:42:57'),(70,'image','[\"flash-sales\\/3.png\"]',3,'Botble\\Ecommerce\\Models\\FlashSale','2023-03-05 23:42:57','2023-03-05 23:42:57'),(71,'image','[\"flash-sales\\/4.png\"]',4,'Botble\\Ecommerce\\Models\\FlashSale','2023-03-05 23:42:57','2023-03-05 23:42:57'),(72,'image','[\"flash-sales\\/5.png\"]',5,'Botble\\Ecommerce\\Models\\FlashSale','2023-03-05 23:42:57','2023-03-05 23:42:57'),(73,'vi_image','[\"flash-sales\\/1.png\"]',1,'Botble\\Ecommerce\\Models\\FlashSale','2023-03-05 23:42:57','2023-03-05 23:42:57'),(74,'vi_image','[\"flash-sales\\/2.png\"]',2,'Botble\\Ecommerce\\Models\\FlashSale','2023-03-05 23:42:57','2023-03-05 23:42:57'),(75,'vi_image','[\"flash-sales\\/3.png\"]',3,'Botble\\Ecommerce\\Models\\FlashSale','2023-03-05 23:42:57','2023-03-05 23:42:57'),(76,'vi_image','[\"flash-sales\\/4.png\"]',4,'Botble\\Ecommerce\\Models\\FlashSale','2023-03-05 23:42:57','2023-03-05 23:42:57'),(77,'vi_image','[\"flash-sales\\/5.png\"]',5,'Botble\\Ecommerce\\Models\\FlashSale','2023-03-05 23:42:57','2023-03-05 23:42:57'),(78,'simple_slider_style','[\"style-4\"]',1,'Botble\\SimpleSlider\\Models\\SimpleSlider','2023-03-05 23:42:59','2023-03-05 23:42:59'),(79,'simple_slider_style','[\"style-2\"]',2,'Botble\\SimpleSlider\\Models\\SimpleSlider','2023-03-05 23:42:59','2023-03-05 23:42:59'),(80,'simple_slider_style','[\"style-3\"]',3,'Botble\\SimpleSlider\\Models\\SimpleSlider','2023-03-05 23:42:59','2023-03-05 23:42:59'),(81,'simple_slider_style','[\"style-1\"]',4,'Botble\\SimpleSlider\\Models\\SimpleSlider','2023-03-05 23:42:59','2023-03-05 23:42:59'),(82,'simple_slider_style','[\"style-5\"]',5,'Botble\\SimpleSlider\\Models\\SimpleSlider','2023-03-05 23:42:59','2023-03-05 23:42:59'),(83,'simple_slider_style','[\"style-6\"]',6,'Botble\\SimpleSlider\\Models\\SimpleSlider','2023-03-05 23:42:59','2023-03-05 23:42:59'),(84,'simple_slider_style','[\"style-1\"]',7,'Botble\\SimpleSlider\\Models\\SimpleSlider','2023-03-05 23:42:59','2023-03-05 23:42:59'),(85,'simple_slider_style','[\"style-4\"]',8,'Botble\\SimpleSlider\\Models\\SimpleSlider','2023-03-05 23:42:59','2023-03-05 23:42:59'),(86,'simple_slider_style','[\"style-2\"]',9,'Botble\\SimpleSlider\\Models\\SimpleSlider','2023-03-05 23:42:59','2023-03-05 23:42:59'),(87,'simple_slider_style','[\"style-3\"]',10,'Botble\\SimpleSlider\\Models\\SimpleSlider','2023-03-05 23:42:59','2023-03-05 23:42:59'),(88,'simple_slider_style','[\"style-1\"]',11,'Botble\\SimpleSlider\\Models\\SimpleSlider','2023-03-05 23:42:59','2023-03-05 23:42:59'),(89,'simple_slider_style','[\"style-5\"]',12,'Botble\\SimpleSlider\\Models\\SimpleSlider','2023-03-05 23:42:59','2023-03-05 23:42:59'),(90,'simple_slider_style','[\"style-6\"]',13,'Botble\\SimpleSlider\\Models\\SimpleSlider','2023-03-05 23:42:59','2023-03-05 23:42:59'),(91,'simple_slider_style','[\"style-1\"]',14,'Botble\\SimpleSlider\\Models\\SimpleSlider','2023-03-05 23:42:59','2023-03-05 23:42:59'),(92,'layout','[\"blog-post-right-sidebar\"]',1,'Botble\\Blog\\Models\\Post','2023-03-05 23:43:00','2023-03-05 23:43:00'),(93,'layout','[\"blog-post-left-sidebar\"]',2,'Botble\\Blog\\Models\\Post','2023-03-05 23:43:00','2023-03-05 23:43:00'),(94,'layout','[\"blog-post-full-width\"]',3,'Botble\\Blog\\Models\\Post','2023-03-05 23:43:00','2023-03-05 23:43:00'),(95,'layout','[\"blog-post-full-width\"]',4,'Botble\\Blog\\Models\\Post','2023-03-05 23:43:00','2023-03-05 23:43:00'),(96,'header_style','[\"header-style-5\"]',16,'Botble\\Page\\Models\\Page','2023-03-05 23:43:00','2023-03-05 23:43:00'),(97,'header_style','[\"header-style-5\"]',17,'Botble\\Page\\Models\\Page','2023-03-05 23:43:00','2023-03-05 23:43:00'),(98,'button_text','[\"Shop now\"]',1,'Botble\\Ads\\Models\\Ads','2023-03-05 23:43:01','2023-03-05 23:43:01'),(99,'subtitle','[\"Everyday Fresh & \\nClean with Our \\nProducts\"]',1,'Botble\\Ads\\Models\\Ads','2023-03-05 23:43:01','2023-03-05 23:43:01'),(100,'button_text','[\"Shop now\"]',2,'Botble\\Ads\\Models\\Ads','2023-03-05 23:43:01','2023-03-05 23:43:01'),(101,'subtitle','[\"Make your Breakfast Healthy and Easy\"]',2,'Botble\\Ads\\Models\\Ads','2023-03-05 23:43:01','2023-03-05 23:43:01'),(102,'button_text','[\"Shop now\"]',3,'Botble\\Ads\\Models\\Ads','2023-03-05 23:43:01','2023-03-05 23:43:01'),(103,'subtitle','[\"The best Organic Products Online\"]',3,'Botble\\Ads\\Models\\Ads','2023-03-05 23:43:01','2023-03-05 23:43:01'),(104,'button_text','[\"Shop now\"]',4,'Botble\\Ads\\Models\\Ads','2023-03-05 23:43:01','2023-03-05 23:43:01'),(105,'subtitle','[\"Bring nature into your home\"]',4,'Botble\\Ads\\Models\\Ads','2023-03-05 23:43:01','2023-03-05 23:43:01'),(106,'button_text','[\"Shop now\"]',5,'Botble\\Ads\\Models\\Ads','2023-03-05 23:43:01','2023-03-05 23:43:01'),(107,'subtitle','[\"Delivered to your home\"]',5,'Botble\\Ads\\Models\\Ads','2023-03-05 23:43:01','2023-03-05 23:43:01'),(108,'button_text','[\"Shop now\"]',6,'Botble\\Ads\\Models\\Ads','2023-03-05 23:43:01','2023-03-05 23:43:01'),(109,'subtitle','[\"Save 17% <br \\/>on Oganic <br \\/>Juice\"]',6,'Botble\\Ads\\Models\\Ads','2023-03-05 23:43:01','2023-03-05 23:43:01'),(110,'button_text','[\"Shop now\"]',7,'Botble\\Ads\\Models\\Ads','2023-03-05 23:43:01','2023-03-05 23:43:01'),(111,'subtitle','[\"Everyday Fresh & Clean with Our Products\"]',7,'Botble\\Ads\\Models\\Ads','2023-03-05 23:43:01','2023-03-05 23:43:01'),(112,'button_text','[\"Shop now\"]',8,'Botble\\Ads\\Models\\Ads','2023-03-05 23:43:01','2023-03-05 23:43:01'),(113,'subtitle','[\"The best Organic Products Online\"]',8,'Botble\\Ads\\Models\\Ads','2023-03-05 23:43:01','2023-03-05 23:43:01'),(114,'button_text','[\"Go to supplier\"]',9,'Botble\\Ads\\Models\\Ads','2023-03-05 23:43:01','2023-03-05 23:43:01'),(115,'subtitle','[\"Everyday Fresh with\\n Our Products\"]',9,'Botble\\Ads\\Models\\Ads','2023-03-05 23:43:01','2023-03-05 23:43:01'),(116,'button_text','[\"Go to supplier\"]',10,'Botble\\Ads\\Models\\Ads','2023-03-05 23:43:01','2023-03-05 23:43:01'),(117,'subtitle','[\"100% guaranteed all\\n Fresh items\"]',10,'Botble\\Ads\\Models\\Ads','2023-03-05 23:43:01','2023-03-05 23:43:01'),(118,'button_text','[\"Go to supplier\"]',11,'Botble\\Ads\\Models\\Ads','2023-03-05 23:43:01','2023-03-05 23:43:01'),(119,'subtitle','[\"Special grocery sale\\n off this month\"]',11,'Botble\\Ads\\Models\\Ads','2023-03-05 23:43:01','2023-03-05 23:43:01'),(120,'button_text','[\"Go to supplier\"]',12,'Botble\\Ads\\Models\\Ads','2023-03-05 23:43:01','2023-03-05 23:43:01'),(121,'subtitle','[\"Enjoy 15% OFF for all\\n vegetable and fruit\"]',12,'Botble\\Ads\\Models\\Ads','2023-03-05 23:43:01','2023-03-05 23:43:01'),(122,'vi_subtitle','[\"S\\u1ea1ch s\\u1ebd h\\u00e0ng ng\\u00e0y v\\u1edbi \\nc\\u00e1c s\\u1ea3n ph\\u1ea9m c\\u1ee7a \\nch\\u00fang t\\u00f4i\"]',1,'Botble\\Ads\\Models\\Ads','2023-03-05 23:43:01','2023-03-05 23:43:01'),(123,'vi_button_text','[\"Mua ngay\"]',1,'Botble\\Ads\\Models\\Ads','2023-03-05 23:43:01','2023-03-05 23:43:01'),(124,'vi_subtitle','[\"N\\u1eabu b\\u1eefa s\\u00e1ng c\\u1ee7a b\\u1ea1n l\\u00e0nh m\\u1ea1nh v\\u00e0 d\\u1ec5 d\\u00e0ng\"]',2,'Botble\\Ads\\Models\\Ads','2023-03-05 23:43:01','2023-03-05 23:43:01'),(125,'vi_button_text','[\"Mua ngay\"]',2,'Botble\\Ads\\Models\\Ads','2023-03-05 23:43:01','2023-03-05 23:43:01'),(126,'vi_subtitle','[\"C\\u00e1c s\\u1ea3n ph\\u1ea9m h\\u1eefu c\\u01a1 t\\u1ed1t nh\\u1ea5t tr\\u1ef1c tuy\\u1ebfn\"]',3,'Botble\\Ads\\Models\\Ads','2023-03-05 23:43:01','2023-03-05 23:43:01'),(127,'vi_button_text','[\"Mua ngay\"]',3,'Botble\\Ads\\Models\\Ads','2023-03-05 23:43:01','2023-03-05 23:43:01'),(128,'vi_subtitle','[\"Mang thi\\u00ean nhi\\u00ean v\\u00e0o ng\\u00f4i nh\\u00e0 c\\u1ee7a b\\u1ea1n\"]',4,'Botble\\Ads\\Models\\Ads','2023-03-05 23:43:01','2023-03-05 23:43:01'),(129,'vi_button_text','[\"Mua ngay\"]',4,'Botble\\Ads\\Models\\Ads','2023-03-05 23:43:01','2023-03-05 23:43:01'),(130,'vi_subtitle','[\"Giao t\\u1eadn nh\\u00e0\"]',5,'Botble\\Ads\\Models\\Ads','2023-03-05 23:43:01','2023-03-05 23:43:01'),(131,'vi_button_text','[\"Mua ngay\"]',5,'Botble\\Ads\\Models\\Ads','2023-03-05 23:43:01','2023-03-05 23:43:01'),(132,'vi_subtitle','[\"Ti\\u1ebft ki\\u1ec7m 17% <br \\/> khi mua N\\u01b0\\u1edbc \\u00e9p <br \\/> Oganic\"]',6,'Botble\\Ads\\Models\\Ads','2023-03-05 23:43:01','2023-03-05 23:43:01'),(133,'vi_button_text','[\"Mua ngay\"]',6,'Botble\\Ads\\Models\\Ads','2023-03-05 23:43:01','2023-03-05 23:43:01'),(134,'vi_subtitle','[\"T\\u01b0\\u01a1i v\\u00e0 S\\u1ea1ch h\\u00e0ng ng\\u00e0y v\\u1edbi c\\u00e1c s\\u1ea3n ph\\u1ea9m c\\u1ee7a ch\\u00fang t\\u00f4i\"]',7,'Botble\\Ads\\Models\\Ads','2023-03-05 23:43:01','2023-03-05 23:43:01'),(135,'vi_button_text','[\"Shop now\"]',7,'Botble\\Ads\\Models\\Ads','2023-03-05 23:43:01','2023-03-05 23:43:01'),(136,'vi_subtitle','[\"C\\u00e1c s\\u1ea3n ph\\u1ea9m h\\u1eefu c\\u01a1 t\\u1ed1t nh\\u1ea5t tr\\u1ef1c tuy\\u1ebfn\"]',8,'Botble\\Ads\\Models\\Ads','2023-03-05 23:43:01','2023-03-05 23:43:01'),(137,'vi_button_text','[\"Shop now\"]',8,'Botble\\Ads\\Models\\Ads','2023-03-05 23:43:01','2023-03-05 23:43:01'),(138,'vi_subtitle','[\"T\\u01b0\\u01a1i m\\u1edbi m\\u1ed7i ng\\u00e0y v\\u1edbi\\n c\\u00e1c s\\u1ea3n ph\\u1ea9m c\\u1ee7a ch\\u00fang t\\u00f4i\"]',9,'Botble\\Ads\\Models\\Ads','2023-03-05 23:43:01','2023-03-05 23:43:01'),(139,'vi_button_text','[\"\\u0110i \\u0111\\u1ebfn nh\\u00e0 cung c\\u1ea5p\"]',9,'Botble\\Ads\\Models\\Ads','2023-03-05 23:43:01','2023-03-05 23:43:01'),(140,'vi_subtitle','[\"100% \\u0111\\u1ea3m b\\u1ea3o t\\u1ea5t c\\u1ea3\\n c\\u00e1c m\\u1eb7t h\\u00e0ng t\\u01b0\\u01a1i\"]',10,'Botble\\Ads\\Models\\Ads','2023-03-05 23:43:01','2023-03-05 23:43:01'),(141,'vi_button_text','[\"\\u0110i \\u0111\\u1ebfn nh\\u00e0 cung c\\u1ea5p\"]',10,'Botble\\Ads\\Models\\Ads','2023-03-05 23:43:01','2023-03-05 23:43:01'),(142,'vi_subtitle','[\"Gi\\u1ea3m gi\\u00e1 h\\u00e0ng t\\u1ea1p h\\u00f3a\\n \\u0111\\u1eb7c bi\\u1ec7t trong th\\u00e1ng n\\u00e0y\"]',11,'Botble\\Ads\\Models\\Ads','2023-03-05 23:43:01','2023-03-05 23:43:01'),(143,'vi_button_text','[\"\\u0110i \\u0111\\u1ebfn nh\\u00e0 cung c\\u1ea5p\"]',11,'Botble\\Ads\\Models\\Ads','2023-03-05 23:43:01','2023-03-05 23:43:01'),(144,'vi_subtitle','[\"GI\\u1ea2M GI\\u00c1 15% cho t\\u1ea5t c\\u1ea3\\n rau v\\u00e0 tr\\u00e1i c\\u00e2y\"]',12,'Botble\\Ads\\Models\\Ads','2023-03-05 23:43:01','2023-03-05 23:43:01'),(145,'vi_button_text','[\"\\u0110i \\u0111\\u1ebfn nh\\u00e0 cung c\\u1ea5p\"]',12,'Botble\\Ads\\Models\\Ads','2023-03-05 23:43:01','2023-03-05 23:43:01'),(146,'social_links','[{\"facebook\":\"botble\",\"twitter\":\"botble\"}]',1,'Botble\\Marketplace\\Models\\Store','2023-03-05 23:43:04','2023-03-05 23:43:04'),(147,'social_links','[{\"facebook\":\"botble\",\"twitter\":\"botble\"}]',2,'Botble\\Marketplace\\Models\\Store','2023-03-05 23:43:04','2023-03-05 23:43:04'),(148,'social_links','[{\"facebook\":\"botble\",\"twitter\":\"botble\"}]',3,'Botble\\Marketplace\\Models\\Store','2023-03-05 23:43:04','2023-03-05 23:43:04'),(149,'social_links','[{\"facebook\":\"botble\",\"twitter\":\"botble\"}]',4,'Botble\\Marketplace\\Models\\Store','2023-03-05 23:43:04','2023-03-05 23:43:04'),(150,'tablet_image','[null]',1,'Botble\\SimpleSlider\\Models\\SimpleSliderItem','2023-06-15 08:36:07','2023-06-15 08:36:07'),(151,'mobile_image','[null]',1,'Botble\\SimpleSlider\\Models\\SimpleSliderItem','2023-06-15 08:36:07','2023-06-15 08:36:07'),(152,'tablet_image','[null]',2,'Botble\\SimpleSlider\\Models\\SimpleSliderItem','2023-06-15 08:36:30','2023-06-15 08:36:30'),(153,'mobile_image','[null]',2,'Botble\\SimpleSlider\\Models\\SimpleSliderItem','2023-06-15 08:36:30','2023-06-15 08:36:30');
/*!40000 ALTER TABLE `meta_boxes` ENABLE KEYS */;
UNLOCK TABLES;

--
-- Table structure for table `migrations`
--

DROP TABLE IF EXISTS `migrations`;
/*!40101 SET @saved_cs_client     = @@character_set_client */;
/*!50503 SET character_set_client = utf8mb4 */;
CREATE TABLE `migrations` (
  `id` int unsigned NOT NULL AUTO_INCREMENT,
  `migration` varchar(191) CHARACTER SET utf8mb4 COLLATE utf8mb4_unicode_ci NOT NULL,
  `batch` int NOT NULL,
  PRIMARY KEY (`id`)
) ENGINE=InnoDB AUTO_INCREMENT=124 DEFAULT CHARSET=utf8mb4 COLLATE=utf8mb4_unicode_ci;
/*!40101 SET character_set_client = @saved_cs_client */;

--
-- Dumping data for table `migrations`
--

LOCK TABLES `migrations` WRITE;
/*!40000 ALTER TABLE `migrations` DISABLE KEYS */;
INSERT INTO `migrations` VALUES (1,'2013_04_09_032329_create_base_tables',1),(2,'2013_04_09_062329_create_revisions_table',1),(3,'2014_10_12_000000_create_users_table',1),(4,'2014_10_12_100000_create_password_reset_tokens_table',1),(5,'2016_06_10_230148_create_acl_tables',1),(6,'2016_06_14_230857_create_menus_table',1),(7,'2016_06_28_221418_create_pages_table',1),(8,'2016_10_05_074239_create_setting_table',1),(9,'2016_11_28_032840_create_dashboard_widget_tables',1),(10,'2016_12_16_084601_create_widgets_table',1),(11,'2017_05_09_070343_create_media_tables',1),(12,'2017_11_03_070450_create_slug_table',1),(13,'2019_01_05_053554_create_jobs_table',1),(14,'2019_08_19_000000_create_failed_jobs_table',1),(15,'2019_12_14_000001_create_personal_access_tokens_table',1),(16,'2022_04_20_100851_add_index_to_media_table',1),(17,'2022_04_20_101046_add_index_to_menu_table',1),(18,'2022_07_10_034813_move_lang_folder_to_root',1),(19,'2022_08_04_051940_add_missing_column_expires_at',1),(20,'2022_09_01_000001_create_admin_notifications_tables',1),(21,'2022_10_14_024629_drop_column_is_featured',1),(22,'2022_11_18_063357_add_missing_timestamp_in_table_settings',1),(23,'2022_12_02_093615_update_slug_index_columns',1),(24,'2023_01_30_024431_add_alt_to_media_table',1),(25,'2023_02_16_042611_drop_table_password_resets',1),(26,'2020_11_18_150916_ads_create_ads_table',2),(27,'2021_12_02_035301_add_ads_translations_table',2),(28,'2015_06_29_025744_create_audit_history',3),(29,'2015_06_18_033822_create_blog_table',4),(30,'2021_02_16_092633_remove_default_value_for_author_type',4),(31,'2021_12_03_030600_create_blog_translations',4),(32,'2022_04_19_113923_add_index_to_table_posts',4),(33,'2016_06_17_091537_create_contacts_table',5),(34,'2020_03_05_041139_create_ecommerce_tables',6),(35,'2021_01_01_044147_ecommerce_create_flash_sale_table',6),(36,'2021_01_17_082713_add_column_is_featured_to_product_collections_table',6),(37,'2021_01_18_024333_add_zip_code_into_table_customer_addresses',6),(38,'2021_02_18_073505_update_table_ec_reviews',6),(39,'2021_03_10_024419_add_column_confirmed_at_to_table_ec_customers',6),(40,'2021_03_10_025153_change_column_tax_amount',6),(41,'2021_03_20_033103_add_column_availability_to_table_ec_products',6),(42,'2021_04_28_074008_ecommerce_create_product_label_table',6),(43,'2021_05_31_173037_ecommerce_create_ec_products_translations',6),(44,'2021_06_28_153141_correct_slugs_data',6),(45,'2021_08_17_105016_remove_column_currency_id_in_some_tables',6),(46,'2021_08_30_142128_add_images_column_to_ec_reviews_table',6),(47,'2021_09_01_115151_remove_unused_fields_in_ec_products',6),(48,'2021_10_04_030050_add_column_created_by_to_table_ec_products',6),(49,'2021_10_05_122616_add_status_column_to_ec_customers_table',6),(50,'2021_11_03_025806_nullable_phone_number_in_ec_customer_addresses',6),(51,'2021_11_23_071403_correct_languages_for_product_variations',6),(52,'2021_11_28_031808_add_product_tags_translations',6),(53,'2021_12_01_031123_add_featured_image_to_ec_products',6),(54,'2022_01_01_033107_update_table_ec_shipments',6),(55,'2022_02_16_042457_improve_product_attribute_sets',6),(56,'2022_03_22_075758_correct_product_name',6),(57,'2022_04_19_113334_add_index_to_ec_products',6),(58,'2022_04_28_144405_remove_unused_table',6),(59,'2022_05_05_115015_create_ec_customer_recently_viewed_products_table',6),(60,'2022_05_18_143720_add_index_to_table_ec_product_categories',6),(61,'2022_06_16_095633_add_index_to_some_tables',6),(62,'2022_06_30_035148_create_order_referrals_table',6),(63,'2022_07_24_153815_add_completed_at_to_ec_orders_table',6),(64,'2022_08_14_032836_create_ec_order_returns_table',6),(65,'2022_08_14_033554_create_ec_order_return_items_table',6),(66,'2022_08_15_040324_add_billing_address',6),(67,'2022_08_30_091114_support_digital_products_table',6),(68,'2022_09_13_095744_create_options_table',6),(69,'2022_09_13_104347_create_option_value_table',6),(70,'2022_10_05_163518_alter_table_ec_order_product',6),(71,'2022_10_12_041517_create_invoices_table',6),(72,'2022_10_12_142226_update_orders_table',6),(73,'2022_10_13_024916_update_table_order_returns',6),(74,'2022_10_21_030830_update_columns_in_ec_shipments_table',6),(75,'2022_10_28_021046_update_columns_in_ec_shipments_table',6),(76,'2022_11_16_034522_update_type_column_in_ec_shipping_rules_table',6),(77,'2022_11_19_041643_add_ec_tax_product_table',6),(78,'2022_12_12_063830_update_tax_defadult_in_ec_tax_products_table',6),(79,'2022_12_17_041532_fix_address_in_order_invoice',6),(80,'2022_12_26_070329_create_ec_product_views_table',6),(81,'2023_01_04_033051_fix_product_categories',6),(82,'2023_01_09_050400_add_ec_global_options_translations_table',6),(83,'2023_01_10_093754_add_missing_option_value_id',6),(84,'2023_01_17_082713_add_column_barcode_and_cost_per_item_to_product_table',6),(85,'2023_01_26_021854_add_ec_customer_used_coupons_table',6),(86,'2023_02_08_015900_update_options_column_in_ec_order_product_table',6),(87,'2023_02_27_095752_remove_duplicate_reviews',6),(88,'2018_07_09_221238_create_faq_table',7),(89,'2021_12_03_082134_create_faq_translations',7),(90,'2016_10_03_032336_create_languages_table',8),(91,'2021_10_25_021023_fix-priority-load-for-language-advanced',9),(92,'2021_12_03_075608_create_page_translations',9),(93,'2019_11_18_061011_create_country_table',10),(94,'2021_12_03_084118_create_location_translations',10),(95,'2021_12_03_094518_migrate_old_location_data',10),(96,'2021_12_10_034440_switch_plugin_location_to_use_language_advanced',10),(97,'2022_01_16_085908_improve_plugin_location',10),(98,'2022_08_04_052122_delete_location_backup_tables',10),(99,'2022_10_29_065232_increase_states_abbreviation_column',10),(100,'2022_11_06_061847_increase_state_translations_abbreviation_column',10),(101,'2021_07_06_030002_create_marketplace_table',11),(102,'2021_09_04_150137_add_vendor_verified_at_to_ec_customers_table',11),(103,'2021_10_04_033903_add_column_approved_by_into_table_ec_products',11),(104,'2021_10_06_124943_add_transaction_id_column_to_mp_customer_withdrawals_table',11),(105,'2021_10_10_054216_add_columns_to_mp_customer_revenues_table',11),(106,'2021_12_06_031304_update_table_mp_customer_revenues',11),(107,'2022_10_19_152916_add_columns_to_mp_stores_table',11),(108,'2022_10_20_062849_create_mp_category_sale_commissions_table',11),(109,'2022_11_02_071413_add_more_info_for_store',11),(110,'2022_11_02_080444_add_tax_info',11),(111,'2023_02_01_062030_add_store_translations',11),(112,'2023_02_13_032133_update_fee_column_mp_customer_revenues_table',11),(113,'2023_02_17_023648_fix_store_prefix',11),(114,'2017_10_24_154832_create_newsletter_table',12),(115,'2017_05_18_080441_create_payment_tables',13),(116,'2021_03_27_144913_add_customer_type_into_table_payments',13),(117,'2021_05_24_034720_make_column_currency_nullable',13),(118,'2021_08_09_161302_add_metadata_column_to_payments_table',13),(119,'2021_10_19_020859_update_metadata_field',13),(120,'2022_06_28_151901_activate_paypal_stripe_plugin',13),(121,'2022_07_07_153354_update_charge_id_in_table_payments',13),(122,'2017_07_11_140018_create_simple_slider_table',14),(123,'2016_10_07_193005_create_translations_table',15);
/*!40000 ALTER TABLE `migrations` ENABLE KEYS */;
UNLOCK TABLES;

--
-- Table structure for table `mp_category_sale_commissions`
--

DROP TABLE IF EXISTS `mp_category_sale_commissions`;
/*!40101 SET @saved_cs_client     = @@character_set_client */;
/*!50503 SET character_set_client = utf8mb4 */;
CREATE TABLE `mp_category_sale_commissions` (
  `id` bigint unsigned NOT NULL AUTO_INCREMENT,
  `product_category_id` bigint unsigned NOT NULL,
  `commission_percentage` decimal(8,2) NOT NULL DEFAULT '0.00',
  PRIMARY KEY (`id`),
  UNIQUE KEY `mp_category_sale_commissions_product_category_id_unique` (`product_category_id`)
) ENGINE=InnoDB DEFAULT CHARSET=utf8mb4 COLLATE=utf8mb4_unicode_ci;
/*!40101 SET character_set_client = @saved_cs_client */;

--
-- Dumping data for table `mp_category_sale_commissions`
--

LOCK TABLES `mp_category_sale_commissions` WRITE;
/*!40000 ALTER TABLE `mp_category_sale_commissions` DISABLE KEYS */;
/*!40000 ALTER TABLE `mp_category_sale_commissions` ENABLE KEYS */;
UNLOCK TABLES;

--
-- Table structure for table `mp_customer_revenues`
--

DROP TABLE IF EXISTS `mp_customer_revenues`;
/*!40101 SET @saved_cs_client     = @@character_set_client */;
/*!50503 SET character_set_client = utf8mb4 */;
CREATE TABLE `mp_customer_revenues` (
  `id` bigint unsigned NOT NULL AUTO_INCREMENT,
  `customer_id` bigint unsigned DEFAULT NULL,
  `order_id` bigint unsigned DEFAULT NULL,
  `sub_amount` decimal(15,2) DEFAULT '0.00',
  `fee` decimal(15,2) DEFAULT '0.00',
  `amount` decimal(15,2) DEFAULT '0.00',
  `current_balance` decimal(15,2) DEFAULT '0.00',
  `currency` varchar(120) CHARACTER SET utf8mb4 COLLATE utf8mb4_unicode_ci DEFAULT NULL,
  `description` text CHARACTER SET utf8mb4 COLLATE utf8mb4_unicode_ci,
  `created_at` timestamp NULL DEFAULT NULL,
  `updated_at` timestamp NULL DEFAULT NULL,
  `user_id` bigint unsigned NOT NULL DEFAULT '0',
  `type` varchar(60) CHARACTER SET utf8mb4 COLLATE utf8mb4_unicode_ci DEFAULT NULL,
  PRIMARY KEY (`id`)
) ENGINE=InnoDB AUTO_INCREMENT=18 DEFAULT CHARSET=utf8mb4 COLLATE=utf8mb4_unicode_ci;
/*!40101 SET character_set_client = @saved_cs_client */;

--
-- Dumping data for table `mp_customer_revenues`
--

LOCK TABLES `mp_customer_revenues` WRITE;
/*!40000 ALTER TABLE `mp_customer_revenues` DISABLE KEYS */;
INSERT INTO `mp_customer_revenues` VALUES (1,2,3,237.00,0.00,237.00,0.00,'USD',NULL,'2023-03-04 07:43:07','2023-03-04 07:43:07',0,NULL),(2,7,4,351.00,0.00,351.00,0.00,'USD',NULL,'2023-03-03 01:43:07','2023-03-03 01:43:07',0,NULL),(3,10,6,384.00,0.00,384.00,0.00,'USD',NULL,'2023-03-05 09:43:07','2023-03-05 09:43:07',0,NULL),(4,10,9,604.00,0.00,604.00,384.00,'USD',NULL,'2023-02-28 23:43:07','2023-02-28 23:43:07',0,NULL),(5,10,11,121.00,0.00,121.00,988.00,'USD',NULL,'2023-03-04 23:43:07','2023-03-04 23:43:07',0,NULL),(6,7,13,431.00,0.00,431.00,351.00,'USD',NULL,'2023-02-26 23:43:07','2023-02-26 23:43:07',0,NULL),(7,10,20,1648.00,0.00,1648.00,1109.00,'USD',NULL,'2023-03-04 05:43:07','2023-03-04 05:43:07',0,NULL),(8,2,22,173.00,0.00,173.00,237.00,'USD',NULL,'2023-03-04 01:43:08','2023-03-04 01:43:08',0,NULL),(9,2,23,237.00,0.00,237.00,410.00,'USD',NULL,'2023-02-21 23:43:08','2023-02-21 23:43:08',0,NULL),(10,7,24,384.00,0.00,384.00,782.00,'USD',NULL,'2023-02-21 11:43:08','2023-02-21 11:43:08',0,NULL),(11,10,25,252.00,0.00,252.00,2757.00,'USD',NULL,'2023-02-14 11:43:08','2023-02-14 11:43:08',0,NULL),(12,10,28,119.00,0.00,119.00,3009.00,'USD',NULL,'2023-02-14 15:43:08','2023-02-14 15:43:08',0,NULL),(13,10,30,741.00,0.00,741.00,3128.00,'USD',NULL,'2023-02-23 15:43:08','2023-02-23 15:43:08',0,NULL),(14,10,33,378.00,0.00,378.00,3869.00,'USD',NULL,'2023-02-28 07:43:08','2023-02-28 07:43:08',0,NULL),(15,10,35,232.00,0.00,232.00,4247.00,'USD',NULL,'2023-02-18 23:43:08','2023-02-18 23:43:08',0,NULL),(16,10,37,644.00,0.00,644.00,4479.00,'USD',NULL,'2023-02-21 07:43:09','2023-02-21 07:43:09',0,NULL),(17,10,39,489.00,0.00,489.00,5123.00,'USD',NULL,'2023-02-10 15:43:09','2023-02-10 15:43:09',0,NULL);
/*!40000 ALTER TABLE `mp_customer_revenues` ENABLE KEYS */;
UNLOCK TABLES;

--
-- Table structure for table `mp_customer_withdrawals`
--

DROP TABLE IF EXISTS `mp_customer_withdrawals`;
/*!40101 SET @saved_cs_client     = @@character_set_client */;
/*!50503 SET character_set_client = utf8mb4 */;
CREATE TABLE `mp_customer_withdrawals` (
  `id` bigint unsigned NOT NULL AUTO_INCREMENT,
  `customer_id` bigint unsigned DEFAULT NULL,
  `fee` decimal(15,2) unsigned DEFAULT '0.00',
  `amount` decimal(15,2) unsigned DEFAULT '0.00',
  `current_balance` decimal(15,2) unsigned DEFAULT '0.00',
  `currency` varchar(120) CHARACTER SET utf8mb4 COLLATE utf8mb4_unicode_ci DEFAULT NULL,
  `description` text CHARACTER SET utf8mb4 COLLATE utf8mb4_unicode_ci,
  `bank_info` text CHARACTER SET utf8mb4 COLLATE utf8mb4_unicode_ci,
  `payment_channel` varchar(60) CHARACTER SET utf8mb4 COLLATE utf8mb4_unicode_ci DEFAULT NULL,
  `user_id` bigint unsigned NOT NULL DEFAULT '0',
  `status` varchar(60) CHARACTER SET utf8mb4 COLLATE utf8mb4_unicode_ci NOT NULL DEFAULT 'pending',
  `images` text CHARACTER SET utf8mb4 COLLATE utf8mb4_unicode_ci,
  `created_at` timestamp NULL DEFAULT NULL,
  `updated_at` timestamp NULL DEFAULT NULL,
  `transaction_id` varchar(60) CHARACTER SET utf8mb4 COLLATE utf8mb4_unicode_ci DEFAULT NULL,
  PRIMARY KEY (`id`)
) ENGINE=InnoDB AUTO_INCREMENT=9 DEFAULT CHARSET=utf8mb4 COLLATE=utf8mb4_unicode_ci;
/*!40101 SET character_set_client = @saved_cs_client */;

--
-- Dumping data for table `mp_customer_withdrawals`
--

LOCK TABLES `mp_customer_withdrawals` WRITE;
/*!40000 ALTER TABLE `mp_customer_withdrawals` DISABLE KEYS */;
INSERT INTO `mp_customer_withdrawals` VALUES (1,2,0.00,70.00,647.00,'USD','','{\"name\":\"Elliot Dickinson\",\"number\":\"+17754456859\",\"full_name\":\"Dana Herman\",\"description\":\"Katheryn Johns\"}',NULL,0,'processing',NULL,'2023-03-05 23:43:09','2023-03-05 23:43:09',NULL),(2,2,0.00,59.00,577.00,'USD','','{\"name\":\"Elliot Dickinson\",\"number\":\"+17754456859\",\"full_name\":\"Dana Herman\",\"description\":\"Katheryn Johns\"}',NULL,0,'completed',NULL,'2023-03-05 23:43:09','2023-03-05 23:43:09',NULL),(3,2,0.00,31.00,518.00,'USD','','{\"name\":\"Elliot Dickinson\",\"number\":\"+17754456859\",\"full_name\":\"Dana Herman\",\"description\":\"Katheryn Johns\"}',NULL,0,'completed',NULL,'2023-03-05 23:43:09','2023-03-05 23:43:09',NULL),(4,7,0.00,53.00,1166.00,'USD','','{\"name\":\"Letha Hamill\",\"number\":\"+15202397694\",\"full_name\":\"Luella Ernser\",\"description\":\"Dr. Tess Hill V\"}',NULL,0,'completed',NULL,'2023-03-05 23:43:09','2023-03-05 23:43:09',NULL),(5,7,0.00,70.00,1113.00,'USD','','{\"name\":\"Letha Hamill\",\"number\":\"+15202397694\",\"full_name\":\"Luella Ernser\",\"description\":\"Dr. Tess Hill V\"}',NULL,0,'processing',NULL,'2023-03-05 23:43:09','2023-03-05 23:43:09',NULL),(6,10,0.00,1394.00,5612.00,'USD','','{\"name\":\"Wilton Pagac II\",\"number\":\"+16817832105\",\"full_name\":\"Princess Collier\",\"description\":\"Rozella Kunze\"}',NULL,0,'completed',NULL,'2023-03-05 23:43:09','2023-03-05 23:43:09',NULL),(7,10,0.00,327.00,4218.00,'USD','','{\"name\":\"Wilton Pagac II\",\"number\":\"+16817832105\",\"full_name\":\"Princess Collier\",\"description\":\"Rozella Kunze\"}',NULL,0,'processing',NULL,'2023-03-05 23:43:10','2023-03-05 23:43:10',NULL),(8,10,0.00,646.00,3891.00,'USD','','{\"name\":\"Wilton Pagac II\",\"number\":\"+16817832105\",\"full_name\":\"Princess Collier\",\"description\":\"Rozella Kunze\"}',NULL,0,'pending',NULL,'2023-03-05 23:43:10','2023-03-05 23:43:10',NULL);
/*!40000 ALTER TABLE `mp_customer_withdrawals` ENABLE KEYS */;
UNLOCK TABLES;

--
-- Table structure for table `mp_stores`
--

DROP TABLE IF EXISTS `mp_stores`;
/*!40101 SET @saved_cs_client     = @@character_set_client */;
/*!50503 SET character_set_client = utf8mb4 */;
CREATE TABLE `mp_stores` (
  `id` bigint unsigned NOT NULL AUTO_INCREMENT,
  `name` varchar(255) CHARACTER SET utf8mb4 COLLATE utf8mb4_unicode_ci NOT NULL,
  `email` varchar(60) CHARACTER SET utf8mb4 COLLATE utf8mb4_unicode_ci DEFAULT NULL,
  `phone` varchar(20) CHARACTER SET utf8mb4 COLLATE utf8mb4_unicode_ci DEFAULT NULL,
  `address` varchar(255) CHARACTER SET utf8mb4 COLLATE utf8mb4_unicode_ci DEFAULT NULL,
  `country` varchar(120) CHARACTER SET utf8mb4 COLLATE utf8mb4_unicode_ci DEFAULT NULL,
  `state` varchar(120) CHARACTER SET utf8mb4 COLLATE utf8mb4_unicode_ci DEFAULT NULL,
  `city` varchar(120) CHARACTER SET utf8mb4 COLLATE utf8mb4_unicode_ci DEFAULT NULL,
  `customer_id` bigint unsigned DEFAULT NULL,
  `logo` varchar(255) CHARACTER SET utf8mb4 COLLATE utf8mb4_unicode_ci DEFAULT NULL,
  `description` varchar(400) CHARACTER SET utf8mb4 COLLATE utf8mb4_unicode_ci DEFAULT NULL,
  `content` longtext CHARACTER SET utf8mb4 COLLATE utf8mb4_unicode_ci,
  `status` varchar(60) CHARACTER SET utf8mb4 COLLATE utf8mb4_unicode_ci NOT NULL DEFAULT 'published',
  `vendor_verified_at` datetime DEFAULT NULL,
  `created_at` timestamp NULL DEFAULT NULL,
  `updated_at` timestamp NULL DEFAULT NULL,
  `zip_code` varchar(20) CHARACTER SET utf8mb4 COLLATE utf8mb4_unicode_ci DEFAULT NULL,
  `company` varchar(255) CHARACTER SET utf8mb4 COLLATE utf8mb4_unicode_ci DEFAULT NULL,
  PRIMARY KEY (`id`)
) ENGINE=InnoDB AUTO_INCREMENT=5 DEFAULT CHARSET=utf8mb4 COLLATE=utf8mb4_unicode_ci;
/*!40101 SET character_set_client = @saved_cs_client */;

--
-- Dumping data for table `mp_stores`
--

LOCK TABLES `mp_stores` WRITE;
/*!40000 ALTER TABLE `mp_stores` DISABLE KEYS */;
INSERT INTO `mp_stores` VALUES (1,'GoPro','greenfelder.katrina@example.org','+16065737100','4216 Edison Forks','IQ','New Hampshire','Port Einarport',2,'stores/1.png','Animi ut culpa itaque officiis.','Qui officiis placeat et quam voluptatibus ipsum. Fugit voluptas itaque repellat ut. Eum ad excepturi enim sunt.','published',NULL,'2023-03-05 23:43:04','2023-06-15 08:43:09',NULL,NULL),(2,'Global Office','alexandrine.leuschke@example.net','+16288186415','4997 Scotty Ville Apt. 271','LS','Nebraska','Blockborough',6,'stores/2.png','Eum commodi fugiat in debitis laborum.','Corrupti fugit possimus earum corrupti. Ipsa voluptatem culpa aliquam dolor praesentium hic quia. Sapiente laboriosam quidem repellat neque.','published',NULL,'2023-03-05 23:43:04','2023-03-05 23:43:04',NULL,NULL),(3,'Young Shop','jayce73@example.net','+14696237249','115 Upton Coves','CZ','Alabama','Cormiermouth',7,'stores/3.png','Nulla cum quibusdam ipsa et molestias laborum.','Adipisci voluptate rem eius sit. Enim exercitationem nobis nostrum adipisci voluptas deserunt.','published',NULL,'2023-03-05 23:43:04','2023-03-05 23:43:04',NULL,NULL),(4,'Global Store','makayla.halvorson@example.com','+18306149318','29241 Jayde Corners Suite 928','CO','Pennsylvania','Lennybury',10,'stores/4.png','Harum sint eius rerum blanditiis aut.','Cupiditate autem nam et veniam delectus sed et. Ut earum eum dolorum sed et. Est est consequatur nam cum dolorum.','published',NULL,'2023-03-05 23:43:04','2023-03-05 23:43:04',NULL,NULL);
/*!40000 ALTER TABLE `mp_stores` ENABLE KEYS */;
UNLOCK TABLES;

--
-- Table structure for table `mp_stores_translations`
--

DROP TABLE IF EXISTS `mp_stores_translations`;
/*!40101 SET @saved_cs_client     = @@character_set_client */;
/*!50503 SET character_set_client = utf8mb4 */;
CREATE TABLE `mp_stores_translations` (
  `lang_code` varchar(191) CHARACTER SET utf8mb4 COLLATE utf8mb4_unicode_ci NOT NULL,
  `mp_stores_id` bigint unsigned NOT NULL,
  `name` varchar(255) CHARACTER SET utf8mb4 COLLATE utf8mb4_unicode_ci DEFAULT NULL,
  `description` varchar(400) CHARACTER SET utf8mb4 COLLATE utf8mb4_unicode_ci DEFAULT NULL,
  `content` longtext CHARACTER SET utf8mb4 COLLATE utf8mb4_unicode_ci,
  `address` varchar(255) CHARACTER SET utf8mb4 COLLATE utf8mb4_unicode_ci DEFAULT NULL,
  `company` varchar(255) CHARACTER SET utf8mb4 COLLATE utf8mb4_unicode_ci DEFAULT NULL,
  PRIMARY KEY (`lang_code`,`mp_stores_id`)
) ENGINE=InnoDB DEFAULT CHARSET=utf8mb4 COLLATE=utf8mb4_unicode_ci;
/*!40101 SET character_set_client = @saved_cs_client */;

--
-- Dumping data for table `mp_stores_translations`
--

LOCK TABLES `mp_stores_translations` WRITE;
/*!40000 ALTER TABLE `mp_stores_translations` DISABLE KEYS */;
/*!40000 ALTER TABLE `mp_stores_translations` ENABLE KEYS */;
UNLOCK TABLES;

--
-- Table structure for table `mp_vendor_info`
--

DROP TABLE IF EXISTS `mp_vendor_info`;
/*!40101 SET @saved_cs_client     = @@character_set_client */;
/*!50503 SET character_set_client = utf8mb4 */;
CREATE TABLE `mp_vendor_info` (
  `id` bigint unsigned NOT NULL AUTO_INCREMENT,
  `customer_id` bigint unsigned NOT NULL DEFAULT '0',
  `balance` decimal(15,2) NOT NULL DEFAULT '0.00',
  `total_fee` decimal(15,2) NOT NULL DEFAULT '0.00',
  `total_revenue` decimal(15,2) NOT NULL DEFAULT '0.00',
  `signature` varchar(255) CHARACTER SET utf8mb4 COLLATE utf8mb4_unicode_ci DEFAULT NULL,
  `bank_info` text CHARACTER SET utf8mb4 COLLATE utf8mb4_unicode_ci,
  `created_at` timestamp NULL DEFAULT NULL,
  `updated_at` timestamp NULL DEFAULT NULL,
  `payout_payment_method` varchar(120) CHARACTER SET utf8mb4 COLLATE utf8mb4_unicode_ci DEFAULT 'bank_transfer',
  `tax_info` text CHARACTER SET utf8mb4 COLLATE utf8mb4_unicode_ci,
  PRIMARY KEY (`id`)
) ENGINE=InnoDB AUTO_INCREMENT=5 DEFAULT CHARSET=utf8mb4 COLLATE=utf8mb4_unicode_ci;
/*!40101 SET character_set_client = @saved_cs_client */;

--
-- Dumping data for table `mp_vendor_info`
--

LOCK TABLES `mp_vendor_info` WRITE;
/*!40000 ALTER TABLE `mp_vendor_info` DISABLE KEYS */;
INSERT INTO `mp_vendor_info` VALUES (1,2,487.00,0.00,647.00,'$2y$10$wS8kijboNMku5GlV5dnGvexP7DlKWxzQc3kQP.Gmt.y/5iLMDoMXq','{\"name\":\"Elliot Dickinson\",\"number\":\"+17754456859\",\"full_name\":\"Dana Herman\",\"description\":\"Katheryn Johns\"}','2023-03-05 23:43:04','2023-03-05 23:43:09','bank_transfer',NULL),(2,6,0.00,0.00,0.00,'$2y$10$KdNQ24n4pzY9lpqpyn9wbOtDu7LJBliGQ/6tqtL5KkXVzjlQ1n8Pe','{\"name\":\"Destiney Rosenbaum\",\"number\":\"+14586252705\",\"full_name\":\"Leilani Buckridge\",\"description\":\"Spencer Hackett\"}','2023-03-05 23:43:04','2023-03-05 23:43:04','bank_transfer',NULL),(3,7,1043.00,0.00,1166.00,'$2y$10$H45fwCTS93daGjePaHaWzu77JLNEw0OjGdOw.hhOq.iJR/ycPt3Fm','{\"name\":\"Letha Hamill\",\"number\":\"+15202397694\",\"full_name\":\"Luella Ernser\",\"description\":\"Dr. Tess Hill V\"}','2023-03-05 23:43:04','2023-03-05 23:43:09','bank_transfer',NULL),(4,10,3245.00,0.00,5612.00,'$2y$10$Ru.89KcbmObIXBuymsThVeavwnNBFFcFJI//RfmwwVL7JKq/P28i2','{\"name\":\"Wilton Pagac II\",\"number\":\"+16817832105\",\"full_name\":\"Princess Collier\",\"description\":\"Rozella Kunze\"}','2023-03-05 23:43:04','2023-03-05 23:43:10','bank_transfer',NULL);
/*!40000 ALTER TABLE `mp_vendor_info` ENABLE KEYS */;
UNLOCK TABLES;

--
-- Table structure for table `newsletters`
--

DROP TABLE IF EXISTS `newsletters`;
/*!40101 SET @saved_cs_client     = @@character_set_client */;
/*!50503 SET character_set_client = utf8mb4 */;
CREATE TABLE `newsletters` (
  `id` bigint unsigned NOT NULL AUTO_INCREMENT,
  `email` varchar(120) CHARACTER SET utf8mb4 COLLATE utf8mb4_unicode_ci NOT NULL,
  `name` varchar(120) CHARACTER SET utf8mb4 COLLATE utf8mb4_unicode_ci DEFAULT NULL,
  `status` varchar(60) CHARACTER SET utf8mb4 COLLATE utf8mb4_unicode_ci NOT NULL DEFAULT 'subscribed',
  `created_at` timestamp NULL DEFAULT NULL,
  `updated_at` timestamp NULL DEFAULT NULL,
  PRIMARY KEY (`id`)
) ENGINE=InnoDB DEFAULT CHARSET=utf8mb4 COLLATE=utf8mb4_unicode_ci;
/*!40101 SET character_set_client = @saved_cs_client */;

--
-- Dumping data for table `newsletters`
--

LOCK TABLES `newsletters` WRITE;
/*!40000 ALTER TABLE `newsletters` DISABLE KEYS */;
/*!40000 ALTER TABLE `newsletters` ENABLE KEYS */;
UNLOCK TABLES;

--
-- Table structure for table `pages`
--

DROP TABLE IF EXISTS `pages`;
/*!40101 SET @saved_cs_client     = @@character_set_client */;
/*!50503 SET character_set_client = utf8mb4 */;
CREATE TABLE `pages` (
  `id` bigint unsigned NOT NULL AUTO_INCREMENT,
  `name` varchar(120) CHARACTER SET utf8mb4 COLLATE utf8mb4_unicode_ci NOT NULL,
  `content` longtext CHARACTER SET utf8mb4 COLLATE utf8mb4_unicode_ci,
  `user_id` bigint unsigned NOT NULL,
  `image` varchar(255) CHARACTER SET utf8mb4 COLLATE utf8mb4_unicode_ci DEFAULT NULL,
  `template` varchar(60) CHARACTER SET utf8mb4 COLLATE utf8mb4_unicode_ci DEFAULT NULL,
  `description` varchar(400) CHARACTER SET utf8mb4 COLLATE utf8mb4_unicode_ci DEFAULT NULL,
  `status` varchar(60) CHARACTER SET utf8mb4 COLLATE utf8mb4_unicode_ci NOT NULL DEFAULT 'published',
  `created_at` timestamp NULL DEFAULT NULL,
  `updated_at` timestamp NULL DEFAULT NULL,
  PRIMARY KEY (`id`),
  KEY `pages_user_id_index` (`user_id`)
) ENGINE=InnoDB AUTO_INCREMENT=19 DEFAULT CHARSET=utf8mb4 COLLATE=utf8mb4_unicode_ci;
/*!40101 SET character_set_client = @saved_cs_client */;

--
-- Dumping data for table `pages`
--

LOCK TABLES `pages` WRITE;
/*!40000 ALTER TABLE `pages` DISABLE KEYS */;
INSERT INTO `pages` VALUES (1,'Homepage','<div>[simple-slider key=\"home-slider-1\" show_newsletter_form=\"yes\"][/simple-slider]</div><div>[featured-product-categories title=\"Top Categories\"][/featured-product-categories]</div><div>[theme-ads ads_1=\"IZ6WU8KUALYD\" ads_2=\"ILSFJVYFGCPZ\" ads_3=\"ILSDKVYFGXPH\"][/theme-ads]</div><div>[popular-products title=\"Popular Products\" per_row=\"4\" limit=\"8\"][/popular-products]</div><div>[best-flash-sale title=\"Daily Best Sells\" flash_sale_id=\"6\" ads=\"IZ6WU8KUALYG\"][/best-flash-sale]</div><div>[flash-sale flash_sale_1=\"2\" flash_sale_2=\"3\" flash_sale_3=\"4\" flash_sale_4=\"5\" title=\"Deals Of The Day\" flash_sale_popup_id=\"1\"][/flash-sale]</div><div>[top-products-group tabs=\"top-selling,trending-products,recent-added,top-rated\" top_selling_in_days=\"365\"][/top-products-group]</div>',1,NULL,'homepage',NULL,'published','2023-03-05 23:43:00','2023-03-05 23:43:00'),(2,'Homepage 2','<div>[simple-slider key=\"home-slider-2\" ads_1=\"IZ6WU8KUALYH\" show_newsletter_form=\"yes\" cover_image=\"sliders/banner-1.png\"][/simple-slider]</div><div>[theme-ads ads_1=\"IZ6WU8KUALYD\" ads_2=\"ILSFJVYFGCPZ\" ads_3=\"ILSDKVYFGXPH\"][/theme-ads]</div><div>[popular-products title=\"Popular Products\" per_row=\"4\" limit=\"8\"][/popular-products]</div><div>[best-flash-sale title=\"Daily Best Sells\" flash_sale_id=\"6\" ads=\"IZ6WU8KUALYG\"][/best-flash-sale]</div><div>[flash-sale flash_sale_1=\"2\" flash_sale_2=\"3\" flash_sale_3=\"4\" flash_sale_4=\"5\" title=\"Deals Of The Day\" flash_sale_popup_id=\"1\"][/flash-sale]</div><div>[top-products-group tabs=\"top-selling,trending-products,recent-added,top-rated\" top_selling_in_days=\"365\"][/top-products-group]</div><div>[product-categories title=\"Shop by Categories\"][/product-categories]</div>',1,NULL,'homepage',NULL,'published','2023-03-05 23:43:00','2023-03-05 23:43:00'),(3,'Homepage 3','<div>[simple-slider key=\"home-slider-1\" show_newsletter_form=\"yes\"][/simple-slider]</div><div>[popular-products title=\"Popular Products\" per_row=\"4\" limit=\"8\"][/popular-products]</div><div>[flash-sale flash_sale_1=\"2\" flash_sale_2=\"3\" flash_sale_3=\"4\" flash_sale_4=\"5\" title=\"Deals Of The Day\" flash_sale_popup_id=\"1\"][/flash-sale]</div><div>[theme-ads ads_1=\"IZ6WU8KUALYD\" ads_2=\"ILSFJVYFGCPZ\" ads_3=\"ILSDKVYFGXPH\"][/theme-ads]</div><div>[product-categories title=\"Shop by Categories\"][/product-categories]</div><div>[top-products-group tabs=\"top-selling,trending-products,recent-added,top-rated\" top_selling_in_days=\"365\"][/top-products-group]</div>',1,NULL,'homepage',NULL,'published','2023-03-05 23:43:00','2023-03-05 23:43:00'),(4,'Homepage 4','<div>[simple-slider key=\"home-slider-4\" show_newsletter_form=\"yes\"][/simple-slider]</div><div>[popular-products title=\"Popular Products\" per_row=\"4\" limit=\"8\"][/popular-products]</div><div>[flash-sale flash_sale_1=\"2\" flash_sale_2=\"3\" flash_sale_3=\"4\" flash_sale_4=\"5\" title=\"Deals Of The Day\" flash_sale_popup_id=\"1\"][/flash-sale]</div><div>[theme-ads ads_1=\"IZ6WU8KUALYD\" ads_2=\"ILSFJVYFGCPZ\" ads_3=\"ILSDKVYFGXPH\"][/theme-ads]</div><div>[product-categories title=\"Shop by Categories\"][/product-categories]</div><div>[top-products-group tabs=\"top-selling,trending-products,recent-added,top-rated\" top_selling_in_days=\"365\"][/top-products-group]</div>',1,NULL,'homepage',NULL,'published','2023-03-05 23:43:00','2023-03-05 23:43:00'),(5,'Blog','<p>---</p>',1,NULL,'blog-grid',NULL,'published','2023-03-05 23:43:00','2023-03-05 23:43:00'),(6,'Contact','<p>[google-map]502 New Street, Brighton VIC, Australia[/google-map]</p><p>[our-offices][/our-offices]</p><p>[contact-form][/contact-form]</p>',1,NULL,'default',NULL,'published','2023-03-05 23:43:00','2023-03-05 23:43:00'),(7,'About us','<p>She generally gave herself very good height indeed!\' said Alice, who felt very curious sensation, which puzzled her too much, so she bore it as to prevent its undoing itself,) she carried it out into the garden, where Alice could hardly hear the words:-- \'I speak severely to my jaw, Has lasted the rest of the cattle in the middle. Alice kept her waiting!\' Alice felt a violent shake at the sudden change, but she gained courage as she spoke; \'either you or your head must be collected at once.</p><p>Queen was close behind us, and he\'s treading on my tail. See how eagerly the lobsters and the small ones choked and had just begun to dream that she knew she had read about them in books, and she did it so quickly that the Mouse was speaking, and this was of very little use, as it can be,\' said the Mock Turtle sang this, very slowly and sadly:-- \'\"Will you walk a little queer, won\'t you?\' \'Not a bit,\' said the Queen, who had spoken first. \'That\'s none of them bowed low. \'Would you tell me,\'.</p><p>Alice to herself. \'Of the mushroom,\' said the March Hare said to herself; \'I should like to be no chance of getting her hands up to them to be no doubt that it might be some sense in your pocket?\' he went on, \'What\'s your name, child?\' \'My name is Alice, so please your Majesty!\' the soldiers had to sing you a couple?\' \'You are old,\' said the Queen, tossing her head made her next remark. \'Then the eleventh day must have been a holiday?\' \'Of course you know what a wonderful dream it had gone.</p><p>King: \'however, it may kiss my hand if it wasn\'t trouble enough hatching the eggs,\' said the Gryphon, with a cart-horse, and expecting every moment to think that there ought! And when I got up very sulkily and crossed over to herself, being rather proud of it: \'No room! No room!\' they cried out when they saw Alice coming. \'There\'s PLENTY of room!\' said Alice in a whisper.) \'That would be quite as safe to stay with it as far as they were all turning into little cakes as they would die. \'The.</p>',1,NULL,'right-sidebar',NULL,'published','2023-03-05 23:43:00','2023-03-05 23:43:00'),(8,'Cookie Policy','<h3>EU Cookie Consent</h3><p>To use this website we are using Cookies and collecting some data. To be compliant with the EU GDPR we give you to choose if you allow us to use certain Cookies and to collect some Data.</p><h4>Essential Data</h4><p>The Essential Data is needed to run the Site you are visiting technically. You can not deactivate them.</p><p>- Session Cookie: PHP uses a Cookie to identify user sessions. Without this Cookie the Website is not working.</p><p>- XSRF-Token Cookie: Laravel automatically generates a CSRF \"token\" for each active user session managed by the application. This token is used to verify that the authenticated user is the one actually making the requests to the application.</p>',1,NULL,'default',NULL,'published','2023-03-05 23:43:00','2023-03-05 23:43:00'),(9,'Terms &amp; Conditions','<p>I\'ll have you executed, whether you\'re a little shriek, and went on muttering over the verses to himself: \'\"WE KNOW IT TO BE TRUE--\" that\'s the queerest thing about it.\' \'She\'s in prison,\' the Queen was close behind us, and he\'s treading on my tail. See how eagerly the lobsters and the arm that was lying on the ground near the entrance of the room again, no wonder she felt a little snappishly. \'You\'re enough to look through into the garden with one eye; but to open them again, and she walked.</p><p>Duchess: \'and the moral of that is--\"Oh, \'tis love, \'tis love, \'tis love, \'tis love, \'tis love, \'tis love, that makes the world you fly, Like a tea-tray in the air: it puzzled her a good deal on where you want to see if she were looking up into hers--she could hear the very middle of one! There ought to be sure; but I THINK I can say.\' This was quite out of sight, he said in a confused way, \'Prizes! Prizes!\' Alice had got its head down, and nobody spoke for some while in silence. Alice was.</p><p>I\'m grown up now,\' she said, without opening its eyes, for it to the whiting,\' said Alice, seriously, \'I\'ll have nothing more to come, so she set the little door: but, alas! either the locks were too large, or the key was lying under the hedge. In another minute there was Mystery,\' the Mock Turtle; \'but it seems to like her, down here, that I should frighten them out again. That\'s all.\' \'Thank you,\' said the King. (The jury all looked so grave that she did not quite know what to say whether.</p><p>Alice coming. \'There\'s PLENTY of room!\' said Alice to herself, being rather proud of it: for she thought, \'it\'s sure to make it stop. \'Well, I\'d hardly finished the guinea-pigs!\' thought Alice. \'I\'m glad they\'ve begun asking riddles.--I believe I can do without lobsters, you know. Come on!\' \'Everybody says \"come on!\" here,\' thought Alice, \'shall I NEVER get any older than I am in the direction it pointed to, without trying to make herself useful, and looking anxiously about as she added, to.</p>',1,NULL,'default',NULL,'published','2023-03-05 23:43:00','2023-03-05 23:43:00'),(10,'Returns &amp; Exchanges','<p>Alice: \'--where\'s the Duchess?\' \'Hush! Hush!\' said the Mouse. \'Of course,\' the Mock Turtle, suddenly dropping his voice; and the turtles all advance! They are waiting on the bank, with her arms folded, frowning like a stalk out of this pool? I am very tired of being all alone here!\' As she said to the table to measure herself by it, and yet it was written to nobody, which isn\'t usual, you know.\' It was, no doubt: only Alice did not wish to offend the Dormouse shall!\' they both sat silent and.</p><p>Dormouse went on, turning to Alice, flinging the baby violently up and said, \'It was much pleasanter at home,\' thought poor Alice, \'to speak to this mouse? Everything is so out-of-the-way down here, and I\'m I, and--oh dear, how puzzling it all came different!\' Alice replied in an undertone to the jury. \'Not yet, not yet!\' the Rabbit began. Alice gave a little different. But if I\'m not looking for it, you know.\' Alice had no very clear notion how long ago anything had happened.) So she set to.</p><p>Gryphon said, in a low voice, \'Your Majesty must cross-examine THIS witness.\' \'Well, if I shall have somebody to talk nonsense. The Queen\'s Croquet-Ground A large rose-tree stood near the house opened, and a great deal too far off to the three gardeners who were giving it something out of sight, they were lying round the refreshments!\' But there seemed to think to herself, and nibbled a little queer, won\'t you?\' \'Not a bit,\' she thought of herself, \'I wish the creatures wouldn\'t be so kind,\'.</p><p>Gryphon, and all sorts of things--I can\'t remember things as I was going to happen next. The first witness was the White Rabbit, \'and that\'s the queerest thing about it.\' \'She\'s in prison,\' the Queen left off, quite out of its little eyes, but it makes rather a complaining tone, \'and they drew all manner of things--everything that begins with an important air, \'are you all ready? This is the driest thing I ever heard!\' \'Yes, I think I may as well as she leant against a buttercup to rest.</p>',1,NULL,'default',NULL,'published','2023-03-05 23:43:00','2023-03-05 23:43:00'),(11,'Shipping &amp; Delivery','<p>I THINK I can say.\' This was such a nice little histories about children who had followed him into the sky all the jurymen on to himself in an offended tone. And the Eaglet bent down its head impatiently, and walked two and two, as the March Hare and the Gryphon only answered \'Come on!\' and ran till she was exactly the right way to change them--\' when she noticed that they must needs come wriggling down from the sky! Ugh, Serpent!\' \'But I\'m NOT a serpent!\' said Alice more boldly: \'you know.</p><p>DON\'T know,\' said the March Hare: she thought it over afterwards, it occurred to her very earnestly, \'Now, Dinah, tell me the truth: did you ever saw. How she longed to change the subject. \'Go on with the dream of Wonderland of long ago: and how she would catch a bat, and that\'s all I can say.\' This was such a hurry that she was now about a whiting before.\' \'I can tell you how it was talking in a deep voice, \'are done with blacking, I believe.\' \'Boots and shoes under the circumstances. There.</p><p>Cat, as soon as look at a king,\' said Alice. \'And where HAVE my shoulders got to? And oh, my poor hands, how is it directed to?\' said the King, rubbing his hands; \'so now let the Dormouse go on till you come and join the dance. \'\"What matters it how far we go?\" his scaly friend replied. \"There is another shore, you know, and he went on, \'What HAVE you been doing here?\' \'May it please your Majesty!\' the soldiers did. After these came the royal children; there were no tears. \'If you\'re going to.</p><p>Alice recognised the White Rabbit interrupted: \'UNimportant, your Majesty means, of course,\' said the Mock Turtle said: \'I\'m too stiff. And the Gryphon went on, taking first one side and up I goes like a tunnel for some minutes. The Caterpillar and Alice guessed who it was, and, as the Rabbit, and had to pinch it to her feet, for it to be full of the house down!\' said the Cat, \'a dog\'s not mad. You grant that?\' \'I suppose they are the jurors.\' She said this she looked back once or twice, and.</p>',1,NULL,'default',NULL,'published','2023-03-05 23:43:00','2023-03-05 23:43:00'),(12,'Privacy Policy','<p>The first witness was the first day,\' said the White Rabbit interrupted: \'UNimportant, your Majesty means, of course,\' the Mock Turtle. \'Certainly not!\' said Alice a little nervous about this; \'for it might be some sense in your knocking,\' the Footman went on so long that they were nice grand words to say.) Presently she began fancying the sort of life! I do hope it\'ll make me smaller, I suppose.\' So she set the little door, had vanished completely. Very soon the Rabbit was no more to do this.</p><p>Presently she began very cautiously: \'But I don\'t know,\' he went on, \'and most things twinkled after that--only the March Hare. \'Then it ought to be a footman in livery came running out of a tree a few minutes it puffed away without being seen, when she caught it, and behind it was empty: she did not quite like the look of the leaves: \'I should like to hear her try and repeat \"\'TIS THE VOICE OF THE SLUGGARD,\"\' said the March Hare said--\' \'I didn\'t!\' the March Hare. \'It was the Rabbit whispered.</p><p>March Hare. \'He denies it,\' said Five, in a low voice, \'Why the fact is, you know. Come on!\' \'Everybody says \"come on!\" here,\' thought Alice, \'and those twelve creatures,\' (she was rather glad there WAS no one else seemed inclined to say \'I once tasted--\' but checked herself hastily, and said to herself, as well as she went hunting about, and shouting \'Off with her head!\' about once in her pocket, and was delighted to find her in the window?\' \'Sure, it\'s an arm, yer honour!\' \'Digging for.</p><p>Duchess, who seemed too much overcome to do that,\' said the Rabbit\'s voice along--\'Catch him, you by the hedge!\' then silence, and then nodded. \'It\'s no business of MINE.\' The Queen smiled and passed on. \'Who ARE you doing out here? Run home this moment, I tell you, you coward!\' and at last the Dodo replied very gravely. \'What else had you to sit down without being seen, when she noticed that the pebbles were all talking at once, she found her head in the distance, sitting sad and lonely on a.</p>',1,NULL,'default',NULL,'published','2023-03-05 23:43:00','2023-03-05 23:43:00'),(13,'Blog List','<p>[blog-posts paginate=\"12\"][/blog-posts]</p>',1,NULL,'blog-list',NULL,'published','2023-03-05 23:43:00','2023-03-05 23:43:00'),(14,'Blog Big','<p>[blog-posts paginate=\"12\"][/blog-posts]</p>',1,NULL,'blog-big',NULL,'published','2023-03-05 23:43:00','2023-03-05 23:43:00'),(15,'Blog Wide','<p>[blog-posts paginate=\"12\"][/blog-posts]</p>',1,NULL,'blog-wide',NULL,'published','2023-03-05 23:43:00','2023-03-05 23:43:00'),(16,'Homepage 5','<div>[simple-slider key=\"home-slider-5\" ads_1=\"IZ6WU8KUALYJ\" ads_2=\"IZ6WU8KUALYK\" show_newsletter_form=\"yes\"][/simple-slider]</div><div>[featured-product-categories title=\"Top Categories\"][/featured-product-categories]</div><div>[theme-ads ads_1=\"IZ6WU8KUALYD\" ads_2=\"ILSFJVYFGCPZ\" ads_3=\"ILSDKVYFGXPH\"][/theme-ads]</div><div>[popular-products title=\"Popular Products\" per_row=\"4\" limit=\"8\"][/popular-products]</div><div>[theme-ads ads_1=\"IZ6WU8KUALYL\" ads_2=\"IZ6WU8KUALYM\" ads_3=\"IZ6WU8KUALYN\" ads_4=\"IZ6WU8KUALYO\" style=\"style-5\"][/theme-ads]</div><div>[best-flash-sale title=\"Daily Best Sells\" flash_sale_id=\"6\" ads=\"IZ6WU8KUALYG\"][/best-flash-sale]</div><div>[flash-sale flash_sale_1=\"2\" flash_sale_2=\"3\" flash_sale_3=\"4\" flash_sale_4=\"5\" title=\"Deals Of The Day\" flash_sale_popup_id=\"1\"][/flash-sale]</div><div>[top-products-group tabs=\"top-selling,trending-products,recent-added,top-rated\" top_selling_in_days=\"365\"][/top-products-group]</div>',1,NULL,'homepage',NULL,'published','2023-03-05 23:43:00','2023-03-05 23:43:00'),(17,'Homepage 6','<div>[big-banner cover_image=\"general/home-6.jpeg\" show_newsletter_form=\"yes\" number_display_featured_categories=\"4\" title=\"What are you looking for?\"][/big-banner]</div><div>[trending-products title=\"Trending items\" limit=\"20\"][/trending-products]</div><div>[flash-sale flash_sale_1=\"2\" flash_sale_2=\"3\" flash_sale_3=\"4\" flash_sale_4=\"5\" title=\"Deals Of The Day\" flash_sale_popup_id=\"1\"][/flash-sale]</div><div>[top-products-group tabs=\"top-selling,trending-products,recent-added,top-rated\" top_selling_in_days=\"365\"][/top-products-group]</div>',1,NULL,'homepage',NULL,'published','2023-03-05 23:43:00','2023-03-05 23:43:00'),(18,'Faq','<div>[faqs][/faqs]</div>',1,NULL,'default',NULL,'published','2023-03-05 23:43:00','2023-03-05 23:43:00');
/*!40000 ALTER TABLE `pages` ENABLE KEYS */;
UNLOCK TABLES;

--
-- Table structure for table `pages_translations`
--

DROP TABLE IF EXISTS `pages_translations`;
/*!40101 SET @saved_cs_client     = @@character_set_client */;
/*!50503 SET character_set_client = utf8mb4 */;
CREATE TABLE `pages_translations` (
  `lang_code` varchar(191) CHARACTER SET utf8mb4 COLLATE utf8mb4_unicode_ci NOT NULL,
  `pages_id` bigint unsigned NOT NULL,
  `name` varchar(255) CHARACTER SET utf8mb4 COLLATE utf8mb4_unicode_ci DEFAULT NULL,
  `description` varchar(400) CHARACTER SET utf8mb4 COLLATE utf8mb4_unicode_ci DEFAULT NULL,
  `content` longtext CHARACTER SET utf8mb4 COLLATE utf8mb4_unicode_ci,
  PRIMARY KEY (`lang_code`,`pages_id`)
) ENGINE=InnoDB DEFAULT CHARSET=utf8mb4 COLLATE=utf8mb4_unicode_ci;
/*!40101 SET character_set_client = @saved_cs_client */;

--
-- Dumping data for table `pages_translations`
--

LOCK TABLES `pages_translations` WRITE;
/*!40000 ALTER TABLE `pages_translations` DISABLE KEYS */;
INSERT INTO `pages_translations` VALUES ('vi',1,'Trang chủ',NULL,'<div>[simple-slider key=\"home-slider-1\" show_newsletter_form=\"yes\"][/simple-slider]</div><div>[featured-product-categories title=\"Danh mục nổi bật\"][/featured-product-categories]</div><div>[theme-ads ads_1=\"IZ6WU8KUALYD\" ads_2=\"ILSFJVYFGCPZ\" ads_3=\"ILSDKVYFGXPH\"][/theme-ads]</div><div>[popular-products title=\"Sản phẩm phổ biến\" per_row=\"4\" limit=\"8\"][/popular-products]</div><div>[best-flash-sale title=\"Bán chạy nhất hàng ngày\" flash_sale_id=\"6\" ads=\"IZ6WU8KUALYG\"][/best-flash-sale]</div><div>[flash-sale flash_sale_1=\"2\" flash_sale_2=\"3\" flash_sale_3=\"4\" flash_sale_4=\"5\" title=\"Ưu đãi trong ngày\" flash_sale_popup_id=\"1\"][/flash-sale]</div><div>[top-products-group tabs=\"top-selling,trending-products,recent-added,top-rated\" top_selling_in_days=\"365\"][/top-products-group]</div>'),('vi',2,'Trang chủ 2',NULL,'<div>[simple-slider key=\"home-slider-2\" ads_1=\"IZ6WU8KUALYH\" show_newsletter_form=\"yes\" cover_image=\"sliders/banner-1.png\"][/simple-slider]</div><div>[theme-ads ads_1=\"IZ6WU8KUALYD\" ads_2=\"ILSFJVYFGCPZ\" ads_3=\"ILSDKVYFGXPH\"][/theme-ads]</div><div>[popular-products title=\"Sản phẩm phổ biến\" per_row=\"4\" limit=\"8\"][/popular-products]</div><div>[best-flash-sale title=\"Bán chạy nhất hàng ngày\" flash_sale_id=\"6\" ads=\"IZ6WU8KUALYG\"][/best-flash-sale]</div><div>[flash-sale flash_sale_1=\"2\" flash_sale_2=\"3\" flash_sale_3=\"4\" flash_sale_4=\"5\" title=\"Ưu đãi trong ngày\" flash_sale_popup_id=\"1\"][/flash-sale]</div><div>[top-products-group tabs=\"top-selling,trending-products,recent-added,top-rated\" top_selling_in_days=\"365\"][/top-products-group]</div><div>[product-categories title=\"Mua sắm theo danh mục\"][/product-categories]</div>'),('vi',3,'Trang chủ 3',NULL,'<div>[simple-slider key=\"home-slider-1\" show_newsletter_form=\"yes\"][/simple-slider]</div><div>[popular-products title=\"Sản phẩm phổ biến\" per_row=\"4\" limit=\"8\"][/popular-products]</div><div>[flash-sale flash_sale_1=\"2\" flash_sale_2=\"3\" flash_sale_3=\"4\" flash_sale_4=\"5\" title=\"Ưu đãi trong ngày\" flash_sale_popup_id=\"1\"][/flash-sale]</div><div>[theme-ads ads_1=\"IZ6WU8KUALYD\" ads_2=\"ILSFJVYFGCPZ\" ads_3=\"ILSDKVYFGXPH\"][/theme-ads]</div><div>[product-categories title=\"Mua sắm theo danh mục\"][/product-categories]</div><div>[top-products-group tabs=\"top-selling,trending-products,recent-added,top-rated\" top_selling_in_days=\"365\"][/top-products-group]</div>'),('vi',4,'Trang chủ 4',NULL,'<div>[simple-slider key=\"home-slider-4\" show_newsletter_form=\"yes\"][/simple-slider]</div><div>[popular-products title=\"Sản phẩm phổ biến\" per_row=\"4\" limit=\"8\"][/popular-products]</div><div>[flash-sale flash_sale_1=\"2\" flash_sale_2=\"3\" flash_sale_3=\"4\" flash_sale_4=\"5\" title=\"Ưu đãi trong ngày\" flash_sale_popup_id=\"1\"][/flash-sale]</div><div>[theme-ads ads_1=\"IZ6WU8KUALYD\" ads_2=\"ILSFJVYFGCPZ\" ads_3=\"ILSDKVYFGXPH\"][/theme-ads]</div><div>[product-categories title=\"Mua sắm theo danh mục\"][/product-categories]</div><div>[top-products-group tabs=\"top-selling,trending-products,recent-added,top-rated\" top_selling_in_days=\"365\"][/top-products-group]</div>'),('vi',5,'Tin tức',NULL,'<p>---</p>'),('vi',6,'Liên hệ',NULL,'<p>[google-map]502 New Street, Brighton VIC, Australia[/google-map]</p><p>[our-offices][/our-offices]</p><p>[contact-form][/contact-form]</p>'),('vi',7,'Về chúng tôi',NULL,'<p>WAS a curious plan!\' exclaimed Alice. \'And be quick about it,\' said the Mock Turtle. \'She can\'t explain MYSELF, I\'m afraid, sir\' said Alice, quite forgetting in the distance. \'And yet what a Gryphon is, look at the Footman\'s head: it just grazed his nose, and broke off a head unless there was not going to be, from one end to the conclusion that it was all finished, the Owl, as a drawing of a well?\' \'Take some more bread-and-butter--\' \'But what happens when you throw them, and was looking about.</p><p>I? Ah, THAT\'S the great hall, with the next witness was the BEST butter, you know.\' \'And what an ignorant little girl or a serpent?\' \'It matters a good deal: this fireplace is narrow, to be seen--everything seemed to be no chance of her hedgehog. The hedgehog was engaged in a mournful tone, \'he won\'t do a thing before, but she had felt quite unhappy at the stick, running a very melancholy voice. \'Repeat, \"YOU ARE OLD, FATHER WILLIAM,\' to the tarts on the other end of half an hour or so there.</p><p>Dormouse, without considering at all a pity. I said \"What for?\"\' \'She boxed the Queen\'s ears--\' the Rabbit came up to them she heard one of the words all coming different, and then keep tight hold of its mouth, and its great eyes half shut. This seemed to be no doubt that it was too late to wish that! She went on in a more subdued tone, and she soon made out that part.\' \'Well, at any rate: go and live in that poky little house, and the others looked round also, and all that,\' he said to the.</p><p>VERY tired of this. I vote the young lady tells us a story!\' said the Dormouse. \'Don\'t talk nonsense,\' said Alice as it went. So she stood watching them, and he wasn\'t going to remark myself.\' \'Have you guessed the riddle yet?\' the Hatter with a little shriek and a crash of broken glass, from which she had this fit) An obstacle that came between Him, and ourselves, and it. Don\'t let me help to undo it!\' \'I shall do nothing of tumbling down stairs! How brave they\'ll all think me at all.\' \'In.</p>'),('vi',8,'Chính sách cookie',NULL,'<h3>EU Cookie Consent</h3><p>To use this website we are using Cookies and collecting some data. To be compliant with the EU GDPR we give you to choose if you allow us to use certain Cookies and to collect some Data.</p><h4>Essential Data</h4><p>The Essential Data is needed to run the Site you are visiting technically. You can not deactivate them.</p><p>- Session Cookie: PHP uses a Cookie to identify user sessions. Without this Cookie the Website is not working.</p><p>- XSRF-Token Cookie: Laravel automatically generates a CSRF \"token\" for each active user session managed by the application. This token is used to verify that the authenticated user is the one actually making the requests to the application.</p>'),('vi',9,'Điều kiện và điều khoản',NULL,'<p>Why, it fills the whole head appeared, and then sat upon it.) \'I\'m glad they don\'t seem to dry me at all.\' \'In that case,\' said the Mouse had changed his mind, and was just possible it had fallen into it: there were three gardeners instantly jumped up, and there she saw in my time, but never ONE with such sudden violence that Alice quite jumped; but she did not get dry very soon. \'Ahem!\' said the Hatter: \'it\'s very rude.\' The Hatter was out of their hearing her; and the great question is, Who.</p><p>She took down a large mustard-mine near here. And the Gryphon answered, very nearly in the flurry of the ground.\' So she was to find my way into a graceful zigzag, and was just possible it had gone. \'Well! I\'ve often seen a cat without a cat! It\'s the most curious thing I know. Silence all round, if you please! \"William the Conqueror, whose cause was favoured by the time it all seemed quite dull and stupid for life to go among mad people,\' Alice remarked. \'Right, as usual,\' said the Mock.</p><p>Stole the Tarts? The King and Queen of Hearts were seated on their slates, when the Rabbit came up to her chin in salt water. Her first idea was that it would be the best cat in the air, and came back again. \'Keep your temper,\' said the Mock Turtle to sing \"Twinkle, twinkle, little bat! How I wonder if I must, I must,\' the King hastily said, and went on at last, and they walked off together, Alice heard it before,\' said Alice,) and round the thistle again; then the Rabbit\'s little white kid.</p><p>March Hare said to herself as she had forgotten the words.\' So they had any dispute with the words have got altered.\' \'It is a long hookah, and taking not the same, the next witness.\' And he added looking angrily at the top of it. Presently the Rabbit coming to look over their slates; \'but it sounds uncommon nonsense.\' Alice said very humbly; \'I won\'t interrupt again. I dare say there may be ONE.\' \'One, indeed!\' said the one who had been looking over his shoulder as she spoke. \'I must be on.</p>'),('vi',10,'Chính sách trả hàng',NULL,'<p>Alice caught the baby violently up and said, very gravely, \'I think, you ought to speak, and no room at all the time he had taken his watch out of their wits!\' So she went on. \'I do,\' Alice hastily replied; \'at least--at least I mean what I get\" is the driest thing I ever heard!\' \'Yes, I think that proved it at all. \'But perhaps it was not much larger than a rat-hole: she knelt down and began an account of the evening, beautiful Soup! Beau--ootiful Soo--oop! Beau--ootiful Soo--oop!.</p><p>Alice thought she might as well say,\' added the Queen. \'Well, I never heard of such a nice little histories about children who had spoken first. \'That\'s none of them attempted to explain the mistake it had gone. \'Well! I\'ve often seen them so shiny?\' Alice looked all round the refreshments!\' But there seemed to listen, the whole place around her became alive with the words \'DRINK ME,\' but nevertheless she uncorked it and put back into the sea, some children digging in the shade: however, the.</p><p>Mock Turtle. \'Certainly not!\' said Alice in a very decided tone: \'tell her something about the temper of your flamingo. Shall I try the thing yourself, some winter day, I will just explain to you never had fits, my dear, I think?\' he said do. Alice looked at Alice, as she was surprised to find my way into that lovely garden. I think you\'d better leave off,\' said the Duchess, it had VERY long claws and a scroll of parchment in the middle, wondering how she would have made a snatch in the.</p><p>March Hare had just succeeded in curving it down \'important,\' and some \'unimportant.\' Alice could think of what sort it was) scratching and scrambling about in all directions, tumbling up against each other; however, they got thrown out to sea. So they couldn\'t get them out with trying, the poor little thing was to get in?\' asked Alice again, for really I\'m quite tired and out of the court. \'What do you know what to say \'I once tasted--\' but checked herself hastily, and said anxiously to.</p>'),('vi',11,'Chính sách vận chuyển',NULL,'<p>I BEG your pardon!\' she exclaimed in a deep, hollow tone: \'sit down, both of you, and listen to her, And mentioned me to introduce some other subject of conversation. \'Are you--are you fond--of--of dogs?\' The Mouse did not at all comfortable, and it put the Dormouse shook its head impatiently, and said, \'So you think you could draw treacle out of sight: then it chuckled. \'What fun!\' said the White Rabbit read:-- \'They told me you had been looking over their slates; \'but it seems to be true).</p><p>Alice waited patiently until it chose to speak first, \'why your cat grins like that?\' \'It\'s a Cheshire cat,\' said the Hatter. \'Does YOUR watch tell you my history, and you\'ll understand why it is all the way down one side and then at the door--I do wish I hadn\'t to bring but one; Bill\'s got the other--Bill! fetch it back!\' \'And who are THESE?\' said the Hatter. Alice felt a very short time the Queen said to herself how she was out of a candle is blown out, for she had made out that part.\'.</p><p>Take your choice!\' The Duchess took her choice, and was going to be, from one foot to the executioner: \'fetch her here.\' And the moral of that is--\"Be what you were INSIDE, you might catch a bad cold if she had not as yet had any dispute with the next question is, what?\' The great question certainly was, what? Alice looked round, eager to see the Mock Turtle interrupted, \'if you don\'t know what you had been for some time without hearing anything more: at last it unfolded its arms, took the.</p><p>And took them quite away!\' \'Consider your verdict,\' the King had said that day. \'A likely story indeed!\' said the Mock Turtle: \'why, if a fish came to the other side of WHAT? The other side will make you grow shorter.\' \'One side will make you dry enough!\' They all made of solid glass; there was no longer to be a footman because he taught us,\' said the Duchess, who seemed too much frightened that she had hoped) a fan and gloves--that is, if I chose,\' the Duchess said in a low voice, \'Why the.</p>'),('vi',12,'Chính sách bảo mật',NULL,'<p>The Dormouse shook its head impatiently, and walked two and two, as the White Rabbit put on his spectacles. \'Where shall I begin, please your Majesty,\' he began. \'You\'re a very little way out of the creature, but on second thoughts she decided to remain where she was, and waited. When the pie was all very well as she went on at last, and managed to put everything upon Bill! I wouldn\'t be so proud as all that.\' \'With extras?\' asked the Gryphon, \'she wants for to know when the race was over.</p><p>Miss, we\'re doing our best, afore she comes, to--\' At this the White Rabbit, \'but it seems to be lost, as she swam about, trying to find quite a long breath, and till the Pigeon in a rather offended tone, and added with a great letter, nearly as large as the rest of it at all; however, she went slowly after it: \'I never went to him,\' the Mock Turtle\'s heavy sobs. Lastly, she pictured to herself that perhaps it was over at last, they must needs come wriggling down from the roof. There were.</p><p>WHAT things?\' said the Pigeon. \'I can tell you just now what the name \'W. RABBIT\' engraved upon it. She felt that this could not remember ever having heard of uglifying!\' it exclaimed. \'You know what they\'re about!\' \'Read them,\' said the voice. \'Fetch me my gloves this moment!\' Then came a little girl,\' said Alice, surprised at her rather inquisitively, and seemed to be an advantage,\' said Alice, looking down with one finger, as he said do. Alice looked at it gloomily: then he dipped it into.</p><p>Pigeon in a VERY unpleasant state of mind, she turned the corner, but the Hatter asked triumphantly. Alice did not wish to offend the Dormouse denied nothing, being fast asleep. \'After that,\' continued the Hatter, \'I cut some more bread-and-butter--\' \'But what happens when one eats cake, but Alice had no pictures or conversations?\' So she tucked it away under her arm, that it felt quite relieved to see its meaning. \'And just as if nothing had happened. \'How am I to get through was more.</p>'),('vi',13,'Blog danh sách',NULL,'<p>[blog-posts paginate=\"12\"][/blog-posts]</p>'),('vi',14,'Blog Lớn',NULL,'<p>[blog-posts paginate=\"12\"][/blog-posts]</p>'),('vi',15,'Blog Rộng',NULL,'<p>[blog-posts paginate=\"12\"][/blog-posts]</p>'),('vi',16,'Trang chủ 5',NULL,'<div>[simple-slider key=\"home-slider-5\" ads_1=\"IZ6WU8KUALYJ\" ads_2=\"IZ6WU8KUALYK\" show_newsletter_form=\"yes\"][/simple-slider]</div><div>[featured-product-categories title=\"Danh mục nổi bật\"][/featured-product-categories]</div><div>[theme-ads ads_1=\"IZ6WU8KUALYD\" ads_2=\"ILSFJVYFGCPZ\" ads_3=\"ILSDKVYFGXPH\"][/theme-ads]</div><div>[popular-products title=\"Sản phẩm phổ biến\" per_row=\"4\" limit=\"8\"][/popular-products]</div><div>[theme-ads ads_1=\"IZ6WU8KUALYL\" ads_2=\"IZ6WU8KUALYM\" ads_3=\"IZ6WU8KUALYN\" ads_4=\"IZ6WU8KUALYO\" style=\"style-5\"][/theme-ads]</div><div>[best-flash-sale title=\"Bán chạy nhất hàng ngày\" flash_sale_id=\"6\" ads=\"IZ6WU8KUALYG\"][/best-flash-sale]</div><div>[flash-sale flash_sale_1=\"2\" flash_sale_2=\"3\" flash_sale_3=\"4\" flash_sale_4=\"5\" title=\"Ưu đãi trong ngày\" flash_sale_popup_id=\"1\"][/flash-sale]</div><div>[top-products-group tabs=\"top-selling,trending-products,recent-added,top-rated\" top_selling_in_days=\"365\"][/top-products-group]</div>'),('vi',17,'Trang chủ 6',NULL,'<div>[big-banner cover_image=\"general/home-6.jpeg\" show_newsletter_form=\"yes\" number_display_featured_categories=\"4\" title=\"Bạn đang tìm kiếm sản phẩm?\"][/big-banner]</div><div>[trending-products title=\"Các mặt hàng thịnh hành\" limit=\"20\"][/trending-products]</div><div>[flash-sale flash_sale_1=\"2\" flash_sale_2=\"3\" flash_sale_3=\"4\" flash_sale_4=\"5\" title=\"Ưu đãi trong ngày\" flash_sale_popup_id=\"1\"][/flash-sale]</div><div>[top-products-group tabs=\"top-selling,trending-products,recent-added,top-rated\" top_selling_in_days=\"365\"][/top-products-group]</div>'),('vi',18,'Câu hỏi thường gặp',NULL,'<div>[faqs][/faqs]</div>');
/*!40000 ALTER TABLE `pages_translations` ENABLE KEYS */;
UNLOCK TABLES;

--
-- Table structure for table `password_reset_tokens`
--

DROP TABLE IF EXISTS `password_reset_tokens`;
/*!40101 SET @saved_cs_client     = @@character_set_client */;
/*!50503 SET character_set_client = utf8mb4 */;
CREATE TABLE `password_reset_tokens` (
  `email` varchar(191) CHARACTER SET utf8mb4 COLLATE utf8mb4_unicode_ci NOT NULL,
  `token` varchar(191) CHARACTER SET utf8mb4 COLLATE utf8mb4_unicode_ci NOT NULL,
  `created_at` timestamp NULL DEFAULT NULL,
  PRIMARY KEY (`email`)
) ENGINE=InnoDB DEFAULT CHARSET=utf8mb4 COLLATE=utf8mb4_unicode_ci;
/*!40101 SET character_set_client = @saved_cs_client */;

--
-- Dumping data for table `password_reset_tokens`
--

LOCK TABLES `password_reset_tokens` WRITE;
/*!40000 ALTER TABLE `password_reset_tokens` DISABLE KEYS */;
/*!40000 ALTER TABLE `password_reset_tokens` ENABLE KEYS */;
UNLOCK TABLES;

--
-- Table structure for table `payments`
--

DROP TABLE IF EXISTS `payments`;
/*!40101 SET @saved_cs_client     = @@character_set_client */;
/*!50503 SET character_set_client = utf8mb4 */;
CREATE TABLE `payments` (
  `id` bigint unsigned NOT NULL AUTO_INCREMENT,
  `currency` varchar(120) CHARACTER SET utf8mb4 COLLATE utf8mb4_unicode_ci DEFAULT NULL,
  `user_id` bigint unsigned NOT NULL DEFAULT '0',
  `charge_id` varchar(255) CHARACTER SET utf8mb4 COLLATE utf8mb4_unicode_ci DEFAULT NULL,
  `payment_channel` varchar(60) CHARACTER SET utf8mb4 COLLATE utf8mb4_unicode_ci DEFAULT NULL,
  `description` varchar(255) CHARACTER SET utf8mb4 COLLATE utf8mb4_unicode_ci DEFAULT NULL,
  `amount` decimal(15,2) unsigned NOT NULL,
  `order_id` bigint unsigned DEFAULT NULL,
  `status` varchar(60) CHARACTER SET utf8mb4 COLLATE utf8mb4_unicode_ci DEFAULT 'pending',
  `payment_type` varchar(191) CHARACTER SET utf8mb4 COLLATE utf8mb4_unicode_ci DEFAULT 'confirm',
  `customer_id` bigint unsigned DEFAULT NULL,
  `refunded_amount` decimal(15,2) unsigned DEFAULT NULL,
  `refund_note` varchar(255) CHARACTER SET utf8mb4 COLLATE utf8mb4_unicode_ci DEFAULT NULL,
  `created_at` timestamp NULL DEFAULT NULL,
  `updated_at` timestamp NULL DEFAULT NULL,
  `customer_type` varchar(255) CHARACTER SET utf8mb4 COLLATE utf8mb4_unicode_ci DEFAULT NULL,
  `metadata` mediumtext CHARACTER SET utf8mb4 COLLATE utf8mb4_unicode_ci,
  PRIMARY KEY (`id`)
) ENGINE=InnoDB AUTO_INCREMENT=40 DEFAULT CHARSET=utf8mb4 COLLATE=utf8mb4_unicode_ci;
/*!40101 SET character_set_client = @saved_cs_client */;

--
-- Dumping data for table `payments`
--

LOCK TABLES `payments` WRITE;
/*!40000 ALTER TABLE `payments` DISABLE KEYS */;
INSERT INTO `payments` VALUES (1,'USD',0,'SIKU8Q4NDS','stripe',NULL,230.00,1,'completed','confirm',3,NULL,NULL,'2023-03-05 23:43:05','2023-03-05 23:43:05','Botble\\Ecommerce\\Models\\Customer',NULL),(2,'USD',0,'DT6YZKOWYR','razorpay',NULL,252.00,2,'completed','confirm',3,NULL,NULL,'2023-03-05 23:43:05','2023-03-05 23:43:05','Botble\\Ecommerce\\Models\\Customer',NULL),(3,'USD',0,'P1ADETTAG4','razorpay',NULL,237.00,3,'completed','confirm',9,NULL,NULL,'2023-03-05 23:43:05','2023-03-05 23:43:05','Botble\\Ecommerce\\Models\\Customer',NULL),(4,'USD',0,'FRMR6KUCNT','paypal',NULL,351.00,4,'completed','confirm',9,NULL,NULL,'2023-03-05 23:43:05','2023-03-05 23:43:05','Botble\\Ecommerce\\Models\\Customer',NULL),(5,'USD',0,'0VCYHXHC2Z','bank_transfer',NULL,114.00,5,'pending','confirm',8,NULL,NULL,'2023-03-05 23:43:05','2023-03-05 23:43:05','Botble\\Ecommerce\\Models\\Customer',NULL),(6,'USD',0,'8LQGPIFDFD','paypal',NULL,384.00,6,'completed','confirm',8,NULL,NULL,'2023-03-05 23:43:05','2023-03-05 23:43:05','Botble\\Ecommerce\\Models\\Customer',NULL),(7,'USD',0,'REN64QLC51','cod',NULL,180.00,7,'pending','confirm',5,NULL,NULL,'2023-03-05 23:43:05','2023-03-05 23:43:05','Botble\\Ecommerce\\Models\\Customer',NULL),(8,'USD',0,'A4AV9WZ5UU','cod',NULL,384.00,8,'pending','confirm',5,NULL,NULL,'2023-03-05 23:43:05','2023-03-05 23:43:05','Botble\\Ecommerce\\Models\\Customer',NULL),(9,'USD',0,'0RSSICTYC8','stripe',NULL,604.00,9,'completed','confirm',8,NULL,NULL,'2023-03-05 23:43:05','2023-03-05 23:43:05','Botble\\Ecommerce\\Models\\Customer',NULL),(10,'USD',0,'LLECSKUH3W','cod',NULL,290.00,10,'pending','confirm',4,NULL,NULL,'2023-03-05 23:43:05','2023-03-05 23:43:05','Botble\\Ecommerce\\Models\\Customer',NULL),(11,'USD',0,'DMB58SCFFF','razorpay',NULL,121.00,11,'completed','confirm',4,NULL,NULL,'2023-03-05 23:43:05','2023-03-05 23:43:05','Botble\\Ecommerce\\Models\\Customer',NULL),(12,'USD',0,'IQLXZG1U24','paypal',NULL,342.00,12,'completed','confirm',4,NULL,NULL,'2023-03-05 23:43:05','2023-03-05 23:43:05','Botble\\Ecommerce\\Models\\Customer',NULL),(13,'USD',0,'DGSEEVRYA5','sslcommerz',NULL,431.00,13,'completed','confirm',9,NULL,NULL,'2023-03-05 23:43:05','2023-03-05 23:43:05','Botble\\Ecommerce\\Models\\Customer',NULL),(14,'USD',0,'P00KRA8YD9','bank_transfer',NULL,520.00,14,'pending','confirm',9,NULL,NULL,'2023-03-05 23:43:05','2023-03-05 23:43:05','Botble\\Ecommerce\\Models\\Customer',NULL),(15,'USD',0,'RLJLEGNIOC','bank_transfer',NULL,753.00,15,'pending','confirm',4,NULL,NULL,'2023-03-05 23:43:06','2023-03-05 23:43:06','Botble\\Ecommerce\\Models\\Customer',NULL),(16,'USD',0,'LCO0AZZFSG','bank_transfer',NULL,60.00,16,'pending','confirm',5,NULL,NULL,'2023-03-05 23:43:06','2023-03-05 23:43:06','Botble\\Ecommerce\\Models\\Customer',NULL),(17,'USD',0,'S5TVBXY5DO','paystack',NULL,242.00,17,'completed','confirm',5,NULL,NULL,'2023-03-05 23:43:06','2023-03-05 23:43:06','Botble\\Ecommerce\\Models\\Customer',NULL),(18,'USD',0,'DTJMAD2N69','cod',NULL,336.00,18,'pending','confirm',5,NULL,NULL,'2023-03-05 23:43:06','2023-03-05 23:43:06','Botble\\Ecommerce\\Models\\Customer',NULL),(19,'USD',0,'ODQPL2THHD','razorpay',NULL,79.00,19,'completed','confirm',1,NULL,NULL,'2023-03-05 23:43:06','2023-03-05 23:43:06','Botble\\Ecommerce\\Models\\Customer',NULL),(20,'USD',0,'MLRZENF5EM','mollie',NULL,1648.00,20,'completed','confirm',1,NULL,NULL,'2023-03-05 23:43:06','2023-03-05 23:43:06','Botble\\Ecommerce\\Models\\Customer',NULL),(21,'USD',0,'NOCLGYVBRW','cod',NULL,601.00,21,'pending','confirm',1,NULL,NULL,'2023-03-05 23:43:06','2023-03-05 23:43:06','Botble\\Ecommerce\\Models\\Customer',NULL),(22,'USD',0,'LCFY4MKBHI','paystack',NULL,173.00,22,'completed','confirm',1,NULL,NULL,'2023-03-05 23:43:06','2023-03-05 23:43:06','Botble\\Ecommerce\\Models\\Customer',NULL),(23,'USD',0,'4FJEXNS5NR','paypal',NULL,237.00,23,'completed','confirm',5,NULL,NULL,'2023-03-05 23:43:06','2023-03-05 23:43:06','Botble\\Ecommerce\\Models\\Customer',NULL),(24,'USD',0,'7Y2GDJFDLQ','paystack',NULL,384.00,24,'completed','confirm',5,NULL,NULL,'2023-03-05 23:43:06','2023-03-05 23:43:06','Botble\\Ecommerce\\Models\\Customer',NULL),(25,'USD',0,'KCRHF7GZIR','razorpay',NULL,252.00,25,'completed','confirm',5,NULL,NULL,'2023-03-05 23:43:06','2023-03-05 23:43:06','Botble\\Ecommerce\\Models\\Customer',NULL),(26,'USD',0,'N4F0AIF7ZE','razorpay',NULL,608.00,26,'completed','confirm',8,NULL,NULL,'2023-03-05 23:43:06','2023-03-05 23:43:06','Botble\\Ecommerce\\Models\\Customer',NULL),(27,'USD',0,'YFA6FTFLVA','cod',NULL,226.00,27,'pending','confirm',4,NULL,NULL,'2023-03-05 23:43:06','2023-03-05 23:43:06','Botble\\Ecommerce\\Models\\Customer',NULL),(28,'USD',0,'BAHT1TLH7N','mollie',NULL,119.00,28,'completed','confirm',4,NULL,NULL,'2023-03-05 23:43:06','2023-03-05 23:43:06','Botble\\Ecommerce\\Models\\Customer',NULL),(29,'USD',0,'UACGMIGUZY','bank_transfer',NULL,180.00,29,'pending','confirm',1,NULL,NULL,'2023-03-05 23:43:06','2023-03-05 23:43:06','Botble\\Ecommerce\\Models\\Customer',NULL),(30,'USD',0,'8FMBCNMLTS','stripe',NULL,741.00,30,'completed','confirm',1,NULL,NULL,'2023-03-05 23:43:06','2023-03-05 23:43:06','Botble\\Ecommerce\\Models\\Customer',NULL),(31,'USD',0,'6KUMCLK5HA','bank_transfer',NULL,60.00,31,'pending','confirm',9,NULL,NULL,'2023-03-05 23:43:06','2023-03-05 23:43:06','Botble\\Ecommerce\\Models\\Customer',NULL),(32,'USD',0,'5SCJRUMMIW','paypal',NULL,114.00,32,'completed','confirm',9,NULL,NULL,'2023-03-05 23:43:06','2023-03-05 23:43:06','Botble\\Ecommerce\\Models\\Customer',NULL),(33,'USD',0,'CECTTW8RJ8','stripe',NULL,378.00,33,'completed','confirm',9,NULL,NULL,'2023-03-05 23:43:06','2023-03-05 23:43:06','Botble\\Ecommerce\\Models\\Customer',NULL),(34,'USD',0,'KEZ9570FOU','paypal',NULL,258.00,34,'completed','confirm',5,NULL,NULL,'2023-03-05 23:43:06','2023-03-05 23:43:06','Botble\\Ecommerce\\Models\\Customer',NULL),(35,'USD',0,'QKU5RYEJGB','mollie',NULL,232.00,35,'completed','confirm',5,NULL,NULL,'2023-03-05 23:43:06','2023-03-05 23:43:06','Botble\\Ecommerce\\Models\\Customer',NULL),(36,'USD',0,'HE5LEWQYHA','bank_transfer',NULL,234.00,36,'pending','confirm',5,NULL,NULL,'2023-03-05 23:43:06','2023-03-05 23:43:06','Botble\\Ecommerce\\Models\\Customer',NULL),(37,'USD',0,'5MGX4VHFNF','paypal',NULL,644.00,37,'completed','confirm',3,NULL,NULL,'2023-03-05 23:43:07','2023-03-05 23:43:07','Botble\\Ecommerce\\Models\\Customer',NULL),(38,'USD',0,'QTH5VGLCIF','bank_transfer',NULL,290.00,38,'pending','confirm',1,NULL,NULL,'2023-03-05 23:43:07','2023-03-05 23:43:07','Botble\\Ecommerce\\Models\\Customer',NULL),(39,'USD',0,'IEGE3PWHCO','sslcommerz',NULL,489.00,39,'completed','confirm',1,NULL,NULL,'2023-03-05 23:43:07','2023-03-05 23:43:07','Botble\\Ecommerce\\Models\\Customer',NULL);
/*!40000 ALTER TABLE `payments` ENABLE KEYS */;
UNLOCK TABLES;

--
-- Table structure for table `personal_access_tokens`
--

DROP TABLE IF EXISTS `personal_access_tokens`;
/*!40101 SET @saved_cs_client     = @@character_set_client */;
/*!50503 SET character_set_client = utf8mb4 */;
CREATE TABLE `personal_access_tokens` (
  `id` bigint unsigned NOT NULL AUTO_INCREMENT,
  `tokenable_type` varchar(191) CHARACTER SET utf8mb4 COLLATE utf8mb4_unicode_ci NOT NULL,
  `tokenable_id` bigint unsigned NOT NULL,
  `name` varchar(191) CHARACTER SET utf8mb4 COLLATE utf8mb4_unicode_ci NOT NULL,
  `token` varchar(64) CHARACTER SET utf8mb4 COLLATE utf8mb4_unicode_ci NOT NULL,
  `abilities` text CHARACTER SET utf8mb4 COLLATE utf8mb4_unicode_ci,
  `last_used_at` timestamp NULL DEFAULT NULL,
  `expires_at` timestamp NULL DEFAULT NULL,
  `created_at` timestamp NULL DEFAULT NULL,
  `updated_at` timestamp NULL DEFAULT NULL,
  PRIMARY KEY (`id`),
  UNIQUE KEY `personal_access_tokens_token_unique` (`token`),
  KEY `personal_access_tokens_tokenable_type_tokenable_id_index` (`tokenable_type`,`tokenable_id`)
) ENGINE=InnoDB DEFAULT CHARSET=utf8mb4 COLLATE=utf8mb4_unicode_ci;
/*!40101 SET character_set_client = @saved_cs_client */;

--
-- Dumping data for table `personal_access_tokens`
--

LOCK TABLES `personal_access_tokens` WRITE;
/*!40000 ALTER TABLE `personal_access_tokens` DISABLE KEYS */;
/*!40000 ALTER TABLE `personal_access_tokens` ENABLE KEYS */;
UNLOCK TABLES;

--
-- Table structure for table `post_categories`
--

DROP TABLE IF EXISTS `post_categories`;
/*!40101 SET @saved_cs_client     = @@character_set_client */;
/*!50503 SET character_set_client = utf8mb4 */;
CREATE TABLE `post_categories` (
  `category_id` bigint unsigned NOT NULL,
  `post_id` bigint unsigned NOT NULL,
  KEY `post_categories_category_id_index` (`category_id`),
  KEY `post_categories_post_id_index` (`post_id`)
) ENGINE=InnoDB DEFAULT CHARSET=utf8mb4 COLLATE=utf8mb4_unicode_ci;
/*!40101 SET character_set_client = @saved_cs_client */;

--
-- Dumping data for table `post_categories`
--

LOCK TABLES `post_categories` WRITE;
/*!40000 ALTER TABLE `post_categories` DISABLE KEYS */;
INSERT INTO `post_categories` VALUES (1,1),(4,1),(2,2),(4,2),(2,3),(3,3),(2,4),(3,4),(2,5),(4,5),(1,6),(3,6),(1,7),(4,7),(2,8),(3,8),(2,9),(3,9),(2,10),(3,10),(1,11),(4,11);
/*!40000 ALTER TABLE `post_categories` ENABLE KEYS */;
UNLOCK TABLES;

--
-- Table structure for table `post_tags`
--

DROP TABLE IF EXISTS `post_tags`;
/*!40101 SET @saved_cs_client     = @@character_set_client */;
/*!50503 SET character_set_client = utf8mb4 */;
CREATE TABLE `post_tags` (
  `tag_id` bigint unsigned NOT NULL,
  `post_id` bigint unsigned NOT NULL,
  KEY `post_tags_tag_id_index` (`tag_id`),
  KEY `post_tags_post_id_index` (`post_id`)
) ENGINE=InnoDB DEFAULT CHARSET=utf8mb4 COLLATE=utf8mb4_unicode_ci;
/*!40101 SET character_set_client = @saved_cs_client */;

--
-- Dumping data for table `post_tags`
--

LOCK TABLES `post_tags` WRITE;
/*!40000 ALTER TABLE `post_tags` DISABLE KEYS */;
INSERT INTO `post_tags` VALUES (1,1),(2,1),(3,1),(4,1),(5,1),(1,2),(2,2),(3,2),(4,2),(5,2),(1,3),(2,3),(3,3),(4,3),(5,3),(1,4),(2,4),(3,4),(4,4),(5,4),(1,5),(2,5),(3,5),(4,5),(5,5),(1,6),(2,6),(3,6),(4,6),(5,6),(1,7),(2,7),(3,7),(4,7),(5,7),(1,8),(2,8),(3,8),(4,8),(5,8),(1,9),(2,9),(3,9),(4,9),(5,9),(1,10),(2,10),(3,10),(4,10),(5,10),(1,11),(2,11),(3,11),(4,11),(5,11);
/*!40000 ALTER TABLE `post_tags` ENABLE KEYS */;
UNLOCK TABLES;

--
-- Table structure for table `posts`
--

DROP TABLE IF EXISTS `posts`;
/*!40101 SET @saved_cs_client     = @@character_set_client */;
/*!50503 SET character_set_client = utf8mb4 */;
CREATE TABLE `posts` (
  `id` bigint unsigned NOT NULL AUTO_INCREMENT,
  `name` varchar(255) CHARACTER SET utf8mb4 COLLATE utf8mb4_unicode_ci NOT NULL,
  `description` varchar(400) CHARACTER SET utf8mb4 COLLATE utf8mb4_unicode_ci DEFAULT NULL,
  `content` longtext CHARACTER SET utf8mb4 COLLATE utf8mb4_unicode_ci,
  `status` varchar(60) CHARACTER SET utf8mb4 COLLATE utf8mb4_unicode_ci NOT NULL DEFAULT 'published',
  `author_id` bigint unsigned NOT NULL,
  `author_type` varchar(255) CHARACTER SET utf8mb4 COLLATE utf8mb4_unicode_ci NOT NULL DEFAULT 'Botble\\ACL\\Models\\User',
  `is_featured` tinyint unsigned NOT NULL DEFAULT '0',
  `image` varchar(255) CHARACTER SET utf8mb4 COLLATE utf8mb4_unicode_ci DEFAULT NULL,
  `views` int unsigned NOT NULL DEFAULT '0',
  `format_type` varchar(30) CHARACTER SET utf8mb4 COLLATE utf8mb4_unicode_ci DEFAULT NULL,
  `created_at` timestamp NULL DEFAULT NULL,
  `updated_at` timestamp NULL DEFAULT NULL,
  PRIMARY KEY (`id`),
  KEY `status` (`status`),
  KEY `author_id` (`author_id`),
  KEY `author_type` (`author_type`),
  KEY `created_at` (`created_at`)
) ENGINE=InnoDB AUTO_INCREMENT=12 DEFAULT CHARSET=utf8mb4 COLLATE=utf8mb4_unicode_ci;
/*!40101 SET character_set_client = @saved_cs_client */;

--
-- Dumping data for table `posts`
--

LOCK TABLES `posts` WRITE;
/*!40000 ALTER TABLE `posts` DISABLE KEYS */;
INSERT INTO `posts` VALUES (1,'4 Expert Tips On How To Choose The Right Men’s Wallet','You should pay more attention when you choose your wallets. There are a lot of them on the market with the different designs and styles. When you choose carefully, you would be able to buy a wallet that is catered to your needs. Not to mention that it will help to enhance your style significantly.','<p>I have seen many people underestimating the power of their wallets. To them, they are just a functional item they use to carry. As a result, they often end up with the wallets which are not really suitable for them.</p>\n\n<p>You should pay more attention when you choose your wallets. There are a lot of them on the market with the different designs and styles. When you choose carefully, you would be able to buy a wallet that is catered to your needs. Not to mention that it will help to enhance your style significantly.</p>\n\n<p style=\"text-align:center;\"><img alt=\"f4\" src=\"/storage/news/1.png\"></p>\n\n<p><br>\n </p>\n\n\n\n<p><strong><em>For all of the reason above, here are 7 expert tips to help you pick up the right men’s wallet for you:</em></strong></p>\n\n<h4><strong>Number 1: Choose A Neat Wallet</strong></h4>\n\n<p>The wallet is an essential accessory that you should go simple. Simplicity is the best in this case. A simple and neat wallet with the plain color and even <strong>minimalist style</strong> is versatile. It can be used for both formal and casual events. In addition, that wallet will go well with most of the clothes in your wardrobe.</p>\n\n<p>Keep in mind that a wallet will tell other people about your personality and your fashion sense as much as other clothes you put on. Hence, don’t go cheesy on your wallet or else people will think that you have a funny and particular style.</p>\n\n<p style=\"text-align:center;\"><img alt=\"f5\" src=\"/storage/news/2.png\"></p>\n\n<p><br>\n </p>\n<hr>\n<h4><strong>Number 2: Choose The Right Size For Your Wallet</strong></h4>\n\n<p>You should avoid having an over-sized wallet. Don’t think that you need to buy a big wallet because you have a lot to carry with you. In addition, a fat wallet is very ugly. It will make it harder for you to slide the wallet into your trousers’ pocket. In addition, it will create a bulge and ruin your look.</p>\n\n<p>Before you go on to buy a new wallet, clean out your wallet and place all of the items from your wallet on a table. Throw away things that you would never need any more such as the old bills or the expired gift cards. Remember to check your wallet on a frequent basis to get rid of all of the old stuff that you don’t need anymore.</p>\n\n<p style=\"text-align:center;\"><img alt=\"f1\" src=\"/storage/news/3.png\"></p>\n\n<p><br>\n </p>\n\n<hr>\n<h4><strong>Number 3: Don’t Limit Your Options Of Materials</strong></h4>\n\n<p>The types and designs of wallets are not the only things that you should consider when you go out searching for your best wallet. You have more than 1 option of material rather than leather to choose from as well.</p>\n\n<p>You can experiment with other available options such as cotton, polyester and canvas. They all have their own pros and cons. As a result, they will be suitable for different needs and requirements. You should think about them all in order to choose the material which you would like the most.</p>\n\n<p style=\"text-align:center;\"><img alt=\"f6\" height=\"375\" src=\"/storage/news/4.png\"></p>\n\n<p><br>\n </p>\n\n<hr>\n<h4><strong>Number 4: Consider A Wallet As A Long Term Investment</strong></h4>\n\n<p>Your wallet is indeed an investment that you should consider spending a decent amount of time and effort on it. Another factor that you need to consider is how much you want to spend on your wallet. The price ranges of wallets on the market vary a great deal. You can find a wallet which is as cheap as about 5 to 7 dollars. On the other hand, you should expect to pay around 250 to 300 dollars for a high-quality wallet.</p>\n\n<p>In case you need a wallet to use for a long time, it is a good idea that you should invest a decent amount of money on a wallet. A high quality wallet from a reputational brand with the premium quality such as cowhide leather will last for a long time. In addition, it is an accessory to show off your fashion sense and your social status.</p>\n\n<p style=\"text-align:center;\"><img alt=\"f2\" height=\"400\" src=\"/storage/news/5.png\"></p>\n\n<p> </p>\n','published',1,'Botble\\ACL\\Models\\User',1,'news/1.png',487,NULL,'2023-03-05 23:43:00','2023-03-05 23:43:00'),(2,'Sexy Clutches: How to Buy &amp; Wear a Designer Clutch Bag','You should pay more attention when you choose your wallets. There are a lot of them on the market with the different designs and styles. When you choose carefully, you would be able to buy a wallet that is catered to your needs. Not to mention that it will help to enhance your style significantly.','<p>I have seen many people underestimating the power of their wallets. To them, they are just a functional item they use to carry. As a result, they often end up with the wallets which are not really suitable for them.</p>\n\n<p>You should pay more attention when you choose your wallets. There are a lot of them on the market with the different designs and styles. When you choose carefully, you would be able to buy a wallet that is catered to your needs. Not to mention that it will help to enhance your style significantly.</p>\n\n<p style=\"text-align:center;\"><img alt=\"f4\" src=\"/storage/news/1.png\"></p>\n\n<p><br>\n </p>\n\n\n\n<p><strong><em>For all of the reason above, here are 7 expert tips to help you pick up the right men’s wallet for you:</em></strong></p>\n\n<h4><strong>Number 1: Choose A Neat Wallet</strong></h4>\n\n<p>The wallet is an essential accessory that you should go simple. Simplicity is the best in this case. A simple and neat wallet with the plain color and even <strong>minimalist style</strong> is versatile. It can be used for both formal and casual events. In addition, that wallet will go well with most of the clothes in your wardrobe.</p>\n\n<p>Keep in mind that a wallet will tell other people about your personality and your fashion sense as much as other clothes you put on. Hence, don’t go cheesy on your wallet or else people will think that you have a funny and particular style.</p>\n\n<p style=\"text-align:center;\"><img alt=\"f5\" src=\"/storage/news/2.png\"></p>\n\n<p><br>\n </p>\n<hr>\n<h4><strong>Number 2: Choose The Right Size For Your Wallet</strong></h4>\n\n<p>You should avoid having an over-sized wallet. Don’t think that you need to buy a big wallet because you have a lot to carry with you. In addition, a fat wallet is very ugly. It will make it harder for you to slide the wallet into your trousers’ pocket. In addition, it will create a bulge and ruin your look.</p>\n\n<p>Before you go on to buy a new wallet, clean out your wallet and place all of the items from your wallet on a table. Throw away things that you would never need any more such as the old bills or the expired gift cards. Remember to check your wallet on a frequent basis to get rid of all of the old stuff that you don’t need anymore.</p>\n\n<p style=\"text-align:center;\"><img alt=\"f1\" src=\"/storage/news/3.png\"></p>\n\n<p><br>\n </p>\n\n<hr>\n<h4><strong>Number 3: Don’t Limit Your Options Of Materials</strong></h4>\n\n<p>The types and designs of wallets are not the only things that you should consider when you go out searching for your best wallet. You have more than 1 option of material rather than leather to choose from as well.</p>\n\n<p>You can experiment with other available options such as cotton, polyester and canvas. They all have their own pros and cons. As a result, they will be suitable for different needs and requirements. You should think about them all in order to choose the material which you would like the most.</p>\n\n<p style=\"text-align:center;\"><img alt=\"f6\" height=\"375\" src=\"/storage/news/4.png\"></p>\n\n<p><br>\n </p>\n\n<hr>\n<h4><strong>Number 4: Consider A Wallet As A Long Term Investment</strong></h4>\n\n<p>Your wallet is indeed an investment that you should consider spending a decent amount of time and effort on it. Another factor that you need to consider is how much you want to spend on your wallet. The price ranges of wallets on the market vary a great deal. You can find a wallet which is as cheap as about 5 to 7 dollars. On the other hand, you should expect to pay around 250 to 300 dollars for a high-quality wallet.</p>\n\n<p>In case you need a wallet to use for a long time, it is a good idea that you should invest a decent amount of money on a wallet. A high quality wallet from a reputational brand with the premium quality such as cowhide leather will last for a long time. In addition, it is an accessory to show off your fashion sense and your social status.</p>\n\n<p style=\"text-align:center;\"><img alt=\"f2\" height=\"400\" src=\"/storage/news/5.png\"></p>\n\n<p> </p>\n','published',1,'Botble\\ACL\\Models\\User',1,'news/2.png',175,NULL,'2023-03-05 23:43:00','2023-03-05 23:43:00'),(3,'The Top 2020 Handbag Trends to Know','You should pay more attention when you choose your wallets. There are a lot of them on the market with the different designs and styles. When you choose carefully, you would be able to buy a wallet that is catered to your needs. Not to mention that it will help to enhance your style significantly.','<p>I have seen many people underestimating the power of their wallets. To them, they are just a functional item they use to carry. As a result, they often end up with the wallets which are not really suitable for them.</p>\n\n<p>You should pay more attention when you choose your wallets. There are a lot of them on the market with the different designs and styles. When you choose carefully, you would be able to buy a wallet that is catered to your needs. Not to mention that it will help to enhance your style significantly.</p>\n\n<p style=\"text-align:center;\"><img alt=\"f4\" src=\"/storage/news/1.png\"></p>\n\n<p><br>\n </p>\n\n\n\n<p><strong><em>For all of the reason above, here are 7 expert tips to help you pick up the right men’s wallet for you:</em></strong></p>\n\n<h4><strong>Number 1: Choose A Neat Wallet</strong></h4>\n\n<p>The wallet is an essential accessory that you should go simple. Simplicity is the best in this case. A simple and neat wallet with the plain color and even <strong>minimalist style</strong> is versatile. It can be used for both formal and casual events. In addition, that wallet will go well with most of the clothes in your wardrobe.</p>\n\n<p>Keep in mind that a wallet will tell other people about your personality and your fashion sense as much as other clothes you put on. Hence, don’t go cheesy on your wallet or else people will think that you have a funny and particular style.</p>\n\n<p style=\"text-align:center;\"><img alt=\"f5\" src=\"/storage/news/2.png\"></p>\n\n<p><br>\n </p>\n<hr>\n<h4><strong>Number 2: Choose The Right Size For Your Wallet</strong></h4>\n\n<p>You should avoid having an over-sized wallet. Don’t think that you need to buy a big wallet because you have a lot to carry with you. In addition, a fat wallet is very ugly. It will make it harder for you to slide the wallet into your trousers’ pocket. In addition, it will create a bulge and ruin your look.</p>\n\n<p>Before you go on to buy a new wallet, clean out your wallet and place all of the items from your wallet on a table. Throw away things that you would never need any more such as the old bills or the expired gift cards. Remember to check your wallet on a frequent basis to get rid of all of the old stuff that you don’t need anymore.</p>\n\n<p style=\"text-align:center;\"><img alt=\"f1\" src=\"/storage/news/3.png\"></p>\n\n<p><br>\n </p>\n\n<hr>\n<h4><strong>Number 3: Don’t Limit Your Options Of Materials</strong></h4>\n\n<p>The types and designs of wallets are not the only things that you should consider when you go out searching for your best wallet. You have more than 1 option of material rather than leather to choose from as well.</p>\n\n<p>You can experiment with other available options such as cotton, polyester and canvas. They all have their own pros and cons. As a result, they will be suitable for different needs and requirements. You should think about them all in order to choose the material which you would like the most.</p>\n\n<p style=\"text-align:center;\"><img alt=\"f6\" height=\"375\" src=\"/storage/news/4.png\"></p>\n\n<p><br>\n </p>\n\n<hr>\n<h4><strong>Number 4: Consider A Wallet As A Long Term Investment</strong></h4>\n\n<p>Your wallet is indeed an investment that you should consider spending a decent amount of time and effort on it. Another factor that you need to consider is how much you want to spend on your wallet. The price ranges of wallets on the market vary a great deal. You can find a wallet which is as cheap as about 5 to 7 dollars. On the other hand, you should expect to pay around 250 to 300 dollars for a high-quality wallet.</p>\n\n<p>In case you need a wallet to use for a long time, it is a good idea that you should invest a decent amount of money on a wallet. A high quality wallet from a reputational brand with the premium quality such as cowhide leather will last for a long time. In addition, it is an accessory to show off your fashion sense and your social status.</p>\n\n<p style=\"text-align:center;\"><img alt=\"f2\" height=\"400\" src=\"/storage/news/5.png\"></p>\n\n<p> </p>\n','published',1,'Botble\\ACL\\Models\\User',1,'news/3.png',388,NULL,'2023-03-05 23:43:00','2023-03-05 23:43:00'),(4,'How to Match the Color of Your Handbag With an Outfit','You should pay more attention when you choose your wallets. There are a lot of them on the market with the different designs and styles. When you choose carefully, you would be able to buy a wallet that is catered to your needs. Not to mention that it will help to enhance your style significantly.','<p>I have seen many people underestimating the power of their wallets. To them, they are just a functional item they use to carry. As a result, they often end up with the wallets which are not really suitable for them.</p>\n\n<p>You should pay more attention when you choose your wallets. There are a lot of them on the market with the different designs and styles. When you choose carefully, you would be able to buy a wallet that is catered to your needs. Not to mention that it will help to enhance your style significantly.</p>\n\n<p style=\"text-align:center;\"><img alt=\"f4\" src=\"/storage/news/1.png\"></p>\n\n<p><br>\n </p>\n\n[featured-products title=\"Shop The Look\" limit=\"6\"][/featured-products]\n\n<p><strong><em>For all of the reason above, here are 7 expert tips to help you pick up the right men’s wallet for you:</em></strong></p>\n\n<h4><strong>Number 1: Choose A Neat Wallet</strong></h4>\n\n<p>The wallet is an essential accessory that you should go simple. Simplicity is the best in this case. A simple and neat wallet with the plain color and even <strong>minimalist style</strong> is versatile. It can be used for both formal and casual events. In addition, that wallet will go well with most of the clothes in your wardrobe.</p>\n\n<p>Keep in mind that a wallet will tell other people about your personality and your fashion sense as much as other clothes you put on. Hence, don’t go cheesy on your wallet or else people will think that you have a funny and particular style.</p>\n\n<p style=\"text-align:center;\"><img alt=\"f5\" src=\"/storage/news/2.png\"></p>\n\n<p><br>\n </p>\n<hr>\n<h4><strong>Number 2: Choose The Right Size For Your Wallet</strong></h4>\n\n<p>You should avoid having an over-sized wallet. Don’t think that you need to buy a big wallet because you have a lot to carry with you. In addition, a fat wallet is very ugly. It will make it harder for you to slide the wallet into your trousers’ pocket. In addition, it will create a bulge and ruin your look.</p>\n\n<p>Before you go on to buy a new wallet, clean out your wallet and place all of the items from your wallet on a table. Throw away things that you would never need any more such as the old bills or the expired gift cards. Remember to check your wallet on a frequent basis to get rid of all of the old stuff that you don’t need anymore.</p>\n\n<p style=\"text-align:center;\"><img alt=\"f1\" src=\"/storage/news/3.png\"></p>\n\n<p><br>\n </p>\n\n<hr>\n<h4><strong>Number 3: Don’t Limit Your Options Of Materials</strong></h4>\n\n<p>The types and designs of wallets are not the only things that you should consider when you go out searching for your best wallet. You have more than 1 option of material rather than leather to choose from as well.</p>\n\n<p>You can experiment with other available options such as cotton, polyester and canvas. They all have their own pros and cons. As a result, they will be suitable for different needs and requirements. You should think about them all in order to choose the material which you would like the most.</p>\n\n<p style=\"text-align:center;\"><img alt=\"f6\" height=\"375\" src=\"/storage/news/4.png\"></p>\n\n<p><br>\n </p>\n\n<hr>\n<h4><strong>Number 4: Consider A Wallet As A Long Term Investment</strong></h4>\n\n<p>Your wallet is indeed an investment that you should consider spending a decent amount of time and effort on it. Another factor that you need to consider is how much you want to spend on your wallet. The price ranges of wallets on the market vary a great deal. You can find a wallet which is as cheap as about 5 to 7 dollars. On the other hand, you should expect to pay around 250 to 300 dollars for a high-quality wallet.</p>\n\n<p>In case you need a wallet to use for a long time, it is a good idea that you should invest a decent amount of money on a wallet. A high quality wallet from a reputational brand with the premium quality such as cowhide leather will last for a long time. In addition, it is an accessory to show off your fashion sense and your social status.</p>\n\n<p style=\"text-align:center;\"><img alt=\"f2\" height=\"400\" src=\"/storage/news/5.png\"></p>\n\n<p> </p>\n','published',1,'Botble\\ACL\\Models\\User',1,'news/4.png',124,NULL,'2023-03-05 23:43:00','2023-03-05 23:43:00'),(5,'How to Care for Leather Bags','You should pay more attention when you choose your wallets. There are a lot of them on the market with the different designs and styles. When you choose carefully, you would be able to buy a wallet that is catered to your needs. Not to mention that it will help to enhance your style significantly.','<p>I have seen many people underestimating the power of their wallets. To them, they are just a functional item they use to carry. As a result, they often end up with the wallets which are not really suitable for them.</p>\n\n<p>You should pay more attention when you choose your wallets. There are a lot of them on the market with the different designs and styles. When you choose carefully, you would be able to buy a wallet that is catered to your needs. Not to mention that it will help to enhance your style significantly.</p>\n\n<p style=\"text-align:center;\"><img alt=\"f4\" src=\"/storage/news/1.png\"></p>\n\n<p><br>\n </p>\n\n\n\n<p><strong><em>For all of the reason above, here are 7 expert tips to help you pick up the right men’s wallet for you:</em></strong></p>\n\n<h4><strong>Number 1: Choose A Neat Wallet</strong></h4>\n\n<p>The wallet is an essential accessory that you should go simple. Simplicity is the best in this case. A simple and neat wallet with the plain color and even <strong>minimalist style</strong> is versatile. It can be used for both formal and casual events. In addition, that wallet will go well with most of the clothes in your wardrobe.</p>\n\n<p>Keep in mind that a wallet will tell other people about your personality and your fashion sense as much as other clothes you put on. Hence, don’t go cheesy on your wallet or else people will think that you have a funny and particular style.</p>\n\n<p style=\"text-align:center;\"><img alt=\"f5\" src=\"/storage/news/2.png\"></p>\n\n<p><br>\n </p>\n<hr>\n<h4><strong>Number 2: Choose The Right Size For Your Wallet</strong></h4>\n\n<p>You should avoid having an over-sized wallet. Don’t think that you need to buy a big wallet because you have a lot to carry with you. In addition, a fat wallet is very ugly. It will make it harder for you to slide the wallet into your trousers’ pocket. In addition, it will create a bulge and ruin your look.</p>\n\n<p>Before you go on to buy a new wallet, clean out your wallet and place all of the items from your wallet on a table. Throw away things that you would never need any more such as the old bills or the expired gift cards. Remember to check your wallet on a frequent basis to get rid of all of the old stuff that you don’t need anymore.</p>\n\n<p style=\"text-align:center;\"><img alt=\"f1\" src=\"/storage/news/3.png\"></p>\n\n<p><br>\n </p>\n\n<hr>\n<h4><strong>Number 3: Don’t Limit Your Options Of Materials</strong></h4>\n\n<p>The types and designs of wallets are not the only things that you should consider when you go out searching for your best wallet. You have more than 1 option of material rather than leather to choose from as well.</p>\n\n<p>You can experiment with other available options such as cotton, polyester and canvas. They all have their own pros and cons. As a result, they will be suitable for different needs and requirements. You should think about them all in order to choose the material which you would like the most.</p>\n\n<p style=\"text-align:center;\"><img alt=\"f6\" height=\"375\" src=\"/storage/news/4.png\"></p>\n\n<p><br>\n </p>\n\n<hr>\n<h4><strong>Number 4: Consider A Wallet As A Long Term Investment</strong></h4>\n\n<p>Your wallet is indeed an investment that you should consider spending a decent amount of time and effort on it. Another factor that you need to consider is how much you want to spend on your wallet. The price ranges of wallets on the market vary a great deal. You can find a wallet which is as cheap as about 5 to 7 dollars. On the other hand, you should expect to pay around 250 to 300 dollars for a high-quality wallet.</p>\n\n<p>In case you need a wallet to use for a long time, it is a good idea that you should invest a decent amount of money on a wallet. A high quality wallet from a reputational brand with the premium quality such as cowhide leather will last for a long time. In addition, it is an accessory to show off your fashion sense and your social status.</p>\n\n<p style=\"text-align:center;\"><img alt=\"f2\" height=\"400\" src=\"/storage/news/5.png\"></p>\n\n<p> </p>\n','published',1,'Botble\\ACL\\Models\\User',1,'news/5.png',645,NULL,'2023-03-05 23:43:00','2023-03-05 23:43:00'),(6,'We\'re Crushing Hard on Summer\'s 10 Biggest Bag Trends','You should pay more attention when you choose your wallets. There are a lot of them on the market with the different designs and styles. When you choose carefully, you would be able to buy a wallet that is catered to your needs. Not to mention that it will help to enhance your style significantly.','<p>I have seen many people underestimating the power of their wallets. To them, they are just a functional item they use to carry. As a result, they often end up with the wallets which are not really suitable for them.</p>\n\n<p>You should pay more attention when you choose your wallets. There are a lot of them on the market with the different designs and styles. When you choose carefully, you would be able to buy a wallet that is catered to your needs. Not to mention that it will help to enhance your style significantly.</p>\n\n<p style=\"text-align:center;\"><img alt=\"f4\" src=\"/storage/news/1.png\"></p>\n\n<p><br>\n </p>\n\n\n\n<p><strong><em>For all of the reason above, here are 7 expert tips to help you pick up the right men’s wallet for you:</em></strong></p>\n\n<h4><strong>Number 1: Choose A Neat Wallet</strong></h4>\n\n<p>The wallet is an essential accessory that you should go simple. Simplicity is the best in this case. A simple and neat wallet with the plain color and even <strong>minimalist style</strong> is versatile. It can be used for both formal and casual events. In addition, that wallet will go well with most of the clothes in your wardrobe.</p>\n\n<p>Keep in mind that a wallet will tell other people about your personality and your fashion sense as much as other clothes you put on. Hence, don’t go cheesy on your wallet or else people will think that you have a funny and particular style.</p>\n\n<p style=\"text-align:center;\"><img alt=\"f5\" src=\"/storage/news/2.png\"></p>\n\n<p><br>\n </p>\n<hr>\n<h4><strong>Number 2: Choose The Right Size For Your Wallet</strong></h4>\n\n<p>You should avoid having an over-sized wallet. Don’t think that you need to buy a big wallet because you have a lot to carry with you. In addition, a fat wallet is very ugly. It will make it harder for you to slide the wallet into your trousers’ pocket. In addition, it will create a bulge and ruin your look.</p>\n\n<p>Before you go on to buy a new wallet, clean out your wallet and place all of the items from your wallet on a table. Throw away things that you would never need any more such as the old bills or the expired gift cards. Remember to check your wallet on a frequent basis to get rid of all of the old stuff that you don’t need anymore.</p>\n\n<p style=\"text-align:center;\"><img alt=\"f1\" src=\"/storage/news/3.png\"></p>\n\n<p><br>\n </p>\n\n<hr>\n<h4><strong>Number 3: Don’t Limit Your Options Of Materials</strong></h4>\n\n<p>The types and designs of wallets are not the only things that you should consider when you go out searching for your best wallet. You have more than 1 option of material rather than leather to choose from as well.</p>\n\n<p>You can experiment with other available options such as cotton, polyester and canvas. They all have their own pros and cons. As a result, they will be suitable for different needs and requirements. You should think about them all in order to choose the material which you would like the most.</p>\n\n<p style=\"text-align:center;\"><img alt=\"f6\" height=\"375\" src=\"/storage/news/4.png\"></p>\n\n<p><br>\n </p>\n\n<hr>\n<h4><strong>Number 4: Consider A Wallet As A Long Term Investment</strong></h4>\n\n<p>Your wallet is indeed an investment that you should consider spending a decent amount of time and effort on it. Another factor that you need to consider is how much you want to spend on your wallet. The price ranges of wallets on the market vary a great deal. You can find a wallet which is as cheap as about 5 to 7 dollars. On the other hand, you should expect to pay around 250 to 300 dollars for a high-quality wallet.</p>\n\n<p>In case you need a wallet to use for a long time, it is a good idea that you should invest a decent amount of money on a wallet. A high quality wallet from a reputational brand with the premium quality such as cowhide leather will last for a long time. In addition, it is an accessory to show off your fashion sense and your social status.</p>\n\n<p style=\"text-align:center;\"><img alt=\"f2\" height=\"400\" src=\"/storage/news/5.png\"></p>\n\n<p> </p>\n','published',1,'Botble\\ACL\\Models\\User',1,'news/6.png',579,NULL,'2023-03-05 23:43:00','2023-03-05 23:43:00'),(7,'Essential Qualities of Highly Successful Music','You should pay more attention when you choose your wallets. There are a lot of them on the market with the different designs and styles. When you choose carefully, you would be able to buy a wallet that is catered to your needs. Not to mention that it will help to enhance your style significantly.','<p>I have seen many people underestimating the power of their wallets. To them, they are just a functional item they use to carry. As a result, they often end up with the wallets which are not really suitable for them.</p>\n\n<p>You should pay more attention when you choose your wallets. There are a lot of them on the market with the different designs and styles. When you choose carefully, you would be able to buy a wallet that is catered to your needs. Not to mention that it will help to enhance your style significantly.</p>\n\n<p style=\"text-align:center;\"><img alt=\"f4\" src=\"/storage/news/1.png\"></p>\n\n<p><br>\n </p>\n\n\n\n<p><strong><em>For all of the reason above, here are 7 expert tips to help you pick up the right men’s wallet for you:</em></strong></p>\n\n<h4><strong>Number 1: Choose A Neat Wallet</strong></h4>\n\n<p>The wallet is an essential accessory that you should go simple. Simplicity is the best in this case. A simple and neat wallet with the plain color and even <strong>minimalist style</strong> is versatile. It can be used for both formal and casual events. In addition, that wallet will go well with most of the clothes in your wardrobe.</p>\n\n<p>Keep in mind that a wallet will tell other people about your personality and your fashion sense as much as other clothes you put on. Hence, don’t go cheesy on your wallet or else people will think that you have a funny and particular style.</p>\n\n<p style=\"text-align:center;\"><img alt=\"f5\" src=\"/storage/news/2.png\"></p>\n\n<p><br>\n </p>\n<hr>\n<h4><strong>Number 2: Choose The Right Size For Your Wallet</strong></h4>\n\n<p>You should avoid having an over-sized wallet. Don’t think that you need to buy a big wallet because you have a lot to carry with you. In addition, a fat wallet is very ugly. It will make it harder for you to slide the wallet into your trousers’ pocket. In addition, it will create a bulge and ruin your look.</p>\n\n<p>Before you go on to buy a new wallet, clean out your wallet and place all of the items from your wallet on a table. Throw away things that you would never need any more such as the old bills or the expired gift cards. Remember to check your wallet on a frequent basis to get rid of all of the old stuff that you don’t need anymore.</p>\n\n<p style=\"text-align:center;\"><img alt=\"f1\" src=\"/storage/news/3.png\"></p>\n\n<p><br>\n </p>\n\n<hr>\n<h4><strong>Number 3: Don’t Limit Your Options Of Materials</strong></h4>\n\n<p>The types and designs of wallets are not the only things that you should consider when you go out searching for your best wallet. You have more than 1 option of material rather than leather to choose from as well.</p>\n\n<p>You can experiment with other available options such as cotton, polyester and canvas. They all have their own pros and cons. As a result, they will be suitable for different needs and requirements. You should think about them all in order to choose the material which you would like the most.</p>\n\n<p style=\"text-align:center;\"><img alt=\"f6\" height=\"375\" src=\"/storage/news/4.png\"></p>\n\n<p><br>\n </p>\n\n<hr>\n<h4><strong>Number 4: Consider A Wallet As A Long Term Investment</strong></h4>\n\n<p>Your wallet is indeed an investment that you should consider spending a decent amount of time and effort on it. Another factor that you need to consider is how much you want to spend on your wallet. The price ranges of wallets on the market vary a great deal. You can find a wallet which is as cheap as about 5 to 7 dollars. On the other hand, you should expect to pay around 250 to 300 dollars for a high-quality wallet.</p>\n\n<p>In case you need a wallet to use for a long time, it is a good idea that you should invest a decent amount of money on a wallet. A high quality wallet from a reputational brand with the premium quality such as cowhide leather will last for a long time. In addition, it is an accessory to show off your fashion sense and your social status.</p>\n\n<p style=\"text-align:center;\"><img alt=\"f2\" height=\"400\" src=\"/storage/news/5.png\"></p>\n\n<p> </p>\n','published',1,'Botble\\ACL\\Models\\User',1,'news/7.png',618,NULL,'2023-03-05 23:43:00','2023-03-05 23:43:00'),(8,'9 Things I Love About Shaving My Head','You should pay more attention when you choose your wallets. There are a lot of them on the market with the different designs and styles. When you choose carefully, you would be able to buy a wallet that is catered to your needs. Not to mention that it will help to enhance your style significantly.','<p>I have seen many people underestimating the power of their wallets. To them, they are just a functional item they use to carry. As a result, they often end up with the wallets which are not really suitable for them.</p>\n\n<p>You should pay more attention when you choose your wallets. There are a lot of them on the market with the different designs and styles. When you choose carefully, you would be able to buy a wallet that is catered to your needs. Not to mention that it will help to enhance your style significantly.</p>\n\n<p style=\"text-align:center;\"><img alt=\"f4\" src=\"/storage/news/1.png\"></p>\n\n<p><br>\n </p>\n\n\n\n<p><strong><em>For all of the reason above, here are 7 expert tips to help you pick up the right men’s wallet for you:</em></strong></p>\n\n<h4><strong>Number 1: Choose A Neat Wallet</strong></h4>\n\n<p>The wallet is an essential accessory that you should go simple. Simplicity is the best in this case. A simple and neat wallet with the plain color and even <strong>minimalist style</strong> is versatile. It can be used for both formal and casual events. In addition, that wallet will go well with most of the clothes in your wardrobe.</p>\n\n<p>Keep in mind that a wallet will tell other people about your personality and your fashion sense as much as other clothes you put on. Hence, don’t go cheesy on your wallet or else people will think that you have a funny and particular style.</p>\n\n<p style=\"text-align:center;\"><img alt=\"f5\" src=\"/storage/news/2.png\"></p>\n\n<p><br>\n </p>\n<hr>\n<h4><strong>Number 2: Choose The Right Size For Your Wallet</strong></h4>\n\n<p>You should avoid having an over-sized wallet. Don’t think that you need to buy a big wallet because you have a lot to carry with you. In addition, a fat wallet is very ugly. It will make it harder for you to slide the wallet into your trousers’ pocket. In addition, it will create a bulge and ruin your look.</p>\n\n<p>Before you go on to buy a new wallet, clean out your wallet and place all of the items from your wallet on a table. Throw away things that you would never need any more such as the old bills or the expired gift cards. Remember to check your wallet on a frequent basis to get rid of all of the old stuff that you don’t need anymore.</p>\n\n<p style=\"text-align:center;\"><img alt=\"f1\" src=\"/storage/news/3.png\"></p>\n\n<p><br>\n </p>\n\n<hr>\n<h4><strong>Number 3: Don’t Limit Your Options Of Materials</strong></h4>\n\n<p>The types and designs of wallets are not the only things that you should consider when you go out searching for your best wallet. You have more than 1 option of material rather than leather to choose from as well.</p>\n\n<p>You can experiment with other available options such as cotton, polyester and canvas. They all have their own pros and cons. As a result, they will be suitable for different needs and requirements. You should think about them all in order to choose the material which you would like the most.</p>\n\n<p style=\"text-align:center;\"><img alt=\"f6\" height=\"375\" src=\"/storage/news/4.png\"></p>\n\n<p><br>\n </p>\n\n<hr>\n<h4><strong>Number 4: Consider A Wallet As A Long Term Investment</strong></h4>\n\n<p>Your wallet is indeed an investment that you should consider spending a decent amount of time and effort on it. Another factor that you need to consider is how much you want to spend on your wallet. The price ranges of wallets on the market vary a great deal. You can find a wallet which is as cheap as about 5 to 7 dollars. On the other hand, you should expect to pay around 250 to 300 dollars for a high-quality wallet.</p>\n\n<p>In case you need a wallet to use for a long time, it is a good idea that you should invest a decent amount of money on a wallet. A high quality wallet from a reputational brand with the premium quality such as cowhide leather will last for a long time. In addition, it is an accessory to show off your fashion sense and your social status.</p>\n\n<p style=\"text-align:center;\"><img alt=\"f2\" height=\"400\" src=\"/storage/news/5.png\"></p>\n\n<p> </p>\n','published',1,'Botble\\ACL\\Models\\User',1,'news/8.png',2024,NULL,'2023-03-05 23:43:00','2023-03-05 23:43:00'),(9,'Why Teamwork Really Makes The Dream Work','You should pay more attention when you choose your wallets. There are a lot of them on the market with the different designs and styles. When you choose carefully, you would be able to buy a wallet that is catered to your needs. Not to mention that it will help to enhance your style significantly.','<p>I have seen many people underestimating the power of their wallets. To them, they are just a functional item they use to carry. As a result, they often end up with the wallets which are not really suitable for them.</p>\n\n<p>You should pay more attention when you choose your wallets. There are a lot of them on the market with the different designs and styles. When you choose carefully, you would be able to buy a wallet that is catered to your needs. Not to mention that it will help to enhance your style significantly.</p>\n\n<p style=\"text-align:center;\"><img alt=\"f4\" src=\"/storage/news/1.png\"></p>\n\n<p><br>\n </p>\n\n\n\n<p><strong><em>For all of the reason above, here are 7 expert tips to help you pick up the right men’s wallet for you:</em></strong></p>\n\n<h4><strong>Number 1: Choose A Neat Wallet</strong></h4>\n\n<p>The wallet is an essential accessory that you should go simple. Simplicity is the best in this case. A simple and neat wallet with the plain color and even <strong>minimalist style</strong> is versatile. It can be used for both formal and casual events. In addition, that wallet will go well with most of the clothes in your wardrobe.</p>\n\n<p>Keep in mind that a wallet will tell other people about your personality and your fashion sense as much as other clothes you put on. Hence, don’t go cheesy on your wallet or else people will think that you have a funny and particular style.</p>\n\n<p style=\"text-align:center;\"><img alt=\"f5\" src=\"/storage/news/2.png\"></p>\n\n<p><br>\n </p>\n<hr>\n<h4><strong>Number 2: Choose The Right Size For Your Wallet</strong></h4>\n\n<p>You should avoid having an over-sized wallet. Don’t think that you need to buy a big wallet because you have a lot to carry with you. In addition, a fat wallet is very ugly. It will make it harder for you to slide the wallet into your trousers’ pocket. In addition, it will create a bulge and ruin your look.</p>\n\n<p>Before you go on to buy a new wallet, clean out your wallet and place all of the items from your wallet on a table. Throw away things that you would never need any more such as the old bills or the expired gift cards. Remember to check your wallet on a frequent basis to get rid of all of the old stuff that you don’t need anymore.</p>\n\n<p style=\"text-align:center;\"><img alt=\"f1\" src=\"/storage/news/3.png\"></p>\n\n<p><br>\n </p>\n\n<hr>\n<h4><strong>Number 3: Don’t Limit Your Options Of Materials</strong></h4>\n\n<p>The types and designs of wallets are not the only things that you should consider when you go out searching for your best wallet. You have more than 1 option of material rather than leather to choose from as well.</p>\n\n<p>You can experiment with other available options such as cotton, polyester and canvas. They all have their own pros and cons. As a result, they will be suitable for different needs and requirements. You should think about them all in order to choose the material which you would like the most.</p>\n\n<p style=\"text-align:center;\"><img alt=\"f6\" height=\"375\" src=\"/storage/news/4.png\"></p>\n\n<p><br>\n </p>\n\n<hr>\n<h4><strong>Number 4: Consider A Wallet As A Long Term Investment</strong></h4>\n\n<p>Your wallet is indeed an investment that you should consider spending a decent amount of time and effort on it. Another factor that you need to consider is how much you want to spend on your wallet. The price ranges of wallets on the market vary a great deal. You can find a wallet which is as cheap as about 5 to 7 dollars. On the other hand, you should expect to pay around 250 to 300 dollars for a high-quality wallet.</p>\n\n<p>In case you need a wallet to use for a long time, it is a good idea that you should invest a decent amount of money on a wallet. A high quality wallet from a reputational brand with the premium quality such as cowhide leather will last for a long time. In addition, it is an accessory to show off your fashion sense and your social status.</p>\n\n<p style=\"text-align:center;\"><img alt=\"f2\" height=\"400\" src=\"/storage/news/5.png\"></p>\n\n<p> </p>\n','published',1,'Botble\\ACL\\Models\\User',1,'news/9.png',732,NULL,'2023-03-05 23:43:00','2023-03-05 23:43:00'),(10,'The World Caters to Average People','You should pay more attention when you choose your wallets. There are a lot of them on the market with the different designs and styles. When you choose carefully, you would be able to buy a wallet that is catered to your needs. Not to mention that it will help to enhance your style significantly.','<p>I have seen many people underestimating the power of their wallets. To them, they are just a functional item they use to carry. As a result, they often end up with the wallets which are not really suitable for them.</p>\n\n<p>You should pay more attention when you choose your wallets. There are a lot of them on the market with the different designs and styles. When you choose carefully, you would be able to buy a wallet that is catered to your needs. Not to mention that it will help to enhance your style significantly.</p>\n\n<p style=\"text-align:center;\"><img alt=\"f4\" src=\"/storage/news/1.png\"></p>\n\n<p><br>\n </p>\n\n\n\n<p><strong><em>For all of the reason above, here are 7 expert tips to help you pick up the right men’s wallet for you:</em></strong></p>\n\n<h4><strong>Number 1: Choose A Neat Wallet</strong></h4>\n\n<p>The wallet is an essential accessory that you should go simple. Simplicity is the best in this case. A simple and neat wallet with the plain color and even <strong>minimalist style</strong> is versatile. It can be used for both formal and casual events. In addition, that wallet will go well with most of the clothes in your wardrobe.</p>\n\n<p>Keep in mind that a wallet will tell other people about your personality and your fashion sense as much as other clothes you put on. Hence, don’t go cheesy on your wallet or else people will think that you have a funny and particular style.</p>\n\n<p style=\"text-align:center;\"><img alt=\"f5\" src=\"/storage/news/2.png\"></p>\n\n<p><br>\n </p>\n<hr>\n<h4><strong>Number 2: Choose The Right Size For Your Wallet</strong></h4>\n\n<p>You should avoid having an over-sized wallet. Don’t think that you need to buy a big wallet because you have a lot to carry with you. In addition, a fat wallet is very ugly. It will make it harder for you to slide the wallet into your trousers’ pocket. In addition, it will create a bulge and ruin your look.</p>\n\n<p>Before you go on to buy a new wallet, clean out your wallet and place all of the items from your wallet on a table. Throw away things that you would never need any more such as the old bills or the expired gift cards. Remember to check your wallet on a frequent basis to get rid of all of the old stuff that you don’t need anymore.</p>\n\n<p style=\"text-align:center;\"><img alt=\"f1\" src=\"/storage/news/3.png\"></p>\n\n<p><br>\n </p>\n\n<hr>\n<h4><strong>Number 3: Don’t Limit Your Options Of Materials</strong></h4>\n\n<p>The types and designs of wallets are not the only things that you should consider when you go out searching for your best wallet. You have more than 1 option of material rather than leather to choose from as well.</p>\n\n<p>You can experiment with other available options such as cotton, polyester and canvas. They all have their own pros and cons. As a result, they will be suitable for different needs and requirements. You should think about them all in order to choose the material which you would like the most.</p>\n\n<p style=\"text-align:center;\"><img alt=\"f6\" height=\"375\" src=\"/storage/news/4.png\"></p>\n\n<p><br>\n </p>\n\n<hr>\n<h4><strong>Number 4: Consider A Wallet As A Long Term Investment</strong></h4>\n\n<p>Your wallet is indeed an investment that you should consider spending a decent amount of time and effort on it. Another factor that you need to consider is how much you want to spend on your wallet. The price ranges of wallets on the market vary a great deal. You can find a wallet which is as cheap as about 5 to 7 dollars. On the other hand, you should expect to pay around 250 to 300 dollars for a high-quality wallet.</p>\n\n<p>In case you need a wallet to use for a long time, it is a good idea that you should invest a decent amount of money on a wallet. A high quality wallet from a reputational brand with the premium quality such as cowhide leather will last for a long time. In addition, it is an accessory to show off your fashion sense and your social status.</p>\n\n<p style=\"text-align:center;\"><img alt=\"f2\" height=\"400\" src=\"/storage/news/5.png\"></p>\n\n<p> </p>\n','published',1,'Botble\\ACL\\Models\\User',1,'news/10.png',1096,NULL,'2023-03-05 23:43:00','2023-03-05 23:43:00'),(11,'The litigants on the screen are not actors','You should pay more attention when you choose your wallets. There are a lot of them on the market with the different designs and styles. When you choose carefully, you would be able to buy a wallet that is catered to your needs. Not to mention that it will help to enhance your style significantly.','<p>I have seen many people underestimating the power of their wallets. To them, they are just a functional item they use to carry. As a result, they often end up with the wallets which are not really suitable for them.</p>\n\n<p>You should pay more attention when you choose your wallets. There are a lot of them on the market with the different designs and styles. When you choose carefully, you would be able to buy a wallet that is catered to your needs. Not to mention that it will help to enhance your style significantly.</p>\n\n<p style=\"text-align:center;\"><img alt=\"f4\" src=\"/storage/news/1.png\"></p>\n\n<p><br>\n </p>\n\n\n\n<p><strong><em>For all of the reason above, here are 7 expert tips to help you pick up the right men’s wallet for you:</em></strong></p>\n\n<h4><strong>Number 1: Choose A Neat Wallet</strong></h4>\n\n<p>The wallet is an essential accessory that you should go simple. Simplicity is the best in this case. A simple and neat wallet with the plain color and even <strong>minimalist style</strong> is versatile. It can be used for both formal and casual events. In addition, that wallet will go well with most of the clothes in your wardrobe.</p>\n\n<p>Keep in mind that a wallet will tell other people about your personality and your fashion sense as much as other clothes you put on. Hence, don’t go cheesy on your wallet or else people will think that you have a funny and particular style.</p>\n\n<p style=\"text-align:center;\"><img alt=\"f5\" src=\"/storage/news/2.png\"></p>\n\n<p><br>\n </p>\n<hr>\n<h4><strong>Number 2: Choose The Right Size For Your Wallet</strong></h4>\n\n<p>You should avoid having an over-sized wallet. Don’t think that you need to buy a big wallet because you have a lot to carry with you. In addition, a fat wallet is very ugly. It will make it harder for you to slide the wallet into your trousers’ pocket. In addition, it will create a bulge and ruin your look.</p>\n\n<p>Before you go on to buy a new wallet, clean out your wallet and place all of the items from your wallet on a table. Throw away things that you would never need any more such as the old bills or the expired gift cards. Remember to check your wallet on a frequent basis to get rid of all of the old stuff that you don’t need anymore.</p>\n\n<p style=\"text-align:center;\"><img alt=\"f1\" src=\"/storage/news/3.png\"></p>\n\n<p><br>\n </p>\n\n<hr>\n<h4><strong>Number 3: Don’t Limit Your Options Of Materials</strong></h4>\n\n<p>The types and designs of wallets are not the only things that you should consider when you go out searching for your best wallet. You have more than 1 option of material rather than leather to choose from as well.</p>\n\n<p>You can experiment with other available options such as cotton, polyester and canvas. They all have their own pros and cons. As a result, they will be suitable for different needs and requirements. You should think about them all in order to choose the material which you would like the most.</p>\n\n<p style=\"text-align:center;\"><img alt=\"f6\" height=\"375\" src=\"/storage/news/4.png\"></p>\n\n<p><br>\n </p>\n\n<hr>\n<h4><strong>Number 4: Consider A Wallet As A Long Term Investment</strong></h4>\n\n<p>Your wallet is indeed an investment that you should consider spending a decent amount of time and effort on it. Another factor that you need to consider is how much you want to spend on your wallet. The price ranges of wallets on the market vary a great deal. You can find a wallet which is as cheap as about 5 to 7 dollars. On the other hand, you should expect to pay around 250 to 300 dollars for a high-quality wallet.</p>\n\n<p>In case you need a wallet to use for a long time, it is a good idea that you should invest a decent amount of money on a wallet. A high quality wallet from a reputational brand with the premium quality such as cowhide leather will last for a long time. In addition, it is an accessory to show off your fashion sense and your social status.</p>\n\n<p style=\"text-align:center;\"><img alt=\"f2\" height=\"400\" src=\"/storage/news/5.png\"></p>\n\n<p> </p>\n','published',1,'Botble\\ACL\\Models\\User',0,'news/11.png',634,NULL,'2023-03-05 23:43:00','2023-03-05 23:43:00');
/*!40000 ALTER TABLE `posts` ENABLE KEYS */;
UNLOCK TABLES;

--
-- Table structure for table `posts_translations`
--

DROP TABLE IF EXISTS `posts_translations`;
/*!40101 SET @saved_cs_client     = @@character_set_client */;
/*!50503 SET character_set_client = utf8mb4 */;
CREATE TABLE `posts_translations` (
  `lang_code` varchar(191) CHARACTER SET utf8mb4 COLLATE utf8mb4_unicode_ci NOT NULL,
  `posts_id` bigint unsigned NOT NULL,
  `name` varchar(255) CHARACTER SET utf8mb4 COLLATE utf8mb4_unicode_ci DEFAULT NULL,
  `description` varchar(400) CHARACTER SET utf8mb4 COLLATE utf8mb4_unicode_ci DEFAULT NULL,
  `content` longtext CHARACTER SET utf8mb4 COLLATE utf8mb4_unicode_ci,
  PRIMARY KEY (`lang_code`,`posts_id`)
) ENGINE=InnoDB DEFAULT CHARSET=utf8mb4 COLLATE=utf8mb4_unicode_ci;
/*!40101 SET character_set_client = @saved_cs_client */;

--
-- Dumping data for table `posts_translations`
--

LOCK TABLES `posts_translations` WRITE;
/*!40000 ALTER TABLE `posts_translations` DISABLE KEYS */;
INSERT INTO `posts_translations` VALUES ('vi',1,'4 Lời khuyên của Chuyên gia về Cách Chọn Ví Nam Phù hợp','You should pay more attention when you choose your wallets. There are a lot of them on the market with the different designs and styles. When you choose carefully, you would be able to buy a wallet that is catered to your needs. Not to mention that it will help to enhance your style significantly.','<p>I have seen many people underestimating the power of their wallets. To them, they are just a functional item they use to carry. As a result, they often end up with the wallets which are not really suitable for them.</p>\n\n<p>You should pay more attention when you choose your wallets. There are a lot of them on the market with the different designs and styles. When you choose carefully, you would be able to buy a wallet that is catered to your needs. Not to mention that it will help to enhance your style significantly.</p>\n\n<p style=\"text-align:center;\"><img alt=\"f4\" src=\"/storage/news/1.png\"></p>\n\n<p><br>\n </p>\n\n\n\n<p><strong><em>For all of the reason above, here are 7 expert tips to help you pick up the right men’s wallet for you:</em></strong></p>\n\n<h4><strong>Number 1: Choose A Neat Wallet</strong></h4>\n\n<p>The wallet is an essential accessory that you should go simple. Simplicity is the best in this case. A simple and neat wallet with the plain color and even <strong>minimalist style</strong> is versatile. It can be used for both formal and casual events. In addition, that wallet will go well with most of the clothes in your wardrobe.</p>\n\n<p>Keep in mind that a wallet will tell other people about your personality and your fashion sense as much as other clothes you put on. Hence, don’t go cheesy on your wallet or else people will think that you have a funny and particular style.</p>\n\n<p style=\"text-align:center;\"><img alt=\"f5\" src=\"/storage/news/2.png\"></p>\n\n<p><br>\n </p>\n<hr>\n<h4><strong>Number 2: Choose The Right Size For Your Wallet</strong></h4>\n\n<p>You should avoid having an over-sized wallet. Don’t think that you need to buy a big wallet because you have a lot to carry with you. In addition, a fat wallet is very ugly. It will make it harder for you to slide the wallet into your trousers’ pocket. In addition, it will create a bulge and ruin your look.</p>\n\n<p>Before you go on to buy a new wallet, clean out your wallet and place all of the items from your wallet on a table. Throw away things that you would never need any more such as the old bills or the expired gift cards. Remember to check your wallet on a frequent basis to get rid of all of the old stuff that you don’t need anymore.</p>\n\n<p style=\"text-align:center;\"><img alt=\"f1\" src=\"/storage/news/3.png\"></p>\n\n<p><br>\n </p>\n\n<hr>\n<h4><strong>Number 3: Don’t Limit Your Options Of Materials</strong></h4>\n\n<p>The types and designs of wallets are not the only things that you should consider when you go out searching for your best wallet. You have more than 1 option of material rather than leather to choose from as well.</p>\n\n<p>You can experiment with other available options such as cotton, polyester and canvas. They all have their own pros and cons. As a result, they will be suitable for different needs and requirements. You should think about them all in order to choose the material which you would like the most.</p>\n\n<p style=\"text-align:center;\"><img alt=\"f6\" height=\"375\" src=\"/storage/news/4.png\"></p>\n\n<p><br>\n </p>\n\n<hr>\n<h4><strong>Number 4: Consider A Wallet As A Long Term Investment</strong></h4>\n\n<p>Your wallet is indeed an investment that you should consider spending a decent amount of time and effort on it. Another factor that you need to consider is how much you want to spend on your wallet. The price ranges of wallets on the market vary a great deal. You can find a wallet which is as cheap as about 5 to 7 dollars. On the other hand, you should expect to pay around 250 to 300 dollars for a high-quality wallet.</p>\n\n<p>In case you need a wallet to use for a long time, it is a good idea that you should invest a decent amount of money on a wallet. A high quality wallet from a reputational brand with the premium quality such as cowhide leather will last for a long time. In addition, it is an accessory to show off your fashion sense and your social status.</p>\n\n<p style=\"text-align:center;\"><img alt=\"f2\" height=\"400\" src=\"/storage/news/5.png\"></p>\n\n<p> </p>\n'),('vi',2,'Sexy Clutches: Cách Mua & Đeo Túi Clutch Thiết kế','You should pay more attention when you choose your wallets. There are a lot of them on the market with the different designs and styles. When you choose carefully, you would be able to buy a wallet that is catered to your needs. Not to mention that it will help to enhance your style significantly.','<p>I have seen many people underestimating the power of their wallets. To them, they are just a functional item they use to carry. As a result, they often end up with the wallets which are not really suitable for them.</p>\n\n<p>You should pay more attention when you choose your wallets. There are a lot of them on the market with the different designs and styles. When you choose carefully, you would be able to buy a wallet that is catered to your needs. Not to mention that it will help to enhance your style significantly.</p>\n\n<p style=\"text-align:center;\"><img alt=\"f4\" src=\"/storage/news/1.png\"></p>\n\n<p><br>\n </p>\n\n\n\n<p><strong><em>For all of the reason above, here are 7 expert tips to help you pick up the right men’s wallet for you:</em></strong></p>\n\n<h4><strong>Number 1: Choose A Neat Wallet</strong></h4>\n\n<p>The wallet is an essential accessory that you should go simple. Simplicity is the best in this case. A simple and neat wallet with the plain color and even <strong>minimalist style</strong> is versatile. It can be used for both formal and casual events. In addition, that wallet will go well with most of the clothes in your wardrobe.</p>\n\n<p>Keep in mind that a wallet will tell other people about your personality and your fashion sense as much as other clothes you put on. Hence, don’t go cheesy on your wallet or else people will think that you have a funny and particular style.</p>\n\n<p style=\"text-align:center;\"><img alt=\"f5\" src=\"/storage/news/2.png\"></p>\n\n<p><br>\n </p>\n<hr>\n<h4><strong>Number 2: Choose The Right Size For Your Wallet</strong></h4>\n\n<p>You should avoid having an over-sized wallet. Don’t think that you need to buy a big wallet because you have a lot to carry with you. In addition, a fat wallet is very ugly. It will make it harder for you to slide the wallet into your trousers’ pocket. In addition, it will create a bulge and ruin your look.</p>\n\n<p>Before you go on to buy a new wallet, clean out your wallet and place all of the items from your wallet on a table. Throw away things that you would never need any more such as the old bills or the expired gift cards. Remember to check your wallet on a frequent basis to get rid of all of the old stuff that you don’t need anymore.</p>\n\n<p style=\"text-align:center;\"><img alt=\"f1\" src=\"/storage/news/3.png\"></p>\n\n<p><br>\n </p>\n\n<hr>\n<h4><strong>Number 3: Don’t Limit Your Options Of Materials</strong></h4>\n\n<p>The types and designs of wallets are not the only things that you should consider when you go out searching for your best wallet. You have more than 1 option of material rather than leather to choose from as well.</p>\n\n<p>You can experiment with other available options such as cotton, polyester and canvas. They all have their own pros and cons. As a result, they will be suitable for different needs and requirements. You should think about them all in order to choose the material which you would like the most.</p>\n\n<p style=\"text-align:center;\"><img alt=\"f6\" height=\"375\" src=\"/storage/news/4.png\"></p>\n\n<p><br>\n </p>\n\n<hr>\n<h4><strong>Number 4: Consider A Wallet As A Long Term Investment</strong></h4>\n\n<p>Your wallet is indeed an investment that you should consider spending a decent amount of time and effort on it. Another factor that you need to consider is how much you want to spend on your wallet. The price ranges of wallets on the market vary a great deal. You can find a wallet which is as cheap as about 5 to 7 dollars. On the other hand, you should expect to pay around 250 to 300 dollars for a high-quality wallet.</p>\n\n<p>In case you need a wallet to use for a long time, it is a good idea that you should invest a decent amount of money on a wallet. A high quality wallet from a reputational brand with the premium quality such as cowhide leather will last for a long time. In addition, it is an accessory to show off your fashion sense and your social status.</p>\n\n<p style=\"text-align:center;\"><img alt=\"f2\" height=\"400\" src=\"/storage/news/5.png\"></p>\n\n<p> </p>\n'),('vi',3,'Xu hướng túi xách hàng đầu năm 2020 cần biết','You should pay more attention when you choose your wallets. There are a lot of them on the market with the different designs and styles. When you choose carefully, you would be able to buy a wallet that is catered to your needs. Not to mention that it will help to enhance your style significantly.','<p>I have seen many people underestimating the power of their wallets. To them, they are just a functional item they use to carry. As a result, they often end up with the wallets which are not really suitable for them.</p>\n\n<p>You should pay more attention when you choose your wallets. There are a lot of them on the market with the different designs and styles. When you choose carefully, you would be able to buy a wallet that is catered to your needs. Not to mention that it will help to enhance your style significantly.</p>\n\n<p style=\"text-align:center;\"><img alt=\"f4\" src=\"/storage/news/1.png\"></p>\n\n<p><br>\n </p>\n\n\n\n<p><strong><em>For all of the reason above, here are 7 expert tips to help you pick up the right men’s wallet for you:</em></strong></p>\n\n<h4><strong>Number 1: Choose A Neat Wallet</strong></h4>\n\n<p>The wallet is an essential accessory that you should go simple. Simplicity is the best in this case. A simple and neat wallet with the plain color and even <strong>minimalist style</strong> is versatile. It can be used for both formal and casual events. In addition, that wallet will go well with most of the clothes in your wardrobe.</p>\n\n<p>Keep in mind that a wallet will tell other people about your personality and your fashion sense as much as other clothes you put on. Hence, don’t go cheesy on your wallet or else people will think that you have a funny and particular style.</p>\n\n<p style=\"text-align:center;\"><img alt=\"f5\" src=\"/storage/news/2.png\"></p>\n\n<p><br>\n </p>\n<hr>\n<h4><strong>Number 2: Choose The Right Size For Your Wallet</strong></h4>\n\n<p>You should avoid having an over-sized wallet. Don’t think that you need to buy a big wallet because you have a lot to carry with you. In addition, a fat wallet is very ugly. It will make it harder for you to slide the wallet into your trousers’ pocket. In addition, it will create a bulge and ruin your look.</p>\n\n<p>Before you go on to buy a new wallet, clean out your wallet and place all of the items from your wallet on a table. Throw away things that you would never need any more such as the old bills or the expired gift cards. Remember to check your wallet on a frequent basis to get rid of all of the old stuff that you don’t need anymore.</p>\n\n<p style=\"text-align:center;\"><img alt=\"f1\" src=\"/storage/news/3.png\"></p>\n\n<p><br>\n </p>\n\n<hr>\n<h4><strong>Number 3: Don’t Limit Your Options Of Materials</strong></h4>\n\n<p>The types and designs of wallets are not the only things that you should consider when you go out searching for your best wallet. You have more than 1 option of material rather than leather to choose from as well.</p>\n\n<p>You can experiment with other available options such as cotton, polyester and canvas. They all have their own pros and cons. As a result, they will be suitable for different needs and requirements. You should think about them all in order to choose the material which you would like the most.</p>\n\n<p style=\"text-align:center;\"><img alt=\"f6\" height=\"375\" src=\"/storage/news/4.png\"></p>\n\n<p><br>\n </p>\n\n<hr>\n<h4><strong>Number 4: Consider A Wallet As A Long Term Investment</strong></h4>\n\n<p>Your wallet is indeed an investment that you should consider spending a decent amount of time and effort on it. Another factor that you need to consider is how much you want to spend on your wallet. The price ranges of wallets on the market vary a great deal. You can find a wallet which is as cheap as about 5 to 7 dollars. On the other hand, you should expect to pay around 250 to 300 dollars for a high-quality wallet.</p>\n\n<p>In case you need a wallet to use for a long time, it is a good idea that you should invest a decent amount of money on a wallet. A high quality wallet from a reputational brand with the premium quality such as cowhide leather will last for a long time. In addition, it is an accessory to show off your fashion sense and your social status.</p>\n\n<p style=\"text-align:center;\"><img alt=\"f2\" height=\"400\" src=\"/storage/news/5.png\"></p>\n\n<p> </p>\n'),('vi',4,'Cách Phối Màu Túi Xách Của Bạn Với Trang Phục','You should pay more attention when you choose your wallets. There are a lot of them on the market with the different designs and styles. When you choose carefully, you would be able to buy a wallet that is catered to your needs. Not to mention that it will help to enhance your style significantly.','<p>I have seen many people underestimating the power of their wallets. To them, they are just a functional item they use to carry. As a result, they often end up with the wallets which are not really suitable for them.</p>\n\n<p>You should pay more attention when you choose your wallets. There are a lot of them on the market with the different designs and styles. When you choose carefully, you would be able to buy a wallet that is catered to your needs. Not to mention that it will help to enhance your style significantly.</p>\n\n<p style=\"text-align:center;\"><img alt=\"f4\" src=\"/storage/news/1.png\"></p>\n\n<p><br>\n </p>\n\n\n\n<p><strong><em>For all of the reason above, here are 7 expert tips to help you pick up the right men’s wallet for you:</em></strong></p>\n\n<h4><strong>Number 1: Choose A Neat Wallet</strong></h4>\n\n<p>The wallet is an essential accessory that you should go simple. Simplicity is the best in this case. A simple and neat wallet with the plain color and even <strong>minimalist style</strong> is versatile. It can be used for both formal and casual events. In addition, that wallet will go well with most of the clothes in your wardrobe.</p>\n\n<p>Keep in mind that a wallet will tell other people about your personality and your fashion sense as much as other clothes you put on. Hence, don’t go cheesy on your wallet or else people will think that you have a funny and particular style.</p>\n\n<p style=\"text-align:center;\"><img alt=\"f5\" src=\"/storage/news/2.png\"></p>\n\n<p><br>\n </p>\n<hr>\n<h4><strong>Number 2: Choose The Right Size For Your Wallet</strong></h4>\n\n<p>You should avoid having an over-sized wallet. Don’t think that you need to buy a big wallet because you have a lot to carry with you. In addition, a fat wallet is very ugly. It will make it harder for you to slide the wallet into your trousers’ pocket. In addition, it will create a bulge and ruin your look.</p>\n\n<p>Before you go on to buy a new wallet, clean out your wallet and place all of the items from your wallet on a table. Throw away things that you would never need any more such as the old bills or the expired gift cards. Remember to check your wallet on a frequent basis to get rid of all of the old stuff that you don’t need anymore.</p>\n\n<p style=\"text-align:center;\"><img alt=\"f1\" src=\"/storage/news/3.png\"></p>\n\n<p><br>\n </p>\n\n<hr>\n<h4><strong>Number 3: Don’t Limit Your Options Of Materials</strong></h4>\n\n<p>The types and designs of wallets are not the only things that you should consider when you go out searching for your best wallet. You have more than 1 option of material rather than leather to choose from as well.</p>\n\n<p>You can experiment with other available options such as cotton, polyester and canvas. They all have their own pros and cons. As a result, they will be suitable for different needs and requirements. You should think about them all in order to choose the material which you would like the most.</p>\n\n<p style=\"text-align:center;\"><img alt=\"f6\" height=\"375\" src=\"/storage/news/4.png\"></p>\n\n<p><br>\n </p>\n\n<hr>\n<h4><strong>Number 4: Consider A Wallet As A Long Term Investment</strong></h4>\n\n<p>Your wallet is indeed an investment that you should consider spending a decent amount of time and effort on it. Another factor that you need to consider is how much you want to spend on your wallet. The price ranges of wallets on the market vary a great deal. You can find a wallet which is as cheap as about 5 to 7 dollars. On the other hand, you should expect to pay around 250 to 300 dollars for a high-quality wallet.</p>\n\n<p>In case you need a wallet to use for a long time, it is a good idea that you should invest a decent amount of money on a wallet. A high quality wallet from a reputational brand with the premium quality such as cowhide leather will last for a long time. In addition, it is an accessory to show off your fashion sense and your social status.</p>\n\n<p style=\"text-align:center;\"><img alt=\"f2\" height=\"400\" src=\"/storage/news/5.png\"></p>\n\n<p> </p>\n'),('vi',5,'Cách Chăm sóc Túi Da','You should pay more attention when you choose your wallets. There are a lot of them on the market with the different designs and styles. When you choose carefully, you would be able to buy a wallet that is catered to your needs. Not to mention that it will help to enhance your style significantly.','<p>I have seen many people underestimating the power of their wallets. To them, they are just a functional item they use to carry. As a result, they often end up with the wallets which are not really suitable for them.</p>\n\n<p>You should pay more attention when you choose your wallets. There are a lot of them on the market with the different designs and styles. When you choose carefully, you would be able to buy a wallet that is catered to your needs. Not to mention that it will help to enhance your style significantly.</p>\n\n<p style=\"text-align:center;\"><img alt=\"f4\" src=\"/storage/news/1.png\"></p>\n\n<p><br>\n </p>\n\n\n\n<p><strong><em>For all of the reason above, here are 7 expert tips to help you pick up the right men’s wallet for you:</em></strong></p>\n\n<h4><strong>Number 1: Choose A Neat Wallet</strong></h4>\n\n<p>The wallet is an essential accessory that you should go simple. Simplicity is the best in this case. A simple and neat wallet with the plain color and even <strong>minimalist style</strong> is versatile. It can be used for both formal and casual events. In addition, that wallet will go well with most of the clothes in your wardrobe.</p>\n\n<p>Keep in mind that a wallet will tell other people about your personality and your fashion sense as much as other clothes you put on. Hence, don’t go cheesy on your wallet or else people will think that you have a funny and particular style.</p>\n\n<p style=\"text-align:center;\"><img alt=\"f5\" src=\"/storage/news/2.png\"></p>\n\n<p><br>\n </p>\n<hr>\n<h4><strong>Number 2: Choose The Right Size For Your Wallet</strong></h4>\n\n<p>You should avoid having an over-sized wallet. Don’t think that you need to buy a big wallet because you have a lot to carry with you. In addition, a fat wallet is very ugly. It will make it harder for you to slide the wallet into your trousers’ pocket. In addition, it will create a bulge and ruin your look.</p>\n\n<p>Before you go on to buy a new wallet, clean out your wallet and place all of the items from your wallet on a table. Throw away things that you would never need any more such as the old bills or the expired gift cards. Remember to check your wallet on a frequent basis to get rid of all of the old stuff that you don’t need anymore.</p>\n\n<p style=\"text-align:center;\"><img alt=\"f1\" src=\"/storage/news/3.png\"></p>\n\n<p><br>\n </p>\n\n<hr>\n<h4><strong>Number 3: Don’t Limit Your Options Of Materials</strong></h4>\n\n<p>The types and designs of wallets are not the only things that you should consider when you go out searching for your best wallet. You have more than 1 option of material rather than leather to choose from as well.</p>\n\n<p>You can experiment with other available options such as cotton, polyester and canvas. They all have their own pros and cons. As a result, they will be suitable for different needs and requirements. You should think about them all in order to choose the material which you would like the most.</p>\n\n<p style=\"text-align:center;\"><img alt=\"f6\" height=\"375\" src=\"/storage/news/4.png\"></p>\n\n<p><br>\n </p>\n\n<hr>\n<h4><strong>Number 4: Consider A Wallet As A Long Term Investment</strong></h4>\n\n<p>Your wallet is indeed an investment that you should consider spending a decent amount of time and effort on it. Another factor that you need to consider is how much you want to spend on your wallet. The price ranges of wallets on the market vary a great deal. You can find a wallet which is as cheap as about 5 to 7 dollars. On the other hand, you should expect to pay around 250 to 300 dollars for a high-quality wallet.</p>\n\n<p>In case you need a wallet to use for a long time, it is a good idea that you should invest a decent amount of money on a wallet. A high quality wallet from a reputational brand with the premium quality such as cowhide leather will last for a long time. In addition, it is an accessory to show off your fashion sense and your social status.</p>\n\n<p style=\"text-align:center;\"><img alt=\"f2\" height=\"400\" src=\"/storage/news/5.png\"></p>\n\n<p> </p>\n'),('vi',6,'Chúng tôi đang nghiền ngẫm 10 xu hướng túi lớn nhất của mùa hè','You should pay more attention when you choose your wallets. There are a lot of them on the market with the different designs and styles. When you choose carefully, you would be able to buy a wallet that is catered to your needs. Not to mention that it will help to enhance your style significantly.','<p>I have seen many people underestimating the power of their wallets. To them, they are just a functional item they use to carry. As a result, they often end up with the wallets which are not really suitable for them.</p>\n\n<p>You should pay more attention when you choose your wallets. There are a lot of them on the market with the different designs and styles. When you choose carefully, you would be able to buy a wallet that is catered to your needs. Not to mention that it will help to enhance your style significantly.</p>\n\n<p style=\"text-align:center;\"><img alt=\"f4\" src=\"/storage/news/1.png\"></p>\n\n<p><br>\n </p>\n\n\n\n<p><strong><em>For all of the reason above, here are 7 expert tips to help you pick up the right men’s wallet for you:</em></strong></p>\n\n<h4><strong>Number 1: Choose A Neat Wallet</strong></h4>\n\n<p>The wallet is an essential accessory that you should go simple. Simplicity is the best in this case. A simple and neat wallet with the plain color and even <strong>minimalist style</strong> is versatile. It can be used for both formal and casual events. In addition, that wallet will go well with most of the clothes in your wardrobe.</p>\n\n<p>Keep in mind that a wallet will tell other people about your personality and your fashion sense as much as other clothes you put on. Hence, don’t go cheesy on your wallet or else people will think that you have a funny and particular style.</p>\n\n<p style=\"text-align:center;\"><img alt=\"f5\" src=\"/storage/news/2.png\"></p>\n\n<p><br>\n </p>\n<hr>\n<h4><strong>Number 2: Choose The Right Size For Your Wallet</strong></h4>\n\n<p>You should avoid having an over-sized wallet. Don’t think that you need to buy a big wallet because you have a lot to carry with you. In addition, a fat wallet is very ugly. It will make it harder for you to slide the wallet into your trousers’ pocket. In addition, it will create a bulge and ruin your look.</p>\n\n<p>Before you go on to buy a new wallet, clean out your wallet and place all of the items from your wallet on a table. Throw away things that you would never need any more such as the old bills or the expired gift cards. Remember to check your wallet on a frequent basis to get rid of all of the old stuff that you don’t need anymore.</p>\n\n<p style=\"text-align:center;\"><img alt=\"f1\" src=\"/storage/news/3.png\"></p>\n\n<p><br>\n </p>\n\n<hr>\n<h4><strong>Number 3: Don’t Limit Your Options Of Materials</strong></h4>\n\n<p>The types and designs of wallets are not the only things that you should consider when you go out searching for your best wallet. You have more than 1 option of material rather than leather to choose from as well.</p>\n\n<p>You can experiment with other available options such as cotton, polyester and canvas. They all have their own pros and cons. As a result, they will be suitable for different needs and requirements. You should think about them all in order to choose the material which you would like the most.</p>\n\n<p style=\"text-align:center;\"><img alt=\"f6\" height=\"375\" src=\"/storage/news/4.png\"></p>\n\n<p><br>\n </p>\n\n<hr>\n<h4><strong>Number 4: Consider A Wallet As A Long Term Investment</strong></h4>\n\n<p>Your wallet is indeed an investment that you should consider spending a decent amount of time and effort on it. Another factor that you need to consider is how much you want to spend on your wallet. The price ranges of wallets on the market vary a great deal. You can find a wallet which is as cheap as about 5 to 7 dollars. On the other hand, you should expect to pay around 250 to 300 dollars for a high-quality wallet.</p>\n\n<p>In case you need a wallet to use for a long time, it is a good idea that you should invest a decent amount of money on a wallet. A high quality wallet from a reputational brand with the premium quality such as cowhide leather will last for a long time. In addition, it is an accessory to show off your fashion sense and your social status.</p>\n\n<p style=\"text-align:center;\"><img alt=\"f2\" height=\"400\" src=\"/storage/news/5.png\"></p>\n\n<p> </p>\n'),('vi',7,'Những phẩm chất cần thiết của âm nhạc thành công cao','You should pay more attention when you choose your wallets. There are a lot of them on the market with the different designs and styles. When you choose carefully, you would be able to buy a wallet that is catered to your needs. Not to mention that it will help to enhance your style significantly.','<p>I have seen many people underestimating the power of their wallets. To them, they are just a functional item they use to carry. As a result, they often end up with the wallets which are not really suitable for them.</p>\n\n<p>You should pay more attention when you choose your wallets. There are a lot of them on the market with the different designs and styles. When you choose carefully, you would be able to buy a wallet that is catered to your needs. Not to mention that it will help to enhance your style significantly.</p>\n\n<p style=\"text-align:center;\"><img alt=\"f4\" src=\"/storage/news/1.png\"></p>\n\n<p><br>\n </p>\n\n\n\n<p><strong><em>For all of the reason above, here are 7 expert tips to help you pick up the right men’s wallet for you:</em></strong></p>\n\n<h4><strong>Number 1: Choose A Neat Wallet</strong></h4>\n\n<p>The wallet is an essential accessory that you should go simple. Simplicity is the best in this case. A simple and neat wallet with the plain color and even <strong>minimalist style</strong> is versatile. It can be used for both formal and casual events. In addition, that wallet will go well with most of the clothes in your wardrobe.</p>\n\n<p>Keep in mind that a wallet will tell other people about your personality and your fashion sense as much as other clothes you put on. Hence, don’t go cheesy on your wallet or else people will think that you have a funny and particular style.</p>\n\n<p style=\"text-align:center;\"><img alt=\"f5\" src=\"/storage/news/2.png\"></p>\n\n<p><br>\n </p>\n<hr>\n<h4><strong>Number 2: Choose The Right Size For Your Wallet</strong></h4>\n\n<p>You should avoid having an over-sized wallet. Don’t think that you need to buy a big wallet because you have a lot to carry with you. In addition, a fat wallet is very ugly. It will make it harder for you to slide the wallet into your trousers’ pocket. In addition, it will create a bulge and ruin your look.</p>\n\n<p>Before you go on to buy a new wallet, clean out your wallet and place all of the items from your wallet on a table. Throw away things that you would never need any more such as the old bills or the expired gift cards. Remember to check your wallet on a frequent basis to get rid of all of the old stuff that you don’t need anymore.</p>\n\n<p style=\"text-align:center;\"><img alt=\"f1\" src=\"/storage/news/3.png\"></p>\n\n<p><br>\n </p>\n\n<hr>\n<h4><strong>Number 3: Don’t Limit Your Options Of Materials</strong></h4>\n\n<p>The types and designs of wallets are not the only things that you should consider when you go out searching for your best wallet. You have more than 1 option of material rather than leather to choose from as well.</p>\n\n<p>You can experiment with other available options such as cotton, polyester and canvas. They all have their own pros and cons. As a result, they will be suitable for different needs and requirements. You should think about them all in order to choose the material which you would like the most.</p>\n\n<p style=\"text-align:center;\"><img alt=\"f6\" height=\"375\" src=\"/storage/news/4.png\"></p>\n\n<p><br>\n </p>\n\n<hr>\n<h4><strong>Number 4: Consider A Wallet As A Long Term Investment</strong></h4>\n\n<p>Your wallet is indeed an investment that you should consider spending a decent amount of time and effort on it. Another factor that you need to consider is how much you want to spend on your wallet. The price ranges of wallets on the market vary a great deal. You can find a wallet which is as cheap as about 5 to 7 dollars. On the other hand, you should expect to pay around 250 to 300 dollars for a high-quality wallet.</p>\n\n<p>In case you need a wallet to use for a long time, it is a good idea that you should invest a decent amount of money on a wallet. A high quality wallet from a reputational brand with the premium quality such as cowhide leather will last for a long time. In addition, it is an accessory to show off your fashion sense and your social status.</p>\n\n<p style=\"text-align:center;\"><img alt=\"f2\" height=\"400\" src=\"/storage/news/5.png\"></p>\n\n<p> </p>\n'),('vi',8,'9 điều tôi thích khi cạo đầu','You should pay more attention when you choose your wallets. There are a lot of them on the market with the different designs and styles. When you choose carefully, you would be able to buy a wallet that is catered to your needs. Not to mention that it will help to enhance your style significantly.','<p>I have seen many people underestimating the power of their wallets. To them, they are just a functional item they use to carry. As a result, they often end up with the wallets which are not really suitable for them.</p>\n\n<p>You should pay more attention when you choose your wallets. There are a lot of them on the market with the different designs and styles. When you choose carefully, you would be able to buy a wallet that is catered to your needs. Not to mention that it will help to enhance your style significantly.</p>\n\n<p style=\"text-align:center;\"><img alt=\"f4\" src=\"/storage/news/1.png\"></p>\n\n<p><br>\n </p>\n\n\n\n<p><strong><em>For all of the reason above, here are 7 expert tips to help you pick up the right men’s wallet for you:</em></strong></p>\n\n<h4><strong>Number 1: Choose A Neat Wallet</strong></h4>\n\n<p>The wallet is an essential accessory that you should go simple. Simplicity is the best in this case. A simple and neat wallet with the plain color and even <strong>minimalist style</strong> is versatile. It can be used for both formal and casual events. In addition, that wallet will go well with most of the clothes in your wardrobe.</p>\n\n<p>Keep in mind that a wallet will tell other people about your personality and your fashion sense as much as other clothes you put on. Hence, don’t go cheesy on your wallet or else people will think that you have a funny and particular style.</p>\n\n<p style=\"text-align:center;\"><img alt=\"f5\" src=\"/storage/news/2.png\"></p>\n\n<p><br>\n </p>\n<hr>\n<h4><strong>Number 2: Choose The Right Size For Your Wallet</strong></h4>\n\n<p>You should avoid having an over-sized wallet. Don’t think that you need to buy a big wallet because you have a lot to carry with you. In addition, a fat wallet is very ugly. It will make it harder for you to slide the wallet into your trousers’ pocket. In addition, it will create a bulge and ruin your look.</p>\n\n<p>Before you go on to buy a new wallet, clean out your wallet and place all of the items from your wallet on a table. Throw away things that you would never need any more such as the old bills or the expired gift cards. Remember to check your wallet on a frequent basis to get rid of all of the old stuff that you don’t need anymore.</p>\n\n<p style=\"text-align:center;\"><img alt=\"f1\" src=\"/storage/news/3.png\"></p>\n\n<p><br>\n </p>\n\n<hr>\n<h4><strong>Number 3: Don’t Limit Your Options Of Materials</strong></h4>\n\n<p>The types and designs of wallets are not the only things that you should consider when you go out searching for your best wallet. You have more than 1 option of material rather than leather to choose from as well.</p>\n\n<p>You can experiment with other available options such as cotton, polyester and canvas. They all have their own pros and cons. As a result, they will be suitable for different needs and requirements. You should think about them all in order to choose the material which you would like the most.</p>\n\n<p style=\"text-align:center;\"><img alt=\"f6\" height=\"375\" src=\"/storage/news/4.png\"></p>\n\n<p><br>\n </p>\n\n<hr>\n<h4><strong>Number 4: Consider A Wallet As A Long Term Investment</strong></h4>\n\n<p>Your wallet is indeed an investment that you should consider spending a decent amount of time and effort on it. Another factor that you need to consider is how much you want to spend on your wallet. The price ranges of wallets on the market vary a great deal. You can find a wallet which is as cheap as about 5 to 7 dollars. On the other hand, you should expect to pay around 250 to 300 dollars for a high-quality wallet.</p>\n\n<p>In case you need a wallet to use for a long time, it is a good idea that you should invest a decent amount of money on a wallet. A high quality wallet from a reputational brand with the premium quality such as cowhide leather will last for a long time. In addition, it is an accessory to show off your fashion sense and your social status.</p>\n\n<p style=\"text-align:center;\"><img alt=\"f2\" height=\"400\" src=\"/storage/news/5.png\"></p>\n\n<p> </p>\n'),('vi',9,'Tại sao làm việc theo nhóm thực sự biến giấc mơ thành công','You should pay more attention when you choose your wallets. There are a lot of them on the market with the different designs and styles. When you choose carefully, you would be able to buy a wallet that is catered to your needs. Not to mention that it will help to enhance your style significantly.','<p>I have seen many people underestimating the power of their wallets. To them, they are just a functional item they use to carry. As a result, they often end up with the wallets which are not really suitable for them.</p>\n\n<p>You should pay more attention when you choose your wallets. There are a lot of them on the market with the different designs and styles. When you choose carefully, you would be able to buy a wallet that is catered to your needs. Not to mention that it will help to enhance your style significantly.</p>\n\n<p style=\"text-align:center;\"><img alt=\"f4\" src=\"/storage/news/1.png\"></p>\n\n<p><br>\n </p>\n\n\n\n<p><strong><em>For all of the reason above, here are 7 expert tips to help you pick up the right men’s wallet for you:</em></strong></p>\n\n<h4><strong>Number 1: Choose A Neat Wallet</strong></h4>\n\n<p>The wallet is an essential accessory that you should go simple. Simplicity is the best in this case. A simple and neat wallet with the plain color and even <strong>minimalist style</strong> is versatile. It can be used for both formal and casual events. In addition, that wallet will go well with most of the clothes in your wardrobe.</p>\n\n<p>Keep in mind that a wallet will tell other people about your personality and your fashion sense as much as other clothes you put on. Hence, don’t go cheesy on your wallet or else people will think that you have a funny and particular style.</p>\n\n<p style=\"text-align:center;\"><img alt=\"f5\" src=\"/storage/news/2.png\"></p>\n\n<p><br>\n </p>\n<hr>\n<h4><strong>Number 2: Choose The Right Size For Your Wallet</strong></h4>\n\n<p>You should avoid having an over-sized wallet. Don’t think that you need to buy a big wallet because you have a lot to carry with you. In addition, a fat wallet is very ugly. It will make it harder for you to slide the wallet into your trousers’ pocket. In addition, it will create a bulge and ruin your look.</p>\n\n<p>Before you go on to buy a new wallet, clean out your wallet and place all of the items from your wallet on a table. Throw away things that you would never need any more such as the old bills or the expired gift cards. Remember to check your wallet on a frequent basis to get rid of all of the old stuff that you don’t need anymore.</p>\n\n<p style=\"text-align:center;\"><img alt=\"f1\" src=\"/storage/news/3.png\"></p>\n\n<p><br>\n </p>\n\n<hr>\n<h4><strong>Number 3: Don’t Limit Your Options Of Materials</strong></h4>\n\n<p>The types and designs of wallets are not the only things that you should consider when you go out searching for your best wallet. You have more than 1 option of material rather than leather to choose from as well.</p>\n\n<p>You can experiment with other available options such as cotton, polyester and canvas. They all have their own pros and cons. As a result, they will be suitable for different needs and requirements. You should think about them all in order to choose the material which you would like the most.</p>\n\n<p style=\"text-align:center;\"><img alt=\"f6\" height=\"375\" src=\"/storage/news/4.png\"></p>\n\n<p><br>\n </p>\n\n<hr>\n<h4><strong>Number 4: Consider A Wallet As A Long Term Investment</strong></h4>\n\n<p>Your wallet is indeed an investment that you should consider spending a decent amount of time and effort on it. Another factor that you need to consider is how much you want to spend on your wallet. The price ranges of wallets on the market vary a great deal. You can find a wallet which is as cheap as about 5 to 7 dollars. On the other hand, you should expect to pay around 250 to 300 dollars for a high-quality wallet.</p>\n\n<p>In case you need a wallet to use for a long time, it is a good idea that you should invest a decent amount of money on a wallet. A high quality wallet from a reputational brand with the premium quality such as cowhide leather will last for a long time. In addition, it is an accessory to show off your fashion sense and your social status.</p>\n\n<p style=\"text-align:center;\"><img alt=\"f2\" height=\"400\" src=\"/storage/news/5.png\"></p>\n\n<p> </p>\n'),('vi',10,'Thế giới phục vụ cho những người trung bình','You should pay more attention when you choose your wallets. There are a lot of them on the market with the different designs and styles. When you choose carefully, you would be able to buy a wallet that is catered to your needs. Not to mention that it will help to enhance your style significantly.','<p>I have seen many people underestimating the power of their wallets. To them, they are just a functional item they use to carry. As a result, they often end up with the wallets which are not really suitable for them.</p>\n\n<p>You should pay more attention when you choose your wallets. There are a lot of them on the market with the different designs and styles. When you choose carefully, you would be able to buy a wallet that is catered to your needs. Not to mention that it will help to enhance your style significantly.</p>\n\n<p style=\"text-align:center;\"><img alt=\"f4\" src=\"/storage/news/1.png\"></p>\n\n<p><br>\n </p>\n\n\n\n<p><strong><em>For all of the reason above, here are 7 expert tips to help you pick up the right men’s wallet for you:</em></strong></p>\n\n<h4><strong>Number 1: Choose A Neat Wallet</strong></h4>\n\n<p>The wallet is an essential accessory that you should go simple. Simplicity is the best in this case. A simple and neat wallet with the plain color and even <strong>minimalist style</strong> is versatile. It can be used for both formal and casual events. In addition, that wallet will go well with most of the clothes in your wardrobe.</p>\n\n<p>Keep in mind that a wallet will tell other people about your personality and your fashion sense as much as other clothes you put on. Hence, don’t go cheesy on your wallet or else people will think that you have a funny and particular style.</p>\n\n<p style=\"text-align:center;\"><img alt=\"f5\" src=\"/storage/news/2.png\"></p>\n\n<p><br>\n </p>\n<hr>\n<h4><strong>Number 2: Choose The Right Size For Your Wallet</strong></h4>\n\n<p>You should avoid having an over-sized wallet. Don’t think that you need to buy a big wallet because you have a lot to carry with you. In addition, a fat wallet is very ugly. It will make it harder for you to slide the wallet into your trousers’ pocket. In addition, it will create a bulge and ruin your look.</p>\n\n<p>Before you go on to buy a new wallet, clean out your wallet and place all of the items from your wallet on a table. Throw away things that you would never need any more such as the old bills or the expired gift cards. Remember to check your wallet on a frequent basis to get rid of all of the old stuff that you don’t need anymore.</p>\n\n<p style=\"text-align:center;\"><img alt=\"f1\" src=\"/storage/news/3.png\"></p>\n\n<p><br>\n </p>\n\n<hr>\n<h4><strong>Number 3: Don’t Limit Your Options Of Materials</strong></h4>\n\n<p>The types and designs of wallets are not the only things that you should consider when you go out searching for your best wallet. You have more than 1 option of material rather than leather to choose from as well.</p>\n\n<p>You can experiment with other available options such as cotton, polyester and canvas. They all have their own pros and cons. As a result, they will be suitable for different needs and requirements. You should think about them all in order to choose the material which you would like the most.</p>\n\n<p style=\"text-align:center;\"><img alt=\"f6\" height=\"375\" src=\"/storage/news/4.png\"></p>\n\n<p><br>\n </p>\n\n<hr>\n<h4><strong>Number 4: Consider A Wallet As A Long Term Investment</strong></h4>\n\n<p>Your wallet is indeed an investment that you should consider spending a decent amount of time and effort on it. Another factor that you need to consider is how much you want to spend on your wallet. The price ranges of wallets on the market vary a great deal. You can find a wallet which is as cheap as about 5 to 7 dollars. On the other hand, you should expect to pay around 250 to 300 dollars for a high-quality wallet.</p>\n\n<p>In case you need a wallet to use for a long time, it is a good idea that you should invest a decent amount of money on a wallet. A high quality wallet from a reputational brand with the premium quality such as cowhide leather will last for a long time. In addition, it is an accessory to show off your fashion sense and your social status.</p>\n\n<p style=\"text-align:center;\"><img alt=\"f2\" height=\"400\" src=\"/storage/news/5.png\"></p>\n\n<p> </p>\n'),('vi',11,'Các đương sự trên màn hình không phải là diễn viên','You should pay more attention when you choose your wallets. There are a lot of them on the market with the different designs and styles. When you choose carefully, you would be able to buy a wallet that is catered to your needs. Not to mention that it will help to enhance your style significantly.','<p>I have seen many people underestimating the power of their wallets. To them, they are just a functional item they use to carry. As a result, they often end up with the wallets which are not really suitable for them.</p>\n\n<p>You should pay more attention when you choose your wallets. There are a lot of them on the market with the different designs and styles. When you choose carefully, you would be able to buy a wallet that is catered to your needs. Not to mention that it will help to enhance your style significantly.</p>\n\n<p style=\"text-align:center;\"><img alt=\"f4\" src=\"/storage/news/1.png\"></p>\n\n<p><br>\n </p>\n\n\n\n<p><strong><em>For all of the reason above, here are 7 expert tips to help you pick up the right men’s wallet for you:</em></strong></p>\n\n<h4><strong>Number 1: Choose A Neat Wallet</strong></h4>\n\n<p>The wallet is an essential accessory that you should go simple. Simplicity is the best in this case. A simple and neat wallet with the plain color and even <strong>minimalist style</strong> is versatile. It can be used for both formal and casual events. In addition, that wallet will go well with most of the clothes in your wardrobe.</p>\n\n<p>Keep in mind that a wallet will tell other people about your personality and your fashion sense as much as other clothes you put on. Hence, don’t go cheesy on your wallet or else people will think that you have a funny and particular style.</p>\n\n<p style=\"text-align:center;\"><img alt=\"f5\" src=\"/storage/news/2.png\"></p>\n\n<p><br>\n </p>\n<hr>\n<h4><strong>Number 2: Choose The Right Size For Your Wallet</strong></h4>\n\n<p>You should avoid having an over-sized wallet. Don’t think that you need to buy a big wallet because you have a lot to carry with you. In addition, a fat wallet is very ugly. It will make it harder for you to slide the wallet into your trousers’ pocket. In addition, it will create a bulge and ruin your look.</p>\n\n<p>Before you go on to buy a new wallet, clean out your wallet and place all of the items from your wallet on a table. Throw away things that you would never need any more such as the old bills or the expired gift cards. Remember to check your wallet on a frequent basis to get rid of all of the old stuff that you don’t need anymore.</p>\n\n<p style=\"text-align:center;\"><img alt=\"f1\" src=\"/storage/news/3.png\"></p>\n\n<p><br>\n </p>\n\n<hr>\n<h4><strong>Number 3: Don’t Limit Your Options Of Materials</strong></h4>\n\n<p>The types and designs of wallets are not the only things that you should consider when you go out searching for your best wallet. You have more than 1 option of material rather than leather to choose from as well.</p>\n\n<p>You can experiment with other available options such as cotton, polyester and canvas. They all have their own pros and cons. As a result, they will be suitable for different needs and requirements. You should think about them all in order to choose the material which you would like the most.</p>\n\n<p style=\"text-align:center;\"><img alt=\"f6\" height=\"375\" src=\"/storage/news/4.png\"></p>\n\n<p><br>\n </p>\n\n<hr>\n<h4><strong>Number 4: Consider A Wallet As A Long Term Investment</strong></h4>\n\n<p>Your wallet is indeed an investment that you should consider spending a decent amount of time and effort on it. Another factor that you need to consider is how much you want to spend on your wallet. The price ranges of wallets on the market vary a great deal. You can find a wallet which is as cheap as about 5 to 7 dollars. On the other hand, you should expect to pay around 250 to 300 dollars for a high-quality wallet.</p>\n\n<p>In case you need a wallet to use for a long time, it is a good idea that you should invest a decent amount of money on a wallet. A high quality wallet from a reputational brand with the premium quality such as cowhide leather will last for a long time. In addition, it is an accessory to show off your fashion sense and your social status.</p>\n\n<p style=\"text-align:center;\"><img alt=\"f2\" height=\"400\" src=\"/storage/news/5.png\"></p>\n\n<p> </p>\n');
/*!40000 ALTER TABLE `posts_translations` ENABLE KEYS */;
UNLOCK TABLES;

--
-- Table structure for table `revisions`
--

DROP TABLE IF EXISTS `revisions`;
/*!40101 SET @saved_cs_client     = @@character_set_client */;
/*!50503 SET character_set_client = utf8mb4 */;
CREATE TABLE `revisions` (
  `id` bigint unsigned NOT NULL AUTO_INCREMENT,
  `revisionable_type` varchar(191) CHARACTER SET utf8mb4 COLLATE utf8mb4_unicode_ci NOT NULL,
  `revisionable_id` bigint unsigned NOT NULL,
  `user_id` bigint unsigned DEFAULT NULL,
  `key` varchar(191) CHARACTER SET utf8mb4 COLLATE utf8mb4_unicode_ci NOT NULL,
  `old_value` text CHARACTER SET utf8mb4 COLLATE utf8mb4_unicode_ci,
  `new_value` text CHARACTER SET utf8mb4 COLLATE utf8mb4_unicode_ci,
  `created_at` timestamp NULL DEFAULT NULL,
  `updated_at` timestamp NULL DEFAULT NULL,
  PRIMARY KEY (`id`),
  KEY `revisions_revisionable_id_revisionable_type_index` (`revisionable_id`,`revisionable_type`)
) ENGINE=InnoDB DEFAULT CHARSET=utf8mb4 COLLATE=utf8mb4_unicode_ci;
/*!40101 SET character_set_client = @saved_cs_client */;

--
-- Dumping data for table `revisions`
--

LOCK TABLES `revisions` WRITE;
/*!40000 ALTER TABLE `revisions` DISABLE KEYS */;
/*!40000 ALTER TABLE `revisions` ENABLE KEYS */;
UNLOCK TABLES;

--
-- Table structure for table `role_users`
--

DROP TABLE IF EXISTS `role_users`;
/*!40101 SET @saved_cs_client     = @@character_set_client */;
/*!50503 SET character_set_client = utf8mb4 */;
CREATE TABLE `role_users` (
  `id` bigint unsigned NOT NULL AUTO_INCREMENT,
  `user_id` bigint unsigned NOT NULL,
  `role_id` bigint unsigned NOT NULL,
  `created_at` timestamp NULL DEFAULT NULL,
  `updated_at` timestamp NULL DEFAULT NULL,
  PRIMARY KEY (`id`),
  KEY `role_users_user_id_index` (`user_id`),
  KEY `role_users_role_id_index` (`role_id`)
) ENGINE=InnoDB AUTO_INCREMENT=5 DEFAULT CHARSET=utf8mb4 COLLATE=utf8mb4_unicode_ci;
/*!40101 SET character_set_client = @saved_cs_client */;

--
-- Dumping data for table `role_users`
--

LOCK TABLES `role_users` WRITE;
/*!40000 ALTER TABLE `role_users` DISABLE KEYS */;
INSERT INTO `role_users` VALUES (1,1,2,'2023-06-14 23:08:50','2023-06-14 23:08:50'),(2,2,2,'2023-06-14 23:09:26','2023-06-14 23:09:26'),(4,3,3,'2023-06-15 00:21:09','2023-06-15 00:21:09');
/*!40000 ALTER TABLE `role_users` ENABLE KEYS */;
UNLOCK TABLES;

--
-- Table structure for table `roles`
--

DROP TABLE IF EXISTS `roles`;
/*!40101 SET @saved_cs_client     = @@character_set_client */;
/*!50503 SET character_set_client = utf8mb4 */;
CREATE TABLE `roles` (
  `id` bigint unsigned NOT NULL AUTO_INCREMENT,
  `slug` varchar(120) CHARACTER SET utf8mb4 COLLATE utf8mb4_unicode_ci NOT NULL,
  `name` varchar(120) CHARACTER SET utf8mb4 COLLATE utf8mb4_unicode_ci NOT NULL,
  `permissions` text CHARACTER SET utf8mb4 COLLATE utf8mb4_unicode_ci,
  `description` varchar(255) CHARACTER SET utf8mb4 COLLATE utf8mb4_unicode_ci DEFAULT NULL,
  `is_default` tinyint unsigned NOT NULL DEFAULT '0',
  `created_by` bigint unsigned NOT NULL,
  `updated_by` bigint unsigned NOT NULL,
  `created_at` timestamp NULL DEFAULT NULL,
  `updated_at` timestamp NULL DEFAULT NULL,
  PRIMARY KEY (`id`),
  UNIQUE KEY `roles_slug_unique` (`slug`),
  KEY `roles_created_by_index` (`created_by`),
  KEY `roles_updated_by_index` (`updated_by`)
) ENGINE=InnoDB AUTO_INCREMENT=4 DEFAULT CHARSET=utf8mb4 COLLATE=utf8mb4_unicode_ci;
/*!40101 SET character_set_client = @saved_cs_client */;

--
-- Dumping data for table `roles`
--

LOCK TABLES `roles` WRITE;
/*!40000 ALTER TABLE `roles` DISABLE KEYS */;
INSERT INTO `roles` VALUES (1,'farmer','Farmer','{\"plugins.ecommerce\":true,\"ecommerce.settings\":true,\"ecommerce.report.index\":true,\"products.index\":true,\"products.create\":true,\"products.edit\":true,\"products.destroy\":true,\"product-categories.index\":true,\"product-categories.create\":true,\"product-categories.edit\":true,\"product-categories.destroy\":true,\"product-tag.index\":true,\"product-tag.create\":true,\"product-tag.edit\":true,\"product-tag.destroy\":true,\"brands.index\":true,\"brands.create\":true,\"brands.edit\":true,\"brands.destroy\":true,\"product-collections.index\":true,\"product-collections.create\":true,\"product-collections.edit\":true,\"product-collections.destroy\":true,\"product-attribute-sets.index\":true,\"product-attribute-sets.create\":true,\"product-attribute-sets.edit\":true,\"product-attribute-sets.destroy\":true,\"product-attributes.index\":true,\"product-attributes.create\":true,\"product-attributes.edit\":true,\"product-attributes.destroy\":true,\"tax.index\":true,\"tax.create\":true,\"tax.edit\":true,\"tax.destroy\":true,\"reviews.index\":true,\"reviews.destroy\":true,\"shipping_methods.index\":true,\"ecommerce.shipping-rule-items.index\":true,\"ecommerce.shipping-rule-items.create\":true,\"ecommerce.shipping-rule-items.edit\":true,\"ecommerce.shipping-rule-items.destroy\":true,\"ecommerce.shipping-rule-items.bulk-import\":true,\"ecommerce.shipments.index\":true,\"ecommerce.shipments.create\":true,\"ecommerce.shipments.edit\":true,\"ecommerce.shipments.destroy\":true,\"orders.index\":true,\"orders.create\":true,\"orders.edit\":true,\"orders.destroy\":true,\"discounts.index\":true,\"discounts.create\":true,\"discounts.edit\":true,\"discounts.destroy\":true,\"customers.index\":true,\"customers.create\":true,\"customers.edit\":true,\"customers.destroy\":true,\"flash-sale.index\":true,\"flash-sale.create\":true,\"flash-sale.edit\":true,\"flash-sale.destroy\":true,\"product-label.index\":true,\"product-label.create\":true,\"product-label.edit\":true,\"product-label.destroy\":true,\"ecommerce.bulk-import.index\":true,\"ecommerce.export.products.index\":true,\"order_returns.index\":true,\"order_returns.edit\":true,\"order_returns.destroy\":true,\"global-option.index\":true,\"global-option.create\":true,\"global-option.edit\":true,\"global-option.destroy\":true,\"ecommerce.invoice.index\":true,\"ecommerce.invoice.edit\":true,\"ecommerce.invoice.destroy\":true,\"ecommerce.invoice-template.index\":true,\"plugin.location\":true,\"country.index\":true,\"country.create\":true,\"country.edit\":true,\"country.destroy\":true,\"state.index\":true,\"state.create\":true,\"state.edit\":true,\"state.destroy\":true,\"city.index\":true,\"city.create\":true,\"city.edit\":true,\"city.destroy\":true,\"location.bulk-import.index\":true,\"location.export.index\":true,\"marketplace.index\":true,\"marketplace.store.index\":true,\"marketplace.store.create\":true,\"marketplace.store.edit\":true,\"marketplace.store.destroy\":true,\"marketplace.store.view\":true,\"marketplace.store.revenue.create\":true,\"marketplace.withdrawal.index\":true,\"marketplace.withdrawal.edit\":true,\"marketplace.withdrawal.destroy\":true,\"marketplace.vendors.index\":true,\"marketplace.unverified-vendors.index\":true,\"marketplace.unverified-vendors.edit\":true,\"marketplace.settings\":true,\"media.index\":true,\"files.index\":true,\"files.create\":true,\"files.edit\":true,\"files.trash\":true,\"files.destroy\":true,\"folders.index\":true,\"folders.create\":true,\"folders.edit\":true,\"folders.trash\":true,\"folders.destroy\":true}','First party chain level in food chain market',0,1,1,'2023-06-14 23:07:18','2023-06-15 00:19:42'),(2,'web-admin','Web Admin','{\"ads.index\":true,\"ads.create\":true,\"ads.edit\":true,\"ads.destroy\":true,\"analytics.general\":true,\"analytics.page\":true,\"analytics.browser\":true,\"analytics.referrer\":true,\"core.appearance\":true,\"menus.index\":true,\"menus.create\":true,\"menus.edit\":true,\"menus.destroy\":true,\"theme.index\":true,\"theme.activate\":true,\"theme.remove\":true,\"theme.options\":true,\"theme.custom-css\":true,\"theme.custom-js\":true,\"theme.custom-html\":true,\"widgets.index\":true,\"backups.index\":true,\"backups.create\":true,\"backups.restore\":true,\"backups.destroy\":true,\"plugins.blog\":true,\"posts.index\":true,\"posts.create\":true,\"posts.edit\":true,\"posts.destroy\":true,\"categories.index\":true,\"categories.create\":true,\"categories.edit\":true,\"categories.destroy\":true,\"tags.index\":true,\"tags.create\":true,\"tags.edit\":true,\"tags.destroy\":true,\"contacts.index\":true,\"contacts.edit\":true,\"contacts.destroy\":true,\"plugins.ecommerce\":true,\"ecommerce.settings\":true,\"ecommerce.report.index\":true,\"products.index\":true,\"products.create\":true,\"products.edit\":true,\"products.destroy\":true,\"product-categories.index\":true,\"product-categories.create\":true,\"product-categories.edit\":true,\"product-categories.destroy\":true,\"product-tag.index\":true,\"product-tag.create\":true,\"product-tag.edit\":true,\"product-tag.destroy\":true,\"brands.index\":true,\"brands.create\":true,\"brands.edit\":true,\"brands.destroy\":true,\"product-collections.index\":true,\"product-collections.create\":true,\"product-collections.edit\":true,\"product-collections.destroy\":true,\"product-attribute-sets.index\":true,\"product-attribute-sets.create\":true,\"product-attribute-sets.edit\":true,\"product-attribute-sets.destroy\":true,\"product-attributes.index\":true,\"product-attributes.create\":true,\"product-attributes.edit\":true,\"product-attributes.destroy\":true,\"tax.index\":true,\"tax.create\":true,\"tax.edit\":true,\"tax.destroy\":true,\"reviews.index\":true,\"reviews.destroy\":true,\"shipping_methods.index\":true,\"ecommerce.shipping-rule-items.index\":true,\"ecommerce.shipping-rule-items.create\":true,\"ecommerce.shipping-rule-items.edit\":true,\"ecommerce.shipping-rule-items.destroy\":true,\"ecommerce.shipping-rule-items.bulk-import\":true,\"ecommerce.shipments.index\":true,\"ecommerce.shipments.create\":true,\"ecommerce.shipments.edit\":true,\"ecommerce.shipments.destroy\":true,\"orders.index\":true,\"orders.create\":true,\"orders.edit\":true,\"orders.destroy\":true,\"discounts.index\":true,\"discounts.create\":true,\"discounts.edit\":true,\"discounts.destroy\":true,\"customers.index\":true,\"customers.create\":true,\"customers.edit\":true,\"customers.destroy\":true,\"flash-sale.index\":true,\"flash-sale.create\":true,\"flash-sale.edit\":true,\"flash-sale.destroy\":true,\"product-label.index\":true,\"product-label.create\":true,\"product-label.edit\":true,\"product-label.destroy\":true,\"ecommerce.bulk-import.index\":true,\"ecommerce.export.products.index\":true,\"order_returns.index\":true,\"order_returns.edit\":true,\"order_returns.destroy\":true,\"global-option.index\":true,\"global-option.create\":true,\"global-option.edit\":true,\"global-option.destroy\":true,\"ecommerce.invoice.index\":true,\"ecommerce.invoice.edit\":true,\"ecommerce.invoice.destroy\":true,\"ecommerce.invoice-template.index\":true,\"plugin.faq\":true,\"faq.index\":true,\"faq.create\":true,\"faq.edit\":true,\"faq.destroy\":true,\"faq_category.index\":true,\"faq_category.create\":true,\"faq_category.edit\":true,\"faq_category.destroy\":true,\"languages.index\":true,\"languages.create\":true,\"languages.edit\":true,\"languages.destroy\":true,\"plugin.location\":true,\"country.index\":true,\"country.create\":true,\"country.edit\":true,\"country.destroy\":true,\"state.index\":true,\"state.create\":true,\"state.edit\":true,\"state.destroy\":true,\"city.index\":true,\"city.create\":true,\"city.edit\":true,\"city.destroy\":true,\"location.bulk-import.index\":true,\"location.export.index\":true,\"marketplace.index\":true,\"marketplace.store.index\":true,\"marketplace.store.create\":true,\"marketplace.store.edit\":true,\"marketplace.store.destroy\":true,\"marketplace.store.view\":true,\"marketplace.store.revenue.create\":true,\"marketplace.withdrawal.index\":true,\"marketplace.withdrawal.edit\":true,\"marketplace.withdrawal.destroy\":true,\"marketplace.vendors.index\":true,\"marketplace.unverified-vendors.index\":true,\"marketplace.unverified-vendors.edit\":true,\"marketplace.settings\":true,\"media.index\":true,\"files.index\":true,\"files.create\":true,\"files.edit\":true,\"files.trash\":true,\"files.destroy\":true,\"folders.index\":true,\"folders.create\":true,\"folders.edit\":true,\"folders.trash\":true,\"folders.destroy\":true,\"newsletter.index\":true,\"newsletter.destroy\":true,\"pages.index\":true,\"pages.create\":true,\"pages.edit\":true,\"pages.destroy\":true,\"payment.index\":true,\"payments.settings\":true,\"payment.destroy\":true,\"simple-slider.index\":true,\"simple-slider.create\":true,\"simple-slider.edit\":true,\"simple-slider.destroy\":true,\"simple-slider-item.index\":true,\"simple-slider-item.create\":true,\"simple-slider-item.edit\":true,\"simple-slider-item.destroy\":true,\"social-login.settings\":true,\"core.system\":true,\"users.index\":true,\"users.create\":true,\"users.edit\":true,\"users.destroy\":true,\"roles.index\":true,\"roles.create\":true,\"roles.edit\":true,\"roles.destroy\":true,\"core.manage.license\":true,\"settings.options\":true,\"settings.email\":true,\"settings.media\":true,\"api.settings\":true,\"plugins.index\":true,\"plugins.edit\":true,\"plugins.remove\":true,\"plugins.marketplace\":true,\"audit-log.index\":true,\"audit-log.destroy\":true,\"plugins.translation\":true,\"translations.locales\":true,\"translations.theme-translations\":true,\"translations.index\":true}','Administrator who having most permission',0,1,1,'2023-06-14 23:08:05','2023-06-15 00:19:42'),(3,'admin','Admin','{\"backups.index\":true,\"backups.create\":true,\"backups.restore\":true,\"backups.destroy\":true,\"plugins.blog\":true,\"posts.index\":true,\"posts.create\":true,\"posts.edit\":true,\"posts.destroy\":true,\"categories.index\":true,\"categories.create\":true,\"categories.edit\":true,\"categories.destroy\":true,\"tags.index\":true,\"tags.create\":true,\"tags.edit\":true,\"tags.destroy\":true,\"contacts.index\":true,\"contacts.edit\":true,\"contacts.destroy\":true,\"plugins.ecommerce\":true,\"ecommerce.settings\":true,\"ecommerce.report.index\":true,\"products.index\":true,\"products.create\":true,\"products.edit\":true,\"products.destroy\":true,\"product-categories.index\":true,\"product-categories.create\":true,\"product-categories.edit\":true,\"product-categories.destroy\":true,\"product-tag.index\":true,\"product-tag.create\":true,\"product-tag.edit\":true,\"product-tag.destroy\":true,\"brands.index\":true,\"brands.create\":true,\"brands.edit\":true,\"brands.destroy\":true,\"product-collections.index\":true,\"product-collections.create\":true,\"product-collections.edit\":true,\"product-collections.destroy\":true,\"product-attribute-sets.index\":true,\"product-attribute-sets.create\":true,\"product-attribute-sets.edit\":true,\"product-attribute-sets.destroy\":true,\"product-attributes.index\":true,\"product-attributes.create\":true,\"product-attributes.edit\":true,\"product-attributes.destroy\":true,\"tax.index\":true,\"tax.create\":true,\"tax.edit\":true,\"tax.destroy\":true,\"reviews.index\":true,\"reviews.destroy\":true,\"shipping_methods.index\":true,\"ecommerce.shipping-rule-items.index\":true,\"ecommerce.shipping-rule-items.create\":true,\"ecommerce.shipping-rule-items.edit\":true,\"ecommerce.shipping-rule-items.destroy\":true,\"ecommerce.shipping-rule-items.bulk-import\":true,\"ecommerce.shipments.index\":true,\"ecommerce.shipments.create\":true,\"ecommerce.shipments.edit\":true,\"ecommerce.shipments.destroy\":true,\"orders.index\":true,\"orders.create\":true,\"orders.edit\":true,\"orders.destroy\":true,\"discounts.index\":true,\"discounts.create\":true,\"discounts.edit\":true,\"discounts.destroy\":true,\"customers.index\":true,\"customers.create\":true,\"customers.edit\":true,\"customers.destroy\":true,\"flash-sale.index\":true,\"flash-sale.create\":true,\"flash-sale.edit\":true,\"flash-sale.destroy\":true,\"product-label.index\":true,\"product-label.create\":true,\"product-label.edit\":true,\"product-label.destroy\":true,\"ecommerce.bulk-import.index\":true,\"ecommerce.export.products.index\":true,\"order_returns.index\":true,\"order_returns.edit\":true,\"order_returns.destroy\":true,\"global-option.index\":true,\"global-option.create\":true,\"global-option.edit\":true,\"global-option.destroy\":true,\"ecommerce.invoice.index\":true,\"ecommerce.invoice.edit\":true,\"ecommerce.invoice.destroy\":true,\"ecommerce.invoice-template.index\":true,\"plugin.faq\":true,\"faq.index\":true,\"faq.create\":true,\"faq.edit\":true,\"faq.destroy\":true,\"faq_category.index\":true,\"faq_category.create\":true,\"faq_category.edit\":true,\"faq_category.destroy\":true,\"languages.index\":true,\"languages.create\":true,\"languages.edit\":true,\"languages.destroy\":true,\"plugin.location\":true,\"country.index\":true,\"country.create\":true,\"country.edit\":true,\"country.destroy\":true,\"state.index\":true,\"state.create\":true,\"state.edit\":true,\"state.destroy\":true,\"city.index\":true,\"city.create\":true,\"city.edit\":true,\"city.destroy\":true,\"location.bulk-import.index\":true,\"location.export.index\":true,\"marketplace.index\":true,\"marketplace.store.index\":true,\"marketplace.store.create\":true,\"marketplace.store.edit\":true,\"marketplace.store.destroy\":true,\"marketplace.store.view\":true,\"marketplace.store.revenue.create\":true,\"marketplace.withdrawal.index\":true,\"marketplace.withdrawal.edit\":true,\"marketplace.withdrawal.destroy\":true,\"marketplace.vendors.index\":true,\"marketplace.unverified-vendors.index\":true,\"marketplace.unverified-vendors.edit\":true,\"marketplace.settings\":true,\"media.index\":true,\"files.index\":true,\"files.create\":true,\"files.edit\":true,\"files.trash\":true,\"files.destroy\":true,\"folders.index\":true,\"folders.create\":true,\"folders.edit\":true,\"folders.trash\":true,\"folders.destroy\":true,\"newsletter.index\":true,\"newsletter.destroy\":true,\"pages.index\":true,\"pages.create\":true,\"pages.edit\":true,\"pages.destroy\":true,\"simple-slider.index\":true,\"simple-slider.create\":true,\"simple-slider.edit\":true,\"simple-slider.destroy\":true,\"simple-slider-item.index\":true,\"simple-slider-item.create\":true,\"simple-slider-item.edit\":true,\"simple-slider-item.destroy\":true,\"social-login.settings\":true,\"core.system\":true,\"settings.options\":true,\"settings.email\":true,\"settings.media\":true,\"audit-log.index\":true,\"plugins.translation\":true,\"translations.locales\":true,\"translations.theme-translations\":true,\"translations.index\":true}','normal admin',1,1,1,'2023-06-15 00:19:42','2023-06-15 00:19:42');
/*!40000 ALTER TABLE `roles` ENABLE KEYS */;
UNLOCK TABLES;

--
-- Table structure for table `settings`
--

DROP TABLE IF EXISTS `settings`;
/*!40101 SET @saved_cs_client     = @@character_set_client */;
/*!50503 SET character_set_client = utf8mb4 */;
CREATE TABLE `settings` (
  `id` bigint unsigned NOT NULL AUTO_INCREMENT,
  `key` varchar(191) CHARACTER SET utf8mb4 COLLATE utf8mb4_unicode_ci NOT NULL,
  `value` text CHARACTER SET utf8mb4 COLLATE utf8mb4_unicode_ci,
  `created_at` timestamp NULL DEFAULT NULL,
  `updated_at` timestamp NULL DEFAULT NULL,
  PRIMARY KEY (`id`),
  UNIQUE KEY `settings_key_unique` (`key`)
) ENGINE=InnoDB AUTO_INCREMENT=240 DEFAULT CHARSET=utf8mb4 COLLATE=utf8mb4_unicode_ci;
/*!40101 SET character_set_client = @saved_cs_client */;

--
-- Dumping data for table `settings`
--

LOCK TABLES `settings` WRITE;
/*!40000 ALTER TABLE `settings` DISABLE KEYS */;
INSERT INTO `settings` VALUES (1,'activated_plugins','[\"language\",\"language-advanced\",\"ads\",\"analytics\",\"audit-log\",\"backup\",\"blog\",\"bottom-bar-menu\",\"captcha\",\"contact\",\"cookie-consent\",\"ecommerce\",\"faq\",\"location\",\"marketplace\",\"newsletter\",\"payment\",\"paypal\",\"paystack\",\"razorpay\",\"shippo\",\"simple-slider\",\"social-login\",\"sslcommerz\",\"stripe\",\"translation\",\"mollie\"]',NULL,'2023-06-15 10:50:59'),(4,'language_hide_default','1',NULL,'2023-06-15 10:50:59'),(5,'language_switcher_display','dropdown',NULL,'2023-06-15 10:50:59'),(6,'language_display','all',NULL,'2023-06-15 10:50:59'),(7,'language_hide_languages','[]',NULL,'2023-06-15 10:50:59'),(8,'ecommerce_store_name','Nest',NULL,'2023-06-15 10:50:59'),(9,'ecommerce_store_phone','18006268',NULL,'2023-06-15 10:50:59'),(10,'ecommerce_store_address','North Link Building, 10 Admiralty Street',NULL,'2023-06-15 10:50:59'),(11,'ecommerce_store_state','Singapore',NULL,'2023-06-15 10:50:59'),(12,'ecommerce_store_city','Singapore',NULL,'2023-06-15 10:50:59'),(13,'ecommerce_store_country','SG',NULL,'2023-06-15 10:50:59'),(14,'media_random_hash','a77f43a8efb2eabb744626b775e8e0a9',NULL,'2023-06-15 10:50:59'),(15,'permalink-botble-blog-models-post','blog',NULL,'2023-06-15 10:50:59'),(16,'permalink-botble-blog-models-category','blog',NULL,'2023-06-15 10:50:59'),(17,'payment_cod_status','1',NULL,'2023-06-15 10:50:59'),(18,'payment_cod_description','Please pay money directly to the postman, if you choose cash on delivery method (COD).',NULL,'2023-06-15 10:50:59'),(19,'payment_bank_transfer_status','1',NULL,'2023-06-15 10:50:59'),(20,'payment_bank_transfer_description','Please send money to our bank account: ACB - 69270 213 19.',NULL,'2023-06-15 10:50:59'),(21,'plugins_ecommerce_customer_new_order_status','0',NULL,'2023-06-15 10:50:59'),(22,'plugins_ecommerce_admin_new_order_status','0',NULL,'2023-06-15 10:50:59'),(23,'ecommerce_load_countries_states_cities_from_location_plugin','0',NULL,'2023-06-15 10:50:59'),(24,'payment_stripe_payment_type','stripe_checkout',NULL,'2023-06-15 10:50:59'),(25,'simple_slider_using_assets','1',NULL,'2023-06-15 10:50:59'),(26,'sale_popup_display_pages','[\"public.index\"]',NULL,'2023-06-15 10:50:59'),(27,'ecommerce_is_enabled_support_digital_products','1',NULL,'2023-06-15 10:50:59'),(28,'theme','nest',NULL,'2023-06-15 10:50:59'),(29,'admin_favicon','general/food-hive-favicon.png',NULL,'2023-06-15 10:50:59'),(30,'admin_logo','general/food-hive-no-back.png',NULL,'2023-06-15 10:50:59'),(31,'theme-nest-site_title','Food Hive',NULL,'2023-06-15 10:50:59'),(32,'theme-nest-seo_description','Food Hive is an attractive Laravel multivendor eCommerce script specially designed for the multipurpose shops like mega store, grocery store, supermarket, organic shop, and online stores selling products like beverages, vegetables, fruits, ice creams, paste, herbs, juice, meat, cold drinks, sausages, cocktails, soft drinks, cookies…',NULL,'2023-06-15 10:50:59'),(33,'theme-nest-copyright','Powered by FoodHive',NULL,'2023-06-15 10:50:59'),(34,'theme-nest-favicon','general/food-hive-favicon.png',NULL,'2023-06-15 10:50:59'),(35,'theme-nest-logo','general/food-hive-no-back.png',NULL,'2023-06-15 10:50:59'),(36,'theme-nest-seo_og_image','general/isometric-bbq-picnic-party-tent-illustration-87771-2457.jpg',NULL,'2023-06-15 10:50:59'),(37,'theme-nest-address','562 Wellington Road, Street 32, Kuala Lumpur',NULL,'2023-06-15 10:50:59'),(38,'theme-nest-hotline','03-8888888',NULL,'2023-06-15 10:50:59'),(39,'theme-nest-phone','+01 2222 365 /(+91) 01 2345 6789',NULL,'2023-06-15 10:50:59'),(40,'theme-nest-working_hours','6:00 - 23:59, Mon - Sun',NULL,'2023-06-15 10:50:59'),(41,'theme-nest-homepage_id','1',NULL,'2023-06-15 10:50:59'),(42,'theme-nest-blog_page_id','5',NULL,'2023-06-15 10:50:59'),(43,'theme-nest-cookie_consent_message','Your experience on this site will be improved by allowing cookies',NULL,'2023-06-15 10:50:59'),(44,'theme-nest-cookie_consent_learn_more_url','https://nest.test/cookie-policy',NULL,'2023-06-15 10:50:59'),(45,'theme-nest-cookie_consent_learn_more_text','Cookie Policy',NULL,'2023-06-15 10:50:59'),(46,'theme-nest-payment_methods','general/payment-methods.png',NULL,'2023-06-15 10:50:59'),(47,'theme-nest-number_of_cross_sale_product','4',NULL,'2023-06-15 10:50:59'),(48,'theme-nest-mobile-header-message','<span>Grand opening, <strong>up to 15%</strong> off all items. Only <strong>3 days</strong> left</span>',NULL,'2023-06-15 10:50:59'),(49,'theme-nest-blog_page_background','general/header-bg.png',NULL,'2023-06-15 10:50:59'),(50,'theme-nest-blog_page_icon','stores/cute-shopping-icons-23-2147522882.png',NULL,'2023-06-15 10:50:59'),(51,'theme-nest-image_in_login_page','stores/farmers-market-concept-illustration-vector-1.jpg',NULL,'2023-06-15 10:50:59'),(52,'theme-nest-number_of_products_per_page','12',NULL,'2023-06-15 10:50:59'),(53,'theme-nest-preloader_enabled','yes',NULL,'2023-06-15 10:50:59'),(54,'theme-nest-preloader_version','v2',NULL,'2023-06-15 10:50:59'),(55,'theme-nest-preloader_image','general/bee-fly-honey-bug-flat-color-icon-icon-banner-template-free-vector.jpg',NULL,'2023-06-15 10:50:59'),(56,'theme-nest-social_links','[[{\"key\":\"social-name\",\"value\":\"Facebook\"},{\"key\":\"social-icon\",\"value\":\"general\\/facebook.png\"},{\"key\":\"social-url\",\"value\":\"https:\\/\\/www.facebook.com\\/\"}],[{\"key\":\"social-name\",\"value\":\"Twitter\"},{\"key\":\"social-icon\",\"value\":\"general\\/twitter.png\"},{\"key\":\"social-url\",\"value\":\"https:\\/\\/www.twitter.com\\/\"}],[{\"key\":\"social-name\",\"value\":\"Instagram\"},{\"key\":\"social-icon\",\"value\":\"general\\/instagram.png\"},{\"key\":\"social-url\",\"value\":\"https:\\/\\/www.instagram.com\\/\"}],[{\"key\":\"social-name\",\"value\":\"Pinterest\"},{\"key\":\"social-icon\",\"value\":\"general\\/pinterest.png\"},{\"key\":\"social-url\",\"value\":\"https:\\/\\/www.pinterest.com\\/\"}],[{\"key\":\"social-name\",\"value\":\"Youtube\"},{\"key\":\"social-icon\",\"value\":\"general\\/youtube.png\"},{\"key\":\"social-url\",\"value\":\"https:\\/\\/www.youtube.com\\/\"}]]',NULL,'2023-06-15 10:50:59'),(57,'theme-nest-header_messages','[[{\"key\":\"icon\",\"value\":\"fi-rs-bell\"},{\"key\":\"message\",\"value\":\"<b class=\\\"text-success\\\"> Trendy 25<\\/b> silver jewelry, save up 35% off today\"},{\"key\":\"link\",\"value\":\"\\/products\"},{\"key\":\"link_text\",\"value\":\"Shop now\"}],[{\"key\":\"icon\",\"value\":\"fi-rs-interactive\"},{\"key\":\"message\",\"value\":\"<b class=\\\"text-danger\\\">Super Value Deals<\\/b> - Save more with coupons\"},{\"key\":\"link\",\"value\":\"\\/products\"},{\"key\":\"link_text\",\"value\":null}],[{\"key\":\"icon\",\"value\":\"fi-rs-angle-double-right\"},{\"key\":\"message\",\"value\":\"Get great devices up to 50% off\"},{\"key\":\"link\",\"value\":\"\\/products\"},{\"key\":\"link_text\",\"value\":\"View details\"}]]',NULL,'2023-06-15 10:50:59'),(58,'theme-nest-contact_info_boxes','[[{\"key\":\"name\",\"value\":\"Head Office\"},{\"key\":\"address\",\"value\":\"123, Jalan Klang Lama, Sesame Street\"},{\"key\":\"phone\",\"value\":\"(+01) 234 56789\"},{\"key\":\"email\",\"value\":\"office@example.com\"}],[{\"key\":\"name\",\"value\":null},{\"key\":\"address\",\"value\":null},{\"key\":\"phone\",\"value\":null},{\"key\":\"email\",\"value\":null}]]',NULL,'2023-06-15 10:50:59'),(59,'theme-nest-vi-font_text','Roboto Condensed',NULL,'2023-06-15 10:50:59'),(60,'theme-nest-vi-copyright','Bản quyền © 2021 Nest tất cả quyền đã được bảo hộ. Phát triển bởi Botble.',NULL,'2023-06-15 10:50:59'),(61,'theme-nest-vi-working_hours','10:00 - 18:00, Thứ Hai - Thứ Bảy',NULL,'2023-06-15 10:50:59'),(62,'theme-nest-vi-cookie_consent_message','Trải nghiệm của bạn trên trang web này sẽ được cải thiện bằng cách cho phép cookie ',NULL,'2023-06-15 10:50:59'),(63,'theme-nest-vi-cookie_consent_learn_more_url','https://nest.test/cookie-policy',NULL,'2023-06-15 10:50:59'),(64,'theme-nest-vi-cookie_consent_learn_more_text','Chính sách cookie',NULL,'2023-06-15 10:50:59'),(65,'theme-nest-vi-homepage_id','1',NULL,'2023-06-15 10:50:59'),(66,'theme-nest-vi-blog_page_id','5',NULL,'2023-06-15 10:50:59'),(67,'theme-nest-vi-header_messages','[[{\"key\":\"icon\",\"value\":\"fi-rs-bell\"},{\"key\":\"message\",\"value\":\"<b class=\\\"text-success\\\">Trang s\\u1ee9c b\\u1ea1c 25 <\\/b> th\\u1eddi th\\u01b0\\u1ee3ng, ti\\u1ebft ki\\u1ec7m \\u0111\\u1ebfn 35%\"},{\"key\":\"link\",\"value\":\"\\/products\"},{\"key\":\"link_text\",\"value\":\"Mua ngay\"}],[{\"key\":\"icon\",\"value\":\"fi-rs-asterisk\"},{\"key\":\"message\",\"value\":\"<b class=\\\"text-danger\\\">\\u01afu \\u0111\\u00e3i si\\u00eau gi\\u00e1 tr\\u1ecb <\\/b> - Ti\\u1ebft ki\\u1ec7m h\\u01a1n v\\u1edbi phi\\u1ebfu th\\u01b0\\u1edfng\"},{\"key\":\"link\",\"value\":null},{\"key\":\"link_text\",\"value\":null}],[{\"key\":\"icon\",\"value\":\"fi-rs-angle-double-right\"},{\"key\":\"message\",\"value\":\"Nh\\u1eadn c\\u00e1c s\\u1ea3n ph\\u1ea9m tuy\\u1ec7t v\\u1eddi gi\\u1ea3m gi\\u00e1 t\\u1edbi 50%\"},{\"key\":\"link\",\"value\":\"\\/products\"},{\"key\":\"link_text\",\"value\":\"Xem chi ti\\u1ebft\"}]]',NULL,'2023-06-15 10:50:59'),(68,'theme-nest-vi-contact_info_boxes','[[{\"key\":\"name\",\"value\":\"Tr\\u1ee5 s\\u1edf ch\\u00ednh\"},{\"key\":\"address\",\"value\":\"205 North Michigan Avenue, Suite 810, Chicago, 60601, USA\"},{\"key\":\"phone\",\"value\":\"(+01) 234 567\"},{\"key\":\"email\",\"value\":\"office@botble.com\"}],[{\"key\":\"name\",\"value\":\"Gian h\\u00e0ng tr\\u01b0ng b\\u00e0y\"},{\"key\":\"address\",\"value\":\"205 North Michigan Avenue, Suite 810, Chicago, 60601, USA\"},{\"key\":\"phone\",\"value\":\"(+01) 234 567\"},{\"key\":\"email\",\"value\":\"studio@botble.com\"}],[{\"key\":\"name\",\"value\":\"C\\u1eeda h\\u00e0ng\"},{\"key\":\"address\",\"value\":\"205 North Michigan Avenue, Suite 810, Chicago, 60601, USA\"},{\"key\":\"phone\",\"value\":\"(+01) 234 567\"},{\"key\":\"email\",\"value\":\"shop@botble.com\"}]]',NULL,'2023-06-15 10:50:59'),(69,'admin_email','[\"david.lee@wilstech.com\"]',NULL,'2023-06-15 10:50:59'),(70,'time_zone','Asia/Kuala_Lumpur',NULL,'2023-06-15 10:50:59'),(71,'locale_direction','ltr',NULL,'2023-06-15 10:50:59'),(72,'enable_send_error_reporting_via_email','0',NULL,'2023-06-15 10:50:59'),(73,'login_screen_backgrounds','{\"1\":\"general\\/farmers-growing-organic-vegetables-people-shopping-with-eco-friendly-bags-vector-isometric-illustrat-453374-378-1.jpg\"}',NULL,'2023-06-15 10:50:59'),(74,'admin_title','Food Hive Admin Panel',NULL,'2023-06-15 10:50:59'),(75,'rich_editor','ckeditor',NULL,'2023-06-15 10:50:59'),(76,'enable_change_admin_theme','1',NULL,'2023-06-15 10:50:59'),(77,'enable_cache','1',NULL,'2023-06-15 10:50:59'),(78,'cache_time','10',NULL,'2023-06-15 10:50:59'),(79,'disable_cache_in_the_admin_panel','0',NULL,'2023-06-15 10:50:59'),(80,'cache_admin_menu_enable','1',NULL,'2023-06-15 10:50:59'),(81,'optimize_page_speed_enable','1',NULL,'2023-06-15 10:50:59'),(82,'optimize_collapse_white_space','1',NULL,'2023-06-15 10:50:59'),(83,'optimize_elide_attributes','1',NULL,'2023-06-15 10:50:59'),(84,'optimize_inline_css','1',NULL,'2023-06-15 10:50:59'),(85,'optimize_insert_dns_prefetch','0',NULL,'2023-06-15 10:50:59'),(86,'optimize_remove_comments','1',NULL,'2023-06-15 10:50:59'),(87,'optimize_remove_quotes','0',NULL,'2023-06-15 10:50:59'),(88,'optimize_defer_javascript','0',NULL,'2023-06-15 10:50:59'),(89,'enable_cache_site_map','1',NULL,'2023-06-15 10:50:59'),(90,'cache_time_site_map','60',NULL,'2023-06-15 10:50:59'),(91,'show_admin_bar','1',NULL,'2023-06-15 10:50:59'),(92,'redirect_404_to_homepage','0',NULL,'2023-06-15 10:50:59'),(93,'enable_faq_schema','1',NULL,'2023-06-15 10:50:59'),(94,'blacklist_keywords','',NULL,'2023-06-15 10:50:59'),(95,'blacklist_email_domains','',NULL,'2023-06-15 10:50:59'),(96,'enable_math_captcha_for_contact_form','0',NULL,'2023-06-15 10:50:59'),(97,'google_analytics','',NULL,'2023-06-15 10:50:59'),(98,'analytics_type','ua',NULL,'2023-06-15 10:50:59'),(99,'analytics_view_id','',NULL,'2023-06-15 10:50:59'),(100,'analytics_property_id','',NULL,'2023-06-15 10:50:59'),(101,'analytics_service_account_credentials','',NULL,'2023-06-15 10:50:59'),(102,'blog_post_schema_enabled','1',NULL,'2023-06-15 10:50:59'),(103,'blog_post_schema_type','Article',NULL,'2023-06-15 10:50:59'),(104,'enable_newsletter_contacts_list_api','0',NULL,'2023-06-15 10:50:59'),(105,'newsletter_mailchimp_api_key','',NULL,'2023-06-15 10:50:59'),(106,'newsletter_mailchimp_list_id','',NULL,'2023-06-15 10:50:59'),(107,'newsletter_sendgrid_api_key','',NULL,'2023-06-15 10:50:59'),(108,'newsletter_sendgrid_list_id','',NULL,'2023-06-15 10:50:59'),(109,'enable_captcha','0',NULL,'2023-06-15 10:50:59'),(110,'captcha_type','v2',NULL,'2023-06-15 10:50:59'),(111,'captcha_hide_badge','0',NULL,'2023-06-15 10:50:59'),(112,'captcha_site_key','',NULL,'2023-06-15 10:50:59'),(113,'captcha_secret','',NULL,'2023-06-15 10:50:59'),(114,'locale','en',NULL,'2023-06-15 10:50:59'),(115,'default_admin_theme','default',NULL,'2023-06-15 10:50:59'),(116,'admin_locale_direction','ltr',NULL,'2023-06-15 10:50:59'),(117,'default_payment_method','bank_transfer',NULL,'2023-06-15 10:50:59'),(118,'marketplace_fee_per_order','3',NULL,'2023-06-15 10:50:59'),(119,'marketplace_enable_commission_fee_for_each_category','0',NULL,'2023-06-15 10:50:59'),(120,'marketplace_fee_withdrawal','50',NULL,'2023-06-15 10:50:59'),(121,'marketplace_check_valid_signature','1',NULL,'2023-06-15 10:50:59'),(122,'marketplace_verify_vendor','1',NULL,'2023-06-15 10:50:59'),(123,'marketplace_enable_product_approval','1',NULL,'2023-06-15 10:50:59'),(124,'marketplace_hide_store_phone_number','1',NULL,'2023-06-15 10:50:59'),(125,'marketplace_hide_store_email','0',NULL,'2023-06-15 10:50:59'),(126,'marketplace_allow_vendor_manage_shipping','1',NULL,'2023-06-15 10:50:59'),(132,'ecommerce_store_weight_unit','g',NULL,'2023-06-15 10:50:59'),(133,'ecommerce_store_width_height_unit','cm',NULL,'2023-06-15 10:50:59'),(134,'ecommerce_enable_auto_detect_visitor_currency','0',NULL,'2023-06-15 10:50:59'),(135,'ecommerce_add_space_between_price_and_currency','1',NULL,'2023-06-15 10:50:59'),(136,'ecommerce_thousands_separator',',',NULL,'2023-06-15 10:50:59'),(137,'ecommerce_decimal_separator','.',NULL,'2023-06-15 10:50:59'),(138,'ecommerce_currencies_is_default','0',NULL,'2023-06-15 10:50:59'),(139,'ecommerce_shopping_cart_enabled','1',NULL,'2023-06-15 10:50:59'),(140,'ecommerce_wishlist_enabled','1',NULL,'2023-06-15 10:50:59'),(141,'ecommerce_compare_enabled','1',NULL,'2023-06-15 10:50:59'),(142,'ecommerce_ecommerce_tax_enabled','1',NULL,'2023-06-15 10:50:59'),(143,'ecommerce_default_tax_rate','2',NULL,'2023-06-15 10:50:59'),(144,'ecommerce_display_product_price_including_taxes','1',NULL,'2023-06-15 10:50:59'),(145,'ecommerce_order_tracking_enabled','1',NULL,'2023-06-15 10:50:59'),(146,'ecommerce_order_auto_confirmed','0',NULL,'2023-06-15 10:50:59'),(147,'ecommerce_review_enabled','1',NULL,'2023-06-15 10:50:59'),(148,'ecommerce_review_max_file_size','2',NULL,'2023-06-15 10:50:59'),(149,'ecommerce_review_max_file_number','6',NULL,'2023-06-15 10:50:59'),(150,'ecommerce_only_allow_customers_purchased_to_review','0',NULL,'2023-06-15 10:50:59'),(151,'ecommerce_enable_quick_buy_button','1',NULL,'2023-06-15 10:50:59'),(152,'ecommerce_quick_buy_target_page','checkout',NULL,'2023-06-15 10:50:59'),(153,'ecommerce_zip_code_enabled','1',NULL,'2023-06-15 10:50:59'),(154,'ecommerce_billing_address_enabled','1',NULL,'2023-06-15 10:50:59'),(155,'ecommerce_verify_customer_email','0',NULL,'2023-06-15 10:50:59'),(156,'ecommerce_enable_recaptcha_in_register_page','0',NULL,'2023-06-15 10:50:59'),(157,'ecommerce_enable_guest_checkout','1',NULL,'2023-06-15 10:50:59'),(158,'ecommerce_how_to_display_product_variation_images','only_variation_images',NULL,'2023-06-15 10:50:59'),(159,'ecommerce_show_number_of_products','1',NULL,'2023-06-15 10:50:59'),(160,'ecommerce_show_out_of_stock_products','1',NULL,'2023-06-15 10:50:59'),(161,'ecommerce_minimum_order_amount','0',NULL,'2023-06-15 10:50:59'),(162,'ecommerce_make_phone_field_at_the_checkout_optional','0',NULL,'2023-06-15 10:50:59'),(163,'ecommerce_enable_customer_recently_viewed_products','1',NULL,'2023-06-15 10:50:59'),(164,'ecommerce_max_customer_recently_viewed_products','24',NULL,'2023-06-15 10:50:59'),(165,'ecommerce_hide_other_shipping_options_if_it_has_free_shipping','1',NULL,'2023-06-15 10:50:59'),(166,'ecommerce_company_name_for_invoicing','Food Hive',NULL,'2023-06-15 10:50:59'),(167,'ecommerce_company_address_for_invoicing','North Link Building, 10 Admiralty Street, Kuala Lumpur',NULL,'2023-06-15 10:50:59'),(169,'ecommerce_company_phone_for_invoicing','18006268',NULL,'2023-06-15 10:50:59'),(171,'ecommerce_company_logo_for_invoicing','general/food-hive-no-back.png',NULL,'2023-06-15 10:50:59'),(172,'ecommerce_using_custom_font_for_invoice','0',NULL,'2023-06-15 10:50:59'),(174,'ecommerce_invoice_support_arabic_language','0',NULL,'2023-06-15 10:50:59'),(175,'ecommerce_enable_invoice_stamp','1',NULL,'2023-06-15 10:50:59'),(176,'ecommerce_invoice_code_prefix','INV-',NULL,'2023-06-15 10:50:59'),(177,'ecommerce_disable_order_invoice_until_order_confirmed','0',NULL,'2023-06-15 10:50:59'),(178,'ecommerce_search_for_an_exact_phrase','0',NULL,'2023-06-15 10:50:59'),(179,'ecommerce_search_products_by.0','name',NULL,'2023-06-15 10:50:59'),(180,'ecommerce_search_products_by.1','sku',NULL,'2023-06-15 10:50:59'),(181,'ecommerce_search_products_by.2','description',NULL,'2023-06-15 10:50:59'),(182,'ecommerce_search_products_by.3','brand',NULL,'2023-06-15 10:50:59'),(183,'ecommerce_search_products_by.4','tag',NULL,'2023-06-15 10:50:59'),(185,'ecommerce_can_custom_return_product_quantity','0',NULL,'2023-06-15 10:50:59'),(187,'ecommerce_allow_guest_checkout_for_digital_products','1',NULL,'2023-06-15 10:50:59'),(188,'ecommerce_available_countries','[\"MY\"]',NULL,'2023-06-15 10:50:59'),(189,'theme-nest-show_site_name','1',NULL,'2023-06-15 10:50:59'),(190,'theme-nest-seo_title','',NULL,'2023-06-15 10:50:59'),(191,'theme-nest-animation_enabled','yes',NULL,'2023-06-15 10:50:59'),(192,'theme-nest-enabled_browse_categories_on_header','yes',NULL,'2023-06-15 10:50:59'),(193,'theme-nest-enabled_sticky_header','yes',NULL,'2023-06-15 10:50:59'),(194,'theme-nest-facebook_chat_enabled','no',NULL,'2023-06-15 10:50:59'),(195,'theme-nest-facebook_page_id','',NULL,'2023-06-15 10:50:59'),(196,'theme-nest-facebook_comment_enabled_in_post','no',NULL,'2023-06-15 10:50:59'),(197,'theme-nest-facebook_app_id','',NULL,'2023-06-15 10:50:59'),(198,'theme-nest-facebook_admins','[[{\"key\":\"text\",\"value\":null}]]',NULL,'2023-06-15 10:50:59'),(199,'theme-nest-facebook_comment_enabled_in_product','no',NULL,'2023-06-15 10:50:59'),(200,'theme-nest-font_text','Lato',NULL,'2023-06-15 10:50:59'),(201,'theme-nest-font_heading','Lato',NULL,'2023-06-15 10:50:59'),(202,'theme-nest-header_style','',NULL,'2023-06-15 10:50:59'),(203,'theme-nest-color_brand','#3BB77E',NULL,'2023-06-15 10:50:59'),(204,'theme-nest-color_brand_dark','#29A56C',NULL,'2023-06-15 10:50:59'),(205,'theme-nest-color_brand_2','#FFD784',NULL,'2023-06-15 10:50:59'),(206,'theme-nest-color_primary','#FF799B',NULL,'2023-06-15 10:50:59'),(207,'theme-nest-color_secondary','#C098FF',NULL,'2023-06-15 10:50:59'),(208,'theme-nest-color_warning','#FFC267',NULL,'2023-06-15 10:50:59'),(209,'theme-nest-color_danger','#EE8484',NULL,'2023-06-15 10:50:59'),(210,'theme-nest-color_success','#C2F57A',NULL,'2023-06-15 10:50:59'),(211,'theme-nest-color_info','#63AF82',NULL,'2023-06-15 10:50:59'),(212,'theme-nest-color_text','#7E7E7E',NULL,'2023-06-15 10:50:59'),(213,'theme-nest-color_heading','#253D4E',NULL,'2023-06-15 10:50:59'),(214,'theme-nest-color_grey_1','#253D4E',NULL,'2023-06-15 10:50:59'),(215,'theme-nest-color_grey_2','#242424',NULL,'2023-06-15 10:50:59'),(216,'theme-nest-color_grey_4','#ADADAD',NULL,'2023-06-15 10:50:59'),(217,'theme-nest-color_grey_9','#F4F5F9',NULL,'2023-06-15 10:50:59'),(218,'theme-nest-color_muted','#B6B6B6',NULL,'2023-06-15 10:50:59'),(219,'theme-nest-color_body','#7E7E7E',NULL,'2023-06-15 10:50:59'),(221,'theme-nest-blog_single_layout','',NULL,'2023-06-15 10:50:59'),(222,'theme-nest-number_of_posts_in_a_category','12',NULL,'2023-06-15 10:50:59'),(223,'theme-nest-number_of_posts_in_a_tag','12',NULL,'2023-06-15 10:50:59'),(224,'theme-nest-product_single_layout','product-right-sidebar',NULL,'2023-06-15 10:50:59'),(225,'theme-nest-product_list_layout','product-full-width',NULL,'2023-06-15 10:50:59'),(226,'theme-nest-max_filter_price','100000',NULL,'2023-06-15 10:50:59'),(228,'theme-nest-cookie_consent_enable','yes',NULL,'2023-06-15 10:50:59'),(229,'theme-nest-cookie_consent_style','full-width',NULL,'2023-06-15 10:50:59'),(230,'theme-nest-cookie_consent_button_text','Allow cookies',NULL,'2023-06-15 10:50:59'),(231,'theme-nest-cookie_consent_background_color','#000000',NULL,'2023-06-15 10:50:59'),(232,'theme-nest-cookie_consent_text_color','#FFFFFF',NULL,'2023-06-15 10:50:59'),(233,'theme-nest-cookie_consent_max_width','1170',NULL,'2023-06-15 10:50:59'),(236,'theme-nest-logo_vendor_dashboard','general/food-hive-favicon.png',NULL,'2023-06-15 10:50:59'),(239,'theme-nest-logo_in_the_checkout_page','general/food-hive-no-back.png',NULL,'2023-06-15 10:50:59');
/*!40000 ALTER TABLE `settings` ENABLE KEYS */;
UNLOCK TABLES;

--
-- Table structure for table `simple_slider_items`
--

DROP TABLE IF EXISTS `simple_slider_items`;
/*!40101 SET @saved_cs_client     = @@character_set_client */;
/*!50503 SET character_set_client = utf8mb4 */;
CREATE TABLE `simple_slider_items` (
  `id` bigint unsigned NOT NULL AUTO_INCREMENT,
  `simple_slider_id` bigint unsigned NOT NULL,
  `title` varchar(255) CHARACTER SET utf8mb4 COLLATE utf8mb4_unicode_ci DEFAULT NULL,
  `image` varchar(255) CHARACTER SET utf8mb4 COLLATE utf8mb4_unicode_ci NOT NULL,
  `link` varchar(255) CHARACTER SET utf8mb4 COLLATE utf8mb4_unicode_ci DEFAULT NULL,
  `description` text CHARACTER SET utf8mb4 COLLATE utf8mb4_unicode_ci,
  `order` int unsigned NOT NULL DEFAULT '0',
  `created_at` timestamp NULL DEFAULT NULL,
  `updated_at` timestamp NULL DEFAULT NULL,
  PRIMARY KEY (`id`)
) ENGINE=InnoDB AUTO_INCREMENT=35 DEFAULT CHARSET=utf8mb4 COLLATE=utf8mb4_unicode_ci;
/*!40101 SET character_set_client = @saved_cs_client */;

--
-- Dumping data for table `simple_slider_items`
--

LOCK TABLES `simple_slider_items` WRITE;
/*!40000 ALTER TABLE `simple_slider_items` DISABLE KEYS */;
INSERT INTO `simple_slider_items` VALUES (1,1,'Don’t miss amazing<br /> grocery deals','sliders/1-1-1.png','/products','Sign up for the daily newsletter',1,'2023-03-05 23:42:59','2023-06-15 08:36:07'),(2,1,'Fresh Vegetables<br />										Big discount','sliders/1-2-1.png','/products','Save up to 50% off on your first order',2,'2023-03-05 23:42:59','2023-06-15 08:36:30'),(3,2,'Don’t miss amazing<br /> grocery deals','sliders/2-1.png','/products','Sign up for the daily newsletter',1,'2023-03-05 23:42:59','2023-03-05 23:42:59'),(4,2,'Fresh Vegetables<br />\n										Big discount','sliders/2-2.png','/products','Save up to 50% off on your first order',2,'2023-03-05 23:42:59','2023-03-05 23:42:59'),(5,3,'Don’t miss amazing<br /> grocery deals','sliders/3-1.png','/products','Sign up for the daily newsletter',1,'2023-03-05 23:42:59','2023-03-05 23:42:59'),(6,3,'Fresh Vegetables<br />\n										Big discount','sliders/3-2.png','/products','Save up to 50% off on your first order',2,'2023-03-05 23:42:59','2023-03-05 23:42:59'),(7,4,'Don’t miss amazing<br /> grocery deals','sliders/4-1.png','/products','Sign up for the daily newsletter',1,'2023-03-05 23:42:59','2023-03-05 23:42:59'),(8,4,'Fresh Vegetables<br />\n										Big discount','sliders/4-2.png','/products','Save up to 50% off on your first order',2,'2023-03-05 23:42:59','2023-03-05 23:42:59'),(9,5,'Don’t miss amazing<br /> grocery deals','sliders/5-1.png','/products','Sign up for the daily newsletter',1,'2023-03-05 23:42:59','2023-03-05 23:42:59'),(10,5,'Fresh Vegetables<br />\n										Big discount','sliders/5-2.png','/products','Save up to 50% off on your first order',2,'2023-03-05 23:42:59','2023-03-05 23:42:59'),(11,6,'Don’t miss amazing<br /> grocery deals','sliders/6-1.png','/products','Sign up for the daily newsletter',1,'2023-03-05 23:42:59','2023-03-05 23:42:59'),(12,7,NULL,'sliders/thumbnail-1.jpg',NULL,NULL,1,'2023-03-05 23:42:59','2023-03-05 23:42:59'),(13,7,NULL,'sliders/thumbnail-2.jpg',NULL,NULL,2,'2023-03-05 23:42:59','2023-03-05 23:42:59'),(14,7,NULL,'sliders/thumbnail-3.jpg',NULL,NULL,3,'2023-03-05 23:42:59','2023-03-05 23:42:59'),(15,7,NULL,'sliders/thumbnail-4.jpg',NULL,NULL,4,'2023-03-05 23:42:59','2023-03-05 23:42:59'),(16,7,NULL,'sliders/thumbnail-5.jpg',NULL,NULL,5,'2023-03-05 23:42:59','2023-03-05 23:42:59'),(17,7,NULL,'sliders/thumbnail-6.jpg',NULL,NULL,6,'2023-03-05 23:42:59','2023-03-05 23:42:59'),(18,8,'Đừng bỏ lỡ <br /> tuyệt vời giao dịch hàng tạp hóa','sliders/1-1.png','/products','Tiết kiệm hơn với mã giảm giá 70%',1,'2023-03-05 23:42:59','2023-03-05 23:42:59'),(19,8,'Rau tươi <br />Giảm giá lớn','sliders/1-2.png','/products','Tiết kiệm đến 50% cho đơn đặt hàng đầu tiên của bạn',2,'2023-03-05 23:42:59','2023-03-05 23:42:59'),(20,9,'Đừng bỏ lỡ <br /> tuyệt vời giao dịch hàng tạp hóa','sliders/2-1.png','/products','Tiết kiệm hơn với mã giảm giá 70%',1,'2023-03-05 23:42:59','2023-03-05 23:42:59'),(21,9,'Rau tươi <br />Giảm giá lớn','sliders/2-2.png','/products','Tiết kiệm đến 50% cho đơn đặt hàng đầu tiên của bạn',2,'2023-03-05 23:42:59','2023-03-05 23:42:59'),(22,10,'Đừng bỏ lỡ <br /> tuyệt vời giao dịch hàng tạp hóa','sliders/3-1.png','/products','Tiết kiệm hơn với mã giảm giá 70%',1,'2023-03-05 23:42:59','2023-03-05 23:42:59'),(23,10,'Rau tươi <br />Giảm giá lớn','sliders/3-2.png','/products','Tiết kiệm đến 50% cho đơn đặt hàng đầu tiên của bạn',2,'2023-03-05 23:42:59','2023-03-05 23:42:59'),(24,11,'Đừng bỏ lỡ <br /> tuyệt vời giao dịch hàng tạp hóa','sliders/4-1.png','/products','Tiết kiệm hơn với mã giảm giá 70%',1,'2023-03-05 23:42:59','2023-03-05 23:42:59'),(25,11,'Rau tươi <br />Giảm giá lớn','sliders/4-2.png','/products','Tiết kiệm đến 50% cho đơn đặt hàng đầu tiên của bạn',2,'2023-03-05 23:42:59','2023-03-05 23:42:59'),(26,12,'Đừng bỏ lỡ <br /> tuyệt vời giao dịch hàng tạp hóa','sliders/5-1.png','/products','Tiết kiệm hơn với mã giảm giá 70%',1,'2023-03-05 23:42:59','2023-03-05 23:42:59'),(27,12,'Rau tươi <br />Giảm giá lớn','sliders/5-2.png','/products','Tiết kiệm đến 50% cho đơn đặt hàng đầu tiên của bạn',2,'2023-03-05 23:42:59','2023-03-05 23:42:59'),(28,13,'Đừng bỏ lỡ <br /> tuyệt vời giao dịch hàng tạp hóa','sliders/6-1.png','/products','Tiết kiệm hơn với mã giảm giá 70%',1,'2023-03-05 23:42:59','2023-03-05 23:42:59'),(29,14,NULL,'sliders/thumbnail-1.jpg',NULL,NULL,1,'2023-03-05 23:42:59','2023-03-05 23:42:59'),(30,14,NULL,'sliders/thumbnail-2.jpg',NULL,NULL,2,'2023-03-05 23:42:59','2023-03-05 23:42:59'),(31,14,NULL,'sliders/thumbnail-3.jpg',NULL,NULL,3,'2023-03-05 23:42:59','2023-03-05 23:42:59'),(32,14,NULL,'sliders/thumbnail-4.jpg',NULL,NULL,4,'2023-03-05 23:42:59','2023-03-05 23:42:59'),(33,14,NULL,'sliders/thumbnail-5.jpg',NULL,NULL,5,'2023-03-05 23:42:59','2023-03-05 23:42:59'),(34,14,NULL,'sliders/thumbnail-6.jpg',NULL,NULL,6,'2023-03-05 23:42:59','2023-03-05 23:42:59');
/*!40000 ALTER TABLE `simple_slider_items` ENABLE KEYS */;
UNLOCK TABLES;

--
-- Table structure for table `simple_sliders`
--

DROP TABLE IF EXISTS `simple_sliders`;
/*!40101 SET @saved_cs_client     = @@character_set_client */;
/*!50503 SET character_set_client = utf8mb4 */;
CREATE TABLE `simple_sliders` (
  `id` bigint unsigned NOT NULL AUTO_INCREMENT,
  `name` varchar(120) CHARACTER SET utf8mb4 COLLATE utf8mb4_unicode_ci NOT NULL,
  `key` varchar(120) CHARACTER SET utf8mb4 COLLATE utf8mb4_unicode_ci NOT NULL,
  `description` varchar(255) CHARACTER SET utf8mb4 COLLATE utf8mb4_unicode_ci DEFAULT NULL,
  `status` varchar(60) CHARACTER SET utf8mb4 COLLATE utf8mb4_unicode_ci NOT NULL DEFAULT 'published',
  `created_at` timestamp NULL DEFAULT NULL,
  `updated_at` timestamp NULL DEFAULT NULL,
  PRIMARY KEY (`id`)
) ENGINE=InnoDB AUTO_INCREMENT=15 DEFAULT CHARSET=utf8mb4 COLLATE=utf8mb4_unicode_ci;
/*!40101 SET character_set_client = @saved_cs_client */;

--
-- Dumping data for table `simple_sliders`
--

LOCK TABLES `simple_sliders` WRITE;
/*!40000 ALTER TABLE `simple_sliders` DISABLE KEYS */;
INSERT INTO `simple_sliders` VALUES (1,'Home slider 1','home-slider-1','','published','2023-03-05 23:42:59','2023-06-15 08:36:51'),(2,'Home slider 2','home-slider-2',NULL,'published','2023-03-05 23:42:59','2023-03-05 23:42:59'),(3,'Home slider 3','home-slider-3',NULL,'published','2023-03-05 23:42:59','2023-03-05 23:42:59'),(4,'Home slider 4','home-slider-4',NULL,'published','2023-03-05 23:42:59','2023-03-05 23:42:59'),(5,'Home slider 5','home-slider-5',NULL,'published','2023-03-05 23:42:59','2023-03-05 23:42:59'),(6,'Home slider 6','home-slider-6',NULL,'published','2023-03-05 23:42:59','2023-03-05 23:42:59'),(7,'Blog slider 1','blog-slider-1',NULL,'published','2023-03-05 23:42:59','2023-03-05 23:42:59'),(8,'Slider trang chủ 1','slider-trang-chu-1',NULL,'published','2023-03-05 23:42:59','2023-03-05 23:42:59'),(9,'Slider trang chủ 2','slider-trang-chu-2',NULL,'published','2023-03-05 23:42:59','2023-03-05 23:42:59'),(10,'Slider trang chủ 3','slider-trang-chu-3',NULL,'published','2023-03-05 23:42:59','2023-03-05 23:42:59'),(11,'Slider trang chủ 4','slider-trang-chu-4',NULL,'published','2023-03-05 23:42:59','2023-03-05 23:42:59'),(12,'Slider trang chủ 5','slider-trang-chu-5',NULL,'published','2023-03-05 23:42:59','2023-03-05 23:42:59'),(13,'Slider trang chủ 6','slider-trang-chu-6',NULL,'published','2023-03-05 23:42:59','2023-03-05 23:42:59'),(14,'Slider blog 1','slider-blog-1',NULL,'published','2023-03-05 23:42:59','2023-03-05 23:42:59');
/*!40000 ALTER TABLE `simple_sliders` ENABLE KEYS */;
UNLOCK TABLES;

--
-- Table structure for table `slugs`
--

DROP TABLE IF EXISTS `slugs`;
/*!40101 SET @saved_cs_client     = @@character_set_client */;
/*!50503 SET character_set_client = utf8mb4 */;
CREATE TABLE `slugs` (
  `id` bigint unsigned NOT NULL AUTO_INCREMENT,
  `key` varchar(255) CHARACTER SET utf8mb4 COLLATE utf8mb4_unicode_ci NOT NULL,
  `reference_id` bigint unsigned NOT NULL,
  `reference_type` varchar(255) CHARACTER SET utf8mb4 COLLATE utf8mb4_unicode_ci NOT NULL,
  `prefix` varchar(120) CHARACTER SET utf8mb4 COLLATE utf8mb4_unicode_ci DEFAULT '',
  `created_at` timestamp NULL DEFAULT NULL,
  `updated_at` timestamp NULL DEFAULT NULL,
  PRIMARY KEY (`id`),
  KEY `slugs_reference_id_index` (`reference_id`)
) ENGINE=InnoDB AUTO_INCREMENT=93 DEFAULT CHARSET=utf8mb4 COLLATE=utf8mb4_unicode_ci;
/*!40101 SET character_set_client = @saved_cs_client */;

--
-- Dumping data for table `slugs`
--

LOCK TABLES `slugs` WRITE;
/*!40000 ALTER TABLE `slugs` DISABLE KEYS */;
INSERT INTO `slugs` VALUES (1,'perxsion',1,'Botble\\Ecommerce\\Models\\Brand','brands','2023-03-05 23:42:49','2023-03-05 23:42:49'),(2,'hiching',2,'Botble\\Ecommerce\\Models\\Brand','brands','2023-03-05 23:42:49','2023-03-05 23:42:49'),(3,'kepslo',3,'Botble\\Ecommerce\\Models\\Brand','brands','2023-03-05 23:42:49','2023-03-05 23:42:49'),(4,'groneba',4,'Botble\\Ecommerce\\Models\\Brand','brands','2023-03-05 23:42:49','2023-03-05 23:42:49'),(5,'babian',5,'Botble\\Ecommerce\\Models\\Brand','brands','2023-03-05 23:42:49','2023-03-05 23:42:49'),(6,'valorant',6,'Botble\\Ecommerce\\Models\\Brand','brands','2023-03-05 23:42:49','2023-03-05 23:42:49'),(7,'pure',7,'Botble\\Ecommerce\\Models\\Brand','brands','2023-03-05 23:42:49','2023-03-05 23:42:49'),(8,'milks-and-dairies',1,'Botble\\Ecommerce\\Models\\ProductCategory','product-categories','2023-03-05 23:42:51','2023-03-05 23:42:51'),(9,'clothing-beauty',2,'Botble\\Ecommerce\\Models\\ProductCategory','product-categories','2023-03-05 23:42:51','2023-03-05 23:42:51'),(10,'pet-toy',3,'Botble\\Ecommerce\\Models\\ProductCategory','product-categories','2023-03-05 23:42:51','2023-03-05 23:42:51'),(11,'baking-material',4,'Botble\\Ecommerce\\Models\\ProductCategory','product-categories','2023-03-05 23:42:51','2023-03-05 23:42:51'),(12,'fresh-fruit',5,'Botble\\Ecommerce\\Models\\ProductCategory','product-categories','2023-03-05 23:42:51','2023-03-05 23:42:51'),(13,'wines-drinks',6,'Botble\\Ecommerce\\Models\\ProductCategory','product-categories','2023-03-05 23:42:51','2023-03-05 23:42:51'),(14,'fresh-seafood',7,'Botble\\Ecommerce\\Models\\ProductCategory','product-categories','2023-03-05 23:42:51','2023-03-05 23:42:51'),(15,'fast-food',8,'Botble\\Ecommerce\\Models\\ProductCategory','product-categories','2023-03-05 23:42:51','2023-03-05 23:42:51'),(16,'vegetables',9,'Botble\\Ecommerce\\Models\\ProductCategory','product-categories','2023-03-05 23:42:51','2023-03-05 23:42:51'),(17,'bread-and-juice',10,'Botble\\Ecommerce\\Models\\ProductCategory','product-categories','2023-03-05 23:42:51','2023-03-05 23:42:51'),(18,'cake-milk',11,'Botble\\Ecommerce\\Models\\ProductCategory','product-categories','2023-03-05 23:42:51','2023-03-05 23:42:51'),(19,'coffee-teas',12,'Botble\\Ecommerce\\Models\\ProductCategory','product-categories','2023-03-05 23:42:51','2023-03-05 23:42:51'),(20,'pet-foods',13,'Botble\\Ecommerce\\Models\\ProductCategory','product-categories','2023-03-05 23:42:51','2023-03-05 23:42:51'),(21,'diet-foods',14,'Botble\\Ecommerce\\Models\\ProductCategory','product-categories','2023-03-05 23:42:51','2023-03-05 23:42:51'),(22,'wallet',1,'Botble\\Ecommerce\\Models\\ProductTag','product-tags','2023-03-05 23:42:51','2023-03-05 23:42:51'),(23,'bags',2,'Botble\\Ecommerce\\Models\\ProductTag','product-tags','2023-03-05 23:42:51','2023-03-05 23:42:51'),(24,'shoes',3,'Botble\\Ecommerce\\Models\\ProductTag','product-tags','2023-03-05 23:42:51','2023-03-05 23:42:51'),(25,'clothes',4,'Botble\\Ecommerce\\Models\\ProductTag','product-tags','2023-03-05 23:42:51','2023-03-05 23:42:51'),(26,'hand-bag',5,'Botble\\Ecommerce\\Models\\ProductTag','product-tags','2023-03-05 23:42:51','2023-03-05 23:42:51'),(27,'seeds-of-change-organic-quinoe',1,'Botble\\Ecommerce\\Models\\Product','products','2023-03-05 23:42:55','2023-03-05 23:42:55'),(28,'all-natural-italian-style-chicken-meatballs',2,'Botble\\Ecommerce\\Models\\Product','products','2023-03-05 23:42:55','2023-03-05 23:42:55'),(29,'angies-boomchickapop-sweet-salty-kettle-corn',3,'Botble\\Ecommerce\\Models\\Product','products','2023-03-05 23:42:55','2023-03-05 23:42:55'),(30,'foster-farms-takeout-crispy-classic',4,'Botble\\Ecommerce\\Models\\Product','products','2023-03-05 23:42:55','2023-03-05 23:42:55'),(31,'blue-diamond-almonds-lightly',5,'Botble\\Ecommerce\\Models\\Product','products','2023-03-05 23:42:55','2023-03-05 23:42:55'),(32,'chobani-complete-vanilla-greek',6,'Botble\\Ecommerce\\Models\\Product','products','2023-03-05 23:42:55','2023-03-05 23:42:55'),(33,'canada-dry-ginger-ale-2-l-bottle',7,'Botble\\Ecommerce\\Models\\Product','products','2023-03-05 23:42:55','2023-03-05 23:42:55'),(34,'encore-seafoods-stuffed-alaskan',8,'Botble\\Ecommerce\\Models\\Product','products','2023-03-05 23:42:55','2023-03-05 23:42:55'),(35,'gortons-beer-battered-fish-fillets',9,'Botble\\Ecommerce\\Models\\Product','products','2023-03-05 23:42:55','2023-03-05 23:42:55'),(36,'haagen-dazs-caramel-cone-ice-cream',10,'Botble\\Ecommerce\\Models\\Product','products','2023-03-05 23:42:55','2023-03-05 23:42:55'),(37,'nestle-original-coffee-mate-coffee-creamer',11,'Botble\\Ecommerce\\Models\\Product','products','2023-03-05 23:42:55','2023-03-05 23:42:55'),(38,'naturally-flavored-cinnamon-vanilla-light-roast-coffee',12,'Botble\\Ecommerce\\Models\\Product','products','2023-03-05 23:42:55','2023-03-05 23:42:55'),(39,'pepperidge-farm-farmhouse-hearty-white-bread',13,'Botble\\Ecommerce\\Models\\Product','products','2023-03-05 23:42:55','2023-03-05 23:42:55'),(40,'organic-frozen-triple-berry-blend',14,'Botble\\Ecommerce\\Models\\Product','products','2023-03-05 23:42:55','2023-03-05 23:42:55'),(41,'oroweat-country-buttermilk-bread',15,'Botble\\Ecommerce\\Models\\Product','products','2023-03-05 23:42:55','2023-03-05 23:42:55'),(42,'foster-farms-takeout-crispy-classic-buffalo-wings',16,'Botble\\Ecommerce\\Models\\Product','products','2023-03-05 23:42:55','2023-03-05 23:42:55'),(43,'angies-boomchickapop-sweet-salty-kettle-corn',17,'Botble\\Ecommerce\\Models\\Product','products','2023-03-05 23:42:55','2023-03-05 23:42:55'),(44,'all-natural-italian-style-chicken-meatballs',18,'Botble\\Ecommerce\\Models\\Product','products','2023-03-05 23:42:55','2023-03-05 23:42:55'),(45,'simply-lemonade-with-raspberry-juice',19,'Botble\\Ecommerce\\Models\\Product','products','2023-03-05 23:42:55','2023-03-05 23:42:55'),(46,'perdue-simply-smart-organics-gluten-free',20,'Botble\\Ecommerce\\Models\\Product','products','2023-03-05 23:42:55','2023-03-05 23:42:55'),(47,'chen-watermelon',21,'Botble\\Ecommerce\\Models\\Product','products','2023-03-05 23:42:55','2023-03-05 23:42:55'),(48,'organic-cage-free-grade-a-large-brown-eggs',22,'Botble\\Ecommerce\\Models\\Product','products','2023-03-05 23:42:55','2023-03-05 23:42:55'),(49,'colorful-banana',23,'Botble\\Ecommerce\\Models\\Product','products','2023-03-05 23:42:55','2023-03-05 23:42:55'),(50,'signature-wood-fired-mushroom-and-caramelized',24,'Botble\\Ecommerce\\Models\\Product','products','2023-03-05 23:42:55','2023-03-05 23:42:55'),(51,'ecommerce',1,'Botble\\Blog\\Models\\Category','blog','2023-03-05 23:43:00','2023-03-05 23:43:01'),(52,'fashion',2,'Botble\\Blog\\Models\\Category','blog','2023-03-05 23:43:00','2023-03-05 23:43:01'),(53,'electronic',3,'Botble\\Blog\\Models\\Category','blog','2023-03-05 23:43:00','2023-03-05 23:43:01'),(54,'commercial',4,'Botble\\Blog\\Models\\Category','blog','2023-03-05 23:43:00','2023-03-05 23:43:01'),(55,'general',1,'Botble\\Blog\\Models\\Tag','tag','2023-03-05 23:43:00','2023-03-05 23:43:00'),(56,'design',2,'Botble\\Blog\\Models\\Tag','tag','2023-03-05 23:43:00','2023-03-05 23:43:00'),(57,'fashion',3,'Botble\\Blog\\Models\\Tag','tag','2023-03-05 23:43:00','2023-03-05 23:43:00'),(58,'branding',4,'Botble\\Blog\\Models\\Tag','tag','2023-03-05 23:43:00','2023-03-05 23:43:00'),(59,'modern',5,'Botble\\Blog\\Models\\Tag','tag','2023-03-05 23:43:00','2023-03-05 23:43:00'),(60,'4-expert-tips-on-how-to-choose-the-right-mens-wallet',1,'Botble\\Blog\\Models\\Post','blog','2023-03-05 23:43:00','2023-03-05 23:43:01'),(61,'sexy-clutches-how-to-buy-amp-wear-a-designer-clutch-bag',2,'Botble\\Blog\\Models\\Post','blog','2023-03-05 23:43:00','2023-03-05 23:43:01'),(62,'the-top-2020-handbag-trends-to-know',3,'Botble\\Blog\\Models\\Post','blog','2023-03-05 23:43:00','2023-03-05 23:43:01'),(63,'how-to-match-the-color-of-your-handbag-with-an-outfit',4,'Botble\\Blog\\Models\\Post','blog','2023-03-05 23:43:00','2023-03-05 23:43:01'),(64,'how-to-care-for-leather-bags',5,'Botble\\Blog\\Models\\Post','blog','2023-03-05 23:43:00','2023-03-05 23:43:01'),(65,'were-crushing-hard-on-summers-10-biggest-bag-trends',6,'Botble\\Blog\\Models\\Post','blog','2023-03-05 23:43:00','2023-03-05 23:43:01'),(66,'essential-qualities-of-highly-successful-music',7,'Botble\\Blog\\Models\\Post','blog','2023-03-05 23:43:00','2023-03-05 23:43:01'),(67,'9-things-i-love-about-shaving-my-head',8,'Botble\\Blog\\Models\\Post','blog','2023-03-05 23:43:00','2023-03-05 23:43:01'),(68,'why-teamwork-really-makes-the-dream-work',9,'Botble\\Blog\\Models\\Post','blog','2023-03-05 23:43:00','2023-03-05 23:43:01'),(69,'the-world-caters-to-average-people',10,'Botble\\Blog\\Models\\Post','blog','2023-03-05 23:43:00','2023-03-05 23:43:01'),(70,'the-litigants-on-the-screen-are-not-actors',11,'Botble\\Blog\\Models\\Post','blog','2023-03-05 23:43:00','2023-03-05 23:43:01'),(71,'homepage',1,'Botble\\Page\\Models\\Page','','2023-03-05 23:43:00','2023-03-05 23:43:00'),(72,'homepage-2',2,'Botble\\Page\\Models\\Page','','2023-03-05 23:43:00','2023-03-05 23:43:00'),(73,'homepage-3',3,'Botble\\Page\\Models\\Page','','2023-03-05 23:43:00','2023-03-05 23:43:00'),(74,'homepage-4',4,'Botble\\Page\\Models\\Page','','2023-03-05 23:43:00','2023-03-05 23:43:00'),(75,'blog',5,'Botble\\Page\\Models\\Page','','2023-03-05 23:43:00','2023-03-05 23:43:00'),(76,'contact',6,'Botble\\Page\\Models\\Page','','2023-03-05 23:43:00','2023-03-05 23:43:00'),(77,'about-us',7,'Botble\\Page\\Models\\Page','','2023-03-05 23:43:00','2023-03-05 23:43:00'),(78,'cookie-policy',8,'Botble\\Page\\Models\\Page','','2023-03-05 23:43:00','2023-03-05 23:43:00'),(79,'terms-amp-conditions',9,'Botble\\Page\\Models\\Page','','2023-03-05 23:43:00','2023-03-05 23:43:00'),(80,'returns-amp-exchanges',10,'Botble\\Page\\Models\\Page','','2023-03-05 23:43:00','2023-03-05 23:43:00'),(81,'shipping-amp-delivery',11,'Botble\\Page\\Models\\Page','','2023-03-05 23:43:00','2023-03-05 23:43:00'),(82,'privacy-policy',12,'Botble\\Page\\Models\\Page','','2023-03-05 23:43:00','2023-03-05 23:43:00'),(83,'blog-list',13,'Botble\\Page\\Models\\Page','','2023-03-05 23:43:00','2023-03-05 23:43:00'),(84,'blog-big',14,'Botble\\Page\\Models\\Page','','2023-03-05 23:43:00','2023-03-05 23:43:00'),(85,'blog-wide',15,'Botble\\Page\\Models\\Page','','2023-03-05 23:43:00','2023-03-05 23:43:00'),(86,'homepage-5',16,'Botble\\Page\\Models\\Page','','2023-03-05 23:43:00','2023-03-05 23:43:00'),(87,'homepage-6',17,'Botble\\Page\\Models\\Page','','2023-03-05 23:43:00','2023-03-05 23:43:00'),(88,'faq',18,'Botble\\Page\\Models\\Page','','2023-03-05 23:43:00','2023-03-05 23:43:00'),(89,'gopro',1,'Botble\\Marketplace\\Models\\Store','stores','2023-03-05 23:43:04','2023-03-05 23:43:04'),(90,'global-office',2,'Botble\\Marketplace\\Models\\Store','stores','2023-03-05 23:43:04','2023-03-05 23:43:04'),(91,'young-shop',3,'Botble\\Marketplace\\Models\\Store','stores','2023-03-05 23:43:04','2023-03-05 23:43:04'),(92,'global-store',4,'Botble\\Marketplace\\Models\\Store','stores','2023-03-05 23:43:04','2023-03-05 23:43:04');
/*!40000 ALTER TABLE `slugs` ENABLE KEYS */;
UNLOCK TABLES;

--
-- Table structure for table `states`
--

DROP TABLE IF EXISTS `states`;
/*!40101 SET @saved_cs_client     = @@character_set_client */;
/*!50503 SET character_set_client = utf8mb4 */;
CREATE TABLE `states` (
  `id` bigint unsigned NOT NULL AUTO_INCREMENT,
  `name` varchar(120) CHARACTER SET utf8mb4 COLLATE utf8mb4_unicode_ci NOT NULL,
  `abbreviation` varchar(3) CHARACTER SET utf8mb4 COLLATE utf8mb4_unicode_ci DEFAULT NULL,
  `country_id` bigint unsigned DEFAULT NULL,
  `order` tinyint NOT NULL DEFAULT '0',
  `is_default` tinyint unsigned NOT NULL DEFAULT '0',
  `status` varchar(60) CHARACTER SET utf8mb4 COLLATE utf8mb4_unicode_ci NOT NULL DEFAULT 'published',
  `created_at` timestamp NULL DEFAULT NULL,
  `updated_at` timestamp NULL DEFAULT NULL,
  PRIMARY KEY (`id`)
) ENGINE=InnoDB AUTO_INCREMENT=2 DEFAULT CHARSET=utf8mb4 COLLATE=utf8mb4_unicode_ci;
/*!40101 SET character_set_client = @saved_cs_client */;

--
-- Dumping data for table `states`
--

LOCK TABLES `states` WRITE;
/*!40000 ALTER TABLE `states` DISABLE KEYS */;
INSERT INTO `states` VALUES (1,'Kuala Lumpur','KL',1,0,1,'published','2023-06-15 08:30:21','2023-06-15 08:30:21');
/*!40000 ALTER TABLE `states` ENABLE KEYS */;
UNLOCK TABLES;

--
-- Table structure for table `states_translations`
--

DROP TABLE IF EXISTS `states_translations`;
/*!40101 SET @saved_cs_client     = @@character_set_client */;
/*!50503 SET character_set_client = utf8mb4 */;
CREATE TABLE `states_translations` (
  `lang_code` varchar(191) CHARACTER SET utf8mb4 COLLATE utf8mb4_unicode_ci NOT NULL,
  `states_id` bigint unsigned NOT NULL,
  `name` varchar(120) CHARACTER SET utf8mb4 COLLATE utf8mb4_unicode_ci DEFAULT NULL,
  `abbreviation` varchar(3) CHARACTER SET utf8mb4 COLLATE utf8mb4_unicode_ci DEFAULT NULL,
  PRIMARY KEY (`lang_code`,`states_id`)
) ENGINE=InnoDB DEFAULT CHARSET=utf8mb4 COLLATE=utf8mb4_unicode_ci;
/*!40101 SET character_set_client = @saved_cs_client */;

--
-- Dumping data for table `states_translations`
--

LOCK TABLES `states_translations` WRITE;
/*!40000 ALTER TABLE `states_translations` DISABLE KEYS */;
INSERT INTO `states_translations` VALUES ('vi',1,'Kuala Lumpur','KL');
/*!40000 ALTER TABLE `states_translations` ENABLE KEYS */;
UNLOCK TABLES;

--
-- Table structure for table `tags`
--

DROP TABLE IF EXISTS `tags`;
/*!40101 SET @saved_cs_client     = @@character_set_client */;
/*!50503 SET character_set_client = utf8mb4 */;
CREATE TABLE `tags` (
  `id` bigint unsigned NOT NULL AUTO_INCREMENT,
  `name` varchar(120) CHARACTER SET utf8mb4 COLLATE utf8mb4_unicode_ci NOT NULL,
  `author_id` bigint unsigned NOT NULL,
  `author_type` varchar(255) CHARACTER SET utf8mb4 COLLATE utf8mb4_unicode_ci NOT NULL DEFAULT 'Botble\\ACL\\Models\\User',
  `description` varchar(400) CHARACTER SET utf8mb4 COLLATE utf8mb4_unicode_ci DEFAULT '',
  `status` varchar(60) CHARACTER SET utf8mb4 COLLATE utf8mb4_unicode_ci NOT NULL DEFAULT 'published',
  `created_at` timestamp NULL DEFAULT NULL,
  `updated_at` timestamp NULL DEFAULT NULL,
  PRIMARY KEY (`id`)
) ENGINE=InnoDB AUTO_INCREMENT=6 DEFAULT CHARSET=utf8mb4 COLLATE=utf8mb4_unicode_ci;
/*!40101 SET character_set_client = @saved_cs_client */;

--
-- Dumping data for table `tags`
--

LOCK TABLES `tags` WRITE;
/*!40000 ALTER TABLE `tags` DISABLE KEYS */;
INSERT INTO `tags` VALUES (1,'General',1,'Botble\\ACL\\Models\\User','','published','2023-03-05 23:43:00','2023-03-05 23:43:00'),(2,'Design',1,'Botble\\ACL\\Models\\User','','published','2023-03-05 23:43:00','2023-03-05 23:43:00'),(3,'Fashion',1,'Botble\\ACL\\Models\\User','','published','2023-03-05 23:43:00','2023-03-05 23:43:00'),(4,'Branding',1,'Botble\\ACL\\Models\\User','','published','2023-03-05 23:43:00','2023-03-05 23:43:00'),(5,'Modern',1,'Botble\\ACL\\Models\\User','','published','2023-03-05 23:43:00','2023-03-05 23:43:00');
/*!40000 ALTER TABLE `tags` ENABLE KEYS */;
UNLOCK TABLES;

--
-- Table structure for table `tags_translations`
--

DROP TABLE IF EXISTS `tags_translations`;
/*!40101 SET @saved_cs_client     = @@character_set_client */;
/*!50503 SET character_set_client = utf8mb4 */;
CREATE TABLE `tags_translations` (
  `lang_code` varchar(191) CHARACTER SET utf8mb4 COLLATE utf8mb4_unicode_ci NOT NULL,
  `tags_id` bigint unsigned NOT NULL,
  `name` varchar(255) CHARACTER SET utf8mb4 COLLATE utf8mb4_unicode_ci DEFAULT NULL,
  `description` varchar(400) CHARACTER SET utf8mb4 COLLATE utf8mb4_unicode_ci DEFAULT NULL,
  PRIMARY KEY (`lang_code`,`tags_id`)
) ENGINE=InnoDB DEFAULT CHARSET=utf8mb4 COLLATE=utf8mb4_unicode_ci;
/*!40101 SET character_set_client = @saved_cs_client */;

--
-- Dumping data for table `tags_translations`
--

LOCK TABLES `tags_translations` WRITE;
/*!40000 ALTER TABLE `tags_translations` DISABLE KEYS */;
INSERT INTO `tags_translations` VALUES ('vi',1,'Chung',NULL),('vi',2,'Thiết kế',NULL),('vi',3,'Thời trang',NULL),('vi',4,'Thương hiệu',NULL),('vi',5,'Hiện đại',NULL);
/*!40000 ALTER TABLE `tags_translations` ENABLE KEYS */;
UNLOCK TABLES;

--
-- Table structure for table `translations`
--

DROP TABLE IF EXISTS `translations`;
/*!40101 SET @saved_cs_client     = @@character_set_client */;
/*!50503 SET character_set_client = utf8mb4 */;
CREATE TABLE `translations` (
  `id` bigint unsigned NOT NULL AUTO_INCREMENT,
  `status` int NOT NULL DEFAULT '0',
  `locale` varchar(191) CHARACTER SET utf8mb4 COLLATE utf8mb4_unicode_ci NOT NULL,
  `group` varchar(191) CHARACTER SET utf8mb4 COLLATE utf8mb4_unicode_ci NOT NULL,
  `key` varchar(191) CHARACTER SET utf8mb4 COLLATE utf8mb4_unicode_ci NOT NULL,
  `value` text CHARACTER SET utf8mb4 COLLATE utf8mb4_unicode_ci,
  `created_at` timestamp NULL DEFAULT NULL,
  `updated_at` timestamp NULL DEFAULT NULL,
  PRIMARY KEY (`id`)
) ENGINE=InnoDB AUTO_INCREMENT=5295 DEFAULT CHARSET=utf8mb4 COLLATE=utf8mb4_unicode_ci;
/*!40101 SET character_set_client = @saved_cs_client */;

--
-- Dumping data for table `translations`
--

LOCK TABLES `translations` WRITE;
/*!40000 ALTER TABLE `translations` DISABLE KEYS */;
INSERT INTO `translations` VALUES (1,1,'en','auth','failed','These credentials do not match our records.','2023-03-05 23:43:10','2023-03-05 23:43:10'),(2,1,'en','auth','password','The provided password is incorrect.','2023-03-05 23:43:10','2023-03-05 23:43:10'),(3,1,'en','auth','throttle','Too many login attempts. Please try again in :seconds seconds.','2023-03-05 23:43:10','2023-03-05 23:43:10'),(4,1,'en','pagination','previous','&laquo; Previous','2023-03-05 23:43:10','2023-03-05 23:43:10'),(5,1,'en','pagination','next','Next &raquo;','2023-03-05 23:43:10','2023-03-05 23:43:10'),(6,1,'en','passwords','reset','Your password has been reset!','2023-03-05 23:43:10','2023-03-05 23:43:10'),(7,1,'en','passwords','sent','We have emailed your password reset link!','2023-03-05 23:43:10','2023-03-05 23:43:10'),(8,1,'en','passwords','throttled','Please wait before retrying.','2023-03-05 23:43:10','2023-03-05 23:43:10'),(9,1,'en','passwords','token','This password reset token is invalid.','2023-03-05 23:43:10','2023-03-05 23:43:10'),(10,1,'en','passwords','user','We can\'t find a user with that email address.','2023-03-05 23:43:10','2023-03-05 23:43:10'),(11,1,'en','validation','accepted','The :attribute must be accepted.','2023-03-05 23:43:10','2023-03-05 23:43:10'),(12,1,'en','validation','accepted_if','The :attribute must be accepted when :other is :value.','2023-03-05 23:43:10','2023-03-05 23:43:10'),(13,1,'en','validation','active_url','The :attribute is not a valid URL.','2023-03-05 23:43:10','2023-03-05 23:43:10'),(14,1,'en','validation','after','The :attribute must be a date after :date.','2023-03-05 23:43:10','2023-03-05 23:43:10'),(15,1,'en','validation','after_or_equal','The :attribute must be a date after or equal to :date.','2023-03-05 23:43:10','2023-03-05 23:43:10'),(16,1,'en','validation','alpha','The :attribute must only contain letters.','2023-03-05 23:43:10','2023-03-05 23:43:10'),(17,1,'en','validation','alpha_dash','The :attribute must only contain letters, numbers, dashes and underscores.','2023-03-05 23:43:10','2023-03-05 23:43:10'),(18,1,'en','validation','alpha_num','The :attribute must only contain letters and numbers.','2023-03-05 23:43:10','2023-03-05 23:43:10'),(19,1,'en','validation','array','The :attribute must be an array.','2023-03-05 23:43:10','2023-03-05 23:43:10'),(20,1,'en','validation','ascii','The :attribute must only contain single-byte alphanumeric characters and symbols.','2023-03-05 23:43:10','2023-03-05 23:43:10'),(21,1,'en','validation','before','The :attribute must be a date before :date.','2023-03-05 23:43:10','2023-03-05 23:43:10'),(22,1,'en','validation','before_or_equal','The :attribute must be a date before or equal to :date.','2023-03-05 23:43:10','2023-03-05 23:43:10'),(23,1,'en','validation','between.array','The :attribute must have between :min and :max items.','2023-03-05 23:43:10','2023-03-05 23:43:10'),(24,1,'en','validation','between.file','The :attribute must be between :min and :max kilobytes.','2023-03-05 23:43:10','2023-03-05 23:43:10'),(25,1,'en','validation','between.numeric','The :attribute must be between :min and :max.','2023-03-05 23:43:10','2023-03-05 23:43:10'),(26,1,'en','validation','between.string','The :attribute must be between :min and :max characters.','2023-03-05 23:43:10','2023-03-05 23:43:10'),(27,1,'en','validation','boolean','The :attribute field must be true or false.','2023-03-05 23:43:10','2023-03-05 23:43:10'),(28,1,'en','validation','confirmed','The :attribute confirmation does not match.','2023-03-05 23:43:10','2023-03-05 23:43:10'),(29,1,'en','validation','current_password','The password is incorrect.','2023-03-05 23:43:10','2023-03-05 23:43:10'),(30,1,'en','validation','date','The :attribute is not a valid date.','2023-03-05 23:43:10','2023-03-05 23:43:10'),(31,1,'en','validation','date_equals','The :attribute must be a date equal to :date.','2023-03-05 23:43:10','2023-03-05 23:43:10'),(32,1,'en','validation','date_format','The :attribute does not match the format :format.','2023-03-05 23:43:10','2023-03-05 23:43:10'),(33,1,'en','validation','decimal','The :attribute must have :decimal decimal places.','2023-03-05 23:43:10','2023-03-05 23:43:10'),(34,1,'en','validation','declined','The :attribute must be declined.','2023-03-05 23:43:10','2023-03-05 23:43:10'),(35,1,'en','validation','declined_if','The :attribute must be declined when :other is :value.','2023-03-05 23:43:10','2023-03-05 23:43:10'),(36,1,'en','validation','different','The :attribute and :other must be different.','2023-03-05 23:43:10','2023-03-05 23:43:10'),(37,1,'en','validation','digits','The :attribute must be :digits digits.','2023-03-05 23:43:10','2023-03-05 23:43:10'),(38,1,'en','validation','digits_between','The :attribute must be between :min and :max digits.','2023-03-05 23:43:10','2023-03-05 23:43:10'),(39,1,'en','validation','dimensions','The :attribute has invalid image dimensions.','2023-03-05 23:43:10','2023-03-05 23:43:10'),(40,1,'en','validation','distinct','The :attribute field has a duplicate value.','2023-03-05 23:43:10','2023-03-05 23:43:10'),(41,1,'en','validation','doesnt_end_with','The :attribute may not end with one of the following: :values.','2023-03-05 23:43:10','2023-03-05 23:43:10'),(42,1,'en','validation','doesnt_start_with','The :attribute may not start with one of the following: :values.','2023-03-05 23:43:10','2023-03-05 23:43:10'),(43,1,'en','validation','email','The :attribute must be a valid email address.','2023-03-05 23:43:10','2023-03-05 23:43:10'),(44,1,'en','validation','ends_with','The :attribute must end with one of the following: :values.','2023-03-05 23:43:10','2023-03-05 23:43:10'),(45,1,'en','validation','enum','The selected :attribute is invalid.','2023-03-05 23:43:10','2023-03-05 23:43:10'),(46,1,'en','validation','exists','The selected :attribute is invalid.','2023-03-05 23:43:10','2023-03-05 23:43:10'),(47,1,'en','validation','file','The :attribute must be a file.','2023-03-05 23:43:10','2023-03-05 23:43:10'),(48,1,'en','validation','filled','The :attribute field must have a value.','2023-03-05 23:43:10','2023-03-05 23:43:10'),(49,1,'en','validation','gt.array','The :attribute must have more than :value items.','2023-03-05 23:43:10','2023-03-05 23:43:10'),(50,1,'en','validation','gt.file','The :attribute must be greater than :value kilobytes.','2023-03-05 23:43:10','2023-03-05 23:43:10'),(51,1,'en','validation','gt.numeric','The :attribute must be greater than :value.','2023-03-05 23:43:10','2023-03-05 23:43:10'),(52,1,'en','validation','gt.string','The :attribute must be greater than :value characters.','2023-03-05 23:43:10','2023-03-05 23:43:10'),(53,1,'en','validation','gte.array','The :attribute must have :value items or more.','2023-03-05 23:43:10','2023-03-05 23:43:10'),(54,1,'en','validation','gte.file','The :attribute must be greater than or equal to :value kilobytes.','2023-03-05 23:43:10','2023-03-05 23:43:10'),(55,1,'en','validation','gte.numeric','The :attribute must be greater than or equal to :value.','2023-03-05 23:43:10','2023-03-05 23:43:10'),(56,1,'en','validation','gte.string','The :attribute must be greater than or equal to :value characters.','2023-03-05 23:43:10','2023-03-05 23:43:10'),(57,1,'en','validation','image','The :attribute must be an image.','2023-03-05 23:43:10','2023-03-05 23:43:10'),(58,1,'en','validation','in','The selected :attribute is invalid.','2023-03-05 23:43:10','2023-03-05 23:43:10'),(59,1,'en','validation','in_array','The :attribute field does not exist in :other.','2023-03-05 23:43:10','2023-03-05 23:43:10'),(60,1,'en','validation','integer','The :attribute must be an integer.','2023-03-05 23:43:10','2023-03-05 23:43:10'),(61,1,'en','validation','ip','The :attribute must be a valid IP address.','2023-03-05 23:43:10','2023-03-05 23:43:10'),(62,1,'en','validation','ipv4','The :attribute must be a valid IPv4 address.','2023-03-05 23:43:10','2023-03-05 23:43:10'),(63,1,'en','validation','ipv6','The :attribute must be a valid IPv6 address.','2023-03-05 23:43:10','2023-03-05 23:43:10'),(64,1,'en','validation','json','The :attribute must be a valid JSON string.','2023-03-05 23:43:10','2023-03-05 23:43:10'),(65,1,'en','validation','lowercase','The :attribute must be lowercase.','2023-03-05 23:43:10','2023-03-05 23:43:10'),(66,1,'en','validation','lt.array','The :attribute must have less than :value items.','2023-03-05 23:43:10','2023-03-05 23:43:10'),(67,1,'en','validation','lt.file','The :attribute must be less than :value kilobytes.','2023-03-05 23:43:10','2023-03-05 23:43:10'),(68,1,'en','validation','lt.numeric','The :attribute must be less than :value.','2023-03-05 23:43:10','2023-03-05 23:43:10'),(69,1,'en','validation','lt.string','The :attribute must be less than :value characters.','2023-03-05 23:43:10','2023-03-05 23:43:10'),(70,1,'en','validation','lte.array','The :attribute must not have more than :value items.','2023-03-05 23:43:10','2023-03-05 23:43:10'),(71,1,'en','validation','lte.file','The :attribute must be less than or equal to :value kilobytes.','2023-03-05 23:43:10','2023-03-05 23:43:10'),(72,1,'en','validation','lte.numeric','The :attribute must be less than or equal to :value.','2023-03-05 23:43:10','2023-03-05 23:43:10'),(73,1,'en','validation','lte.string','The :attribute must be less than or equal to :value characters.','2023-03-05 23:43:10','2023-03-05 23:43:10'),(74,1,'en','validation','mac_address','The :attribute must be a valid MAC address.','2023-03-05 23:43:10','2023-03-05 23:43:10'),(75,1,'en','validation','max.array','The :attribute must not have more than :max items.','2023-03-05 23:43:10','2023-03-05 23:43:10'),(76,1,'en','validation','max.file','The :attribute must not be greater than :max kilobytes.','2023-03-05 23:43:10','2023-03-05 23:43:10'),(77,1,'en','validation','max.numeric','The :attribute must not be greater than :max.','2023-03-05 23:43:10','2023-03-05 23:43:10'),(78,1,'en','validation','max.string','The :attribute must not be greater than :max characters.','2023-03-05 23:43:10','2023-03-05 23:43:10'),(79,1,'en','validation','max_digits','The :attribute must not have more than :max digits.','2023-03-05 23:43:10','2023-03-05 23:43:10'),(80,1,'en','validation','mimes','The :attribute must be a file of type: :values.','2023-03-05 23:43:10','2023-03-05 23:43:10'),(81,1,'en','validation','mimetypes','The :attribute must be a file of type: :values.','2023-03-05 23:43:10','2023-03-05 23:43:10'),(82,1,'en','validation','min.array','The :attribute must have at least :min items.','2023-03-05 23:43:10','2023-03-05 23:43:10'),(83,1,'en','validation','min.file','The :attribute must be at least :min kilobytes.','2023-03-05 23:43:10','2023-03-05 23:43:10'),(84,1,'en','validation','min.numeric','The :attribute must be at least :min.','2023-03-05 23:43:10','2023-03-05 23:43:10'),(85,1,'en','validation','min.string','The :attribute must be at least :min characters.','2023-03-05 23:43:10','2023-03-05 23:43:10'),(86,1,'en','validation','min_digits','The :attribute must have at least :min digits.','2023-03-05 23:43:10','2023-03-05 23:43:10'),(87,1,'en','validation','missing','The :attribute field must be missing.','2023-03-05 23:43:10','2023-03-05 23:43:10'),(88,1,'en','validation','missing_if','The :attribute field must be missing when :other is :value.','2023-03-05 23:43:10','2023-03-05 23:43:10'),(89,1,'en','validation','missing_unless','The :attribute field must be missing unless :other is :value.','2023-03-05 23:43:10','2023-03-05 23:43:10'),(90,1,'en','validation','missing_with','The :attribute field must be missing when :values is present.','2023-03-05 23:43:10','2023-03-05 23:43:10'),(91,1,'en','validation','missing_with_all','The :attribute field must be missing when :values are present.','2023-03-05 23:43:10','2023-03-05 23:43:10'),(92,1,'en','validation','multiple_of','The :attribute must be a multiple of :value.','2023-03-05 23:43:10','2023-03-05 23:43:10'),(93,1,'en','validation','not_in','The selected :attribute is invalid.','2023-03-05 23:43:10','2023-03-05 23:43:10'),(94,1,'en','validation','not_regex','The :attribute format is invalid.','2023-03-05 23:43:10','2023-03-05 23:43:10'),(95,1,'en','validation','numeric','The :attribute must be a number.','2023-03-05 23:43:10','2023-03-05 23:43:10'),(96,1,'en','validation','password.letters','The :attribute must contain at least one letter.','2023-03-05 23:43:10','2023-03-05 23:43:10'),(97,1,'en','validation','password.mixed','The :attribute must contain at least one uppercase and one lowercase letter.','2023-03-05 23:43:10','2023-03-05 23:43:10'),(98,1,'en','validation','password.numbers','The :attribute must contain at least one number.','2023-03-05 23:43:10','2023-03-05 23:43:10'),(99,1,'en','validation','password.symbols','The :attribute must contain at least one symbol.','2023-03-05 23:43:10','2023-03-05 23:43:10'),(100,1,'en','validation','password.uncompromised','The given :attribute has appeared in a data leak. Please choose a different :attribute.','2023-03-05 23:43:10','2023-03-05 23:43:10'),(101,1,'en','validation','present','The :attribute field must be present.','2023-03-05 23:43:10','2023-03-05 23:43:10'),(102,1,'en','validation','prohibited','The :attribute field is prohibited.','2023-03-05 23:43:10','2023-03-05 23:43:10'),(103,1,'en','validation','prohibited_if','The :attribute field is prohibited when :other is :value.','2023-03-05 23:43:10','2023-03-05 23:43:10'),(104,1,'en','validation','prohibited_unless','The :attribute field is prohibited unless :other is in :values.','2023-03-05 23:43:10','2023-03-05 23:43:10'),(105,1,'en','validation','prohibits','The :attribute field prohibits :other from being present.','2023-03-05 23:43:10','2023-03-05 23:43:10'),(106,1,'en','validation','regex','The :attribute format is invalid.','2023-03-05 23:43:10','2023-03-05 23:43:10'),(107,1,'en','validation','required','The :attribute field is required.','2023-03-05 23:43:10','2023-03-05 23:43:10'),(108,1,'en','validation','required_array_keys','The :attribute field must contain entries for: :values.','2023-03-05 23:43:10','2023-03-05 23:43:10'),(109,1,'en','validation','required_if','The :attribute field is required when :other is :value.','2023-03-05 23:43:10','2023-03-05 23:43:10'),(110,1,'en','validation','required_if_accepted','The :attribute field is required when :other is accepted.','2023-03-05 23:43:10','2023-03-05 23:43:10'),(111,1,'en','validation','required_unless','The :attribute field is required unless :other is in :values.','2023-03-05 23:43:10','2023-03-05 23:43:10'),(112,1,'en','validation','required_with','The :attribute field is required when :values is present.','2023-03-05 23:43:10','2023-03-05 23:43:10'),(113,1,'en','validation','required_with_all','The :attribute field is required when :values are present.','2023-03-05 23:43:10','2023-03-05 23:43:10'),(114,1,'en','validation','required_without','The :attribute field is required when :values is not present.','2023-03-05 23:43:10','2023-03-05 23:43:10'),(115,1,'en','validation','required_without_all','The :attribute field is required when none of :values are present.','2023-03-05 23:43:10','2023-03-05 23:43:10'),(116,1,'en','validation','same','The :attribute and :other must match.','2023-03-05 23:43:10','2023-03-05 23:43:10'),(117,1,'en','validation','size.array','The :attribute must contain :size items.','2023-03-05 23:43:10','2023-03-05 23:43:10'),(118,1,'en','validation','size.file','The :attribute must be :size kilobytes.','2023-03-05 23:43:10','2023-03-05 23:43:10'),(119,1,'en','validation','size.numeric','The :attribute must be :size.','2023-03-05 23:43:10','2023-03-05 23:43:10'),(120,1,'en','validation','size.string','The :attribute must be :size characters.','2023-03-05 23:43:10','2023-03-05 23:43:10'),(121,1,'en','validation','starts_with','The :attribute must start with one of the following: :values.','2023-03-05 23:43:10','2023-03-05 23:43:10'),(122,1,'en','validation','string','The :attribute must be a string.','2023-03-05 23:43:10','2023-03-05 23:43:10'),(123,1,'en','validation','timezone','The :attribute must be a valid timezone.','2023-03-05 23:43:10','2023-03-05 23:43:10'),(124,1,'en','validation','unique','The :attribute has already been taken.','2023-03-05 23:43:10','2023-03-05 23:43:10'),(125,1,'en','validation','uploaded','The :attribute failed to upload.','2023-03-05 23:43:10','2023-03-05 23:43:10'),(126,1,'en','validation','uppercase','The :attribute must be uppercase.','2023-03-05 23:43:10','2023-03-05 23:43:10'),(127,1,'en','validation','url','The :attribute must be a valid URL.','2023-03-05 23:43:10','2023-03-05 23:43:10'),(128,1,'en','validation','ulid','The :attribute must be a valid ULID.','2023-03-05 23:43:10','2023-03-05 23:43:10'),(129,1,'en','validation','uuid','The :attribute must be a valid UUID.','2023-03-05 23:43:10','2023-03-05 23:43:10'),(130,1,'en','validation','custom.attribute-name.rule-name','custom-message','2023-03-05 23:43:10','2023-03-05 23:43:10'),(131,1,'en','core/acl/api','api_clients','API Clients','2023-03-05 23:43:10','2023-03-05 23:43:10'),(132,1,'en','core/acl/api','create_new_client','Create new client','2023-03-05 23:43:10','2023-03-05 23:43:10'),(133,1,'en','core/acl/api','create_new_client_success','Create new client successfully!','2023-03-05 23:43:10','2023-03-05 23:43:10'),(134,1,'en','core/acl/api','edit_client','Edit client \":name\"','2023-03-05 23:43:10','2023-03-05 23:43:10'),(135,1,'en','core/acl/api','edit_client_success','Updated client successfully!','2023-03-05 23:43:10','2023-03-05 23:43:10'),(136,1,'en','core/acl/api','delete_success','Deleted client successfully!','2023-03-05 23:43:10','2023-03-05 23:43:10'),(137,1,'en','core/acl/api','confirm_delete_title','Confirm delete client \":name\"','2023-03-05 23:43:10','2023-03-05 23:43:10'),(138,1,'en','core/acl/api','confirm_delete_description','Do you really want to delete client \":name\"?','2023-03-05 23:43:10','2023-03-05 23:43:10'),(139,1,'en','core/acl/api','cancel_delete','No','2023-03-05 23:43:10','2023-03-05 23:43:10'),(140,1,'en','core/acl/api','continue_delete','Yes, let\'s delete it!','2023-03-05 23:43:10','2023-03-05 23:43:10'),(141,1,'en','core/acl/api','name','Name','2023-03-05 23:43:10','2023-03-05 23:43:10'),(142,1,'en','core/acl/api','cancel','Cancel','2023-03-05 23:43:10','2023-03-05 23:43:10'),(143,1,'en','core/acl/api','save','Save','2023-03-05 23:43:10','2023-03-05 23:43:10'),(144,1,'en','core/acl/api','edit','Edit','2023-03-05 23:43:10','2023-03-05 23:43:10'),(145,1,'en','core/acl/api','delete','Delete','2023-03-05 23:43:10','2023-03-05 23:43:10'),(146,1,'en','core/acl/api','client_id','Client ID','2023-03-05 23:43:10','2023-03-05 23:43:10'),(147,1,'en','core/acl/api','secret','Secret','2023-03-05 23:43:10','2023-03-05 23:43:10'),(148,1,'en','core/acl/auth','login.username','Email/Username','2023-03-05 23:43:10','2023-03-05 23:43:10'),(149,1,'en','core/acl/auth','login.email','Email','2023-03-05 23:43:10','2023-03-05 23:43:10'),(150,1,'en','core/acl/auth','login.password','Password','2023-03-05 23:43:10','2023-03-05 23:43:10'),(151,1,'en','core/acl/auth','login.title','User Login','2023-03-05 23:43:10','2023-03-05 23:43:10'),(152,1,'en','core/acl/auth','login.remember','Remember me?','2023-03-05 23:43:10','2023-03-05 23:43:10'),(153,1,'en','core/acl/auth','login.login','Sign in','2023-03-05 23:43:10','2023-03-05 23:43:10'),(154,1,'en','core/acl/auth','login.placeholder.username','Please enter your username','2023-03-05 23:43:10','2023-03-05 23:43:10'),(155,1,'en','core/acl/auth','login.placeholder.email','Please enter your email','2023-03-05 23:43:10','2023-03-05 23:43:10'),(156,1,'en','core/acl/auth','login.success','Login successfully!','2023-03-05 23:43:10','2023-03-05 23:43:10'),(157,1,'en','core/acl/auth','login.fail','Wrong username or password.','2023-03-05 23:43:10','2023-03-05 23:43:10'),(158,1,'en','core/acl/auth','login.not_active','Your account has not been activated yet!','2023-03-05 23:43:10','2023-03-05 23:43:10'),(159,1,'en','core/acl/auth','login.banned','This account is banned.','2023-03-05 23:43:10','2023-03-05 23:43:10'),(160,1,'en','core/acl/auth','login.logout_success','Logout successfully!','2023-03-05 23:43:10','2023-03-05 23:43:10'),(161,1,'en','core/acl/auth','login.dont_have_account','You don\'t have account on this system, please contact administrator for more information!','2023-03-05 23:43:10','2023-03-05 23:43:10'),(162,1,'en','core/acl/auth','forgot_password.title','Forgot Password','2023-03-05 23:43:10','2023-03-05 23:43:10'),(163,1,'en','core/acl/auth','forgot_password.message','<p>Have you forgotten your password?</p><p>Please enter your email account. System will send a email with active link to reset your password.</p>','2023-03-05 23:43:10','2023-03-05 23:43:10'),(164,1,'en','core/acl/auth','forgot_password.submit','Submit','2023-03-05 23:43:10','2023-03-05 23:43:10'),(165,1,'en','core/acl/auth','reset.new_password','New password','2023-03-05 23:43:10','2023-03-05 23:43:10'),(166,1,'en','core/acl/auth','reset.password_confirmation','Confirm new password','2023-03-05 23:43:10','2023-03-05 23:43:10'),(167,1,'en','core/acl/auth','reset.email','Email','2023-03-05 23:43:10','2023-03-05 23:43:10'),(168,1,'en','core/acl/auth','reset.title','Reset your password','2023-03-05 23:43:10','2023-03-05 23:43:10'),(169,1,'en','core/acl/auth','reset.update','Update','2023-03-05 23:43:10','2023-03-05 23:43:10'),(170,1,'en','core/acl/auth','reset.wrong_token','This link is invalid or expired. Please try using reset form again.','2023-03-05 23:43:10','2023-03-05 23:43:10'),(171,1,'en','core/acl/auth','reset.user_not_found','This username is not exist.','2023-03-05 23:43:10','2023-03-05 23:43:10'),(172,1,'en','core/acl/auth','reset.success','Reset password successfully!','2023-03-05 23:43:10','2023-03-05 23:43:10'),(173,1,'en','core/acl/auth','reset.fail','Token is invalid, the reset password link has been expired!','2023-03-05 23:43:10','2023-03-05 23:43:10'),(174,1,'en','core/acl/auth','reset.reset.title','Email reset password','2023-03-05 23:43:10','2023-03-05 23:43:10'),(175,1,'en','core/acl/auth','reset.send.success','A email was sent to your email account. Please check and complete this action.','2023-03-05 23:43:10','2023-03-05 23:43:10'),(176,1,'en','core/acl/auth','reset.send.fail','Can not send email in this time. Please try again later.','2023-03-05 23:43:10','2023-03-05 23:43:10'),(177,1,'en','core/acl/auth','reset.new-password','New password','2023-03-05 23:43:10','2023-03-05 23:43:10'),(178,1,'en','core/acl/auth','email.reminder.title','Email reset password','2023-03-05 23:43:10','2023-03-05 23:43:10'),(179,1,'en','core/acl/auth','password_confirmation','Password confirm','2023-03-05 23:43:10','2023-03-05 23:43:10'),(180,1,'en','core/acl/auth','failed','Failed','2023-03-05 23:43:10','2023-03-05 23:43:10'),(181,1,'en','core/acl/auth','throttle','Throttle','2023-03-05 23:43:10','2023-03-05 23:43:10'),(182,1,'en','core/acl/auth','not_member','Not a member yet?','2023-03-05 23:43:10','2023-03-05 23:43:10'),(183,1,'en','core/acl/auth','register_now','Register now','2023-03-05 23:43:10','2023-03-05 23:43:10'),(184,1,'en','core/acl/auth','lost_your_password','Lost your password?','2023-03-05 23:43:10','2023-03-05 23:43:10'),(185,1,'en','core/acl/auth','login_title','Admin','2023-03-05 23:43:10','2023-03-05 23:43:10'),(186,1,'en','core/acl/auth','login_via_social','Login with social networks','2023-03-05 23:43:10','2023-03-05 23:43:10'),(187,1,'en','core/acl/auth','back_to_login','Back to login page','2023-03-05 23:43:10','2023-03-05 23:43:10'),(188,1,'en','core/acl/auth','sign_in_below','Sign In Below','2023-03-05 23:43:10','2023-03-05 23:43:10'),(189,1,'en','core/acl/auth','languages','Languages','2023-03-05 23:43:10','2023-03-05 23:43:10'),(190,1,'en','core/acl/auth','reset_password','Reset Password','2023-03-05 23:43:10','2023-03-05 23:43:10'),(191,1,'en','core/acl/auth','settings.email.title','ACL','2023-03-05 23:43:10','2023-03-05 23:43:10'),(192,1,'en','core/acl/auth','settings.email.description','ACL email configuration','2023-03-05 23:43:10','2023-03-05 23:43:10'),(193,1,'en','core/acl/permissions','notices.role_in_use','Cannot delete this role, it is still in use!','2023-03-05 23:43:10','2023-03-05 23:43:10'),(194,1,'en','core/acl/permissions','notices.role_delete_belong_user','You are not able to delete this role; it belongs to someone else!','2023-03-05 23:43:10','2023-03-05 23:43:10'),(195,1,'en','core/acl/permissions','notices.role_edit_belong_user','You are not able to edit this role; it belongs to someone else!','2023-03-05 23:43:10','2023-03-05 23:43:10'),(196,1,'en','core/acl/permissions','notices.delete_global_role','You are not allowed to delete global roles!','2023-03-05 23:43:10','2023-03-05 23:43:10'),(197,1,'en','core/acl/permissions','notices.delete_success','The selected role was deleted successfully!','2023-03-05 23:43:10','2023-03-05 23:43:10'),(198,1,'en','core/acl/permissions','notices.modified_success','The selected role was modified successfully!','2023-03-05 23:43:10','2023-03-05 23:43:10'),(199,1,'en','core/acl/permissions','notices.create_success','The new role was successfully created','2023-03-05 23:43:10','2023-03-05 23:43:10'),(200,1,'en','core/acl/permissions','notices.duplicated_success','The selected role was duplicated successfully','2023-03-05 23:43:10','2023-03-05 23:43:10'),(201,1,'en','core/acl/permissions','notices.no_select','Please select at least one record to take this action!','2023-03-05 23:43:10','2023-03-05 23:43:10'),(202,1,'en','core/acl/permissions','notices.not_found','Role not found','2023-03-05 23:43:10','2023-03-05 23:43:10'),(203,1,'en','core/acl/permissions','name','Name','2023-03-05 23:43:10','2023-03-05 23:43:10'),(204,1,'en','core/acl/permissions','current_role','Current Role','2023-03-05 23:43:10','2023-03-05 23:43:10'),(205,1,'en','core/acl/permissions','no_role_assigned','No role assigned','2023-03-05 23:43:10','2023-03-05 23:43:10'),(206,1,'en','core/acl/permissions','role_assigned','Assigned Role','2023-03-05 23:43:10','2023-03-05 23:43:10'),(207,1,'en','core/acl/permissions','create_role','Create New Role','2023-03-05 23:43:10','2023-03-05 23:43:10'),(208,1,'en','core/acl/permissions','role_name','Name','2023-03-05 23:43:10','2023-03-05 23:43:10'),(209,1,'en','core/acl/permissions','role_description','Description','2023-03-05 23:43:10','2023-03-05 23:43:10'),(210,1,'en','core/acl/permissions','permission_flags','Permission Flags','2023-03-05 23:43:10','2023-03-05 23:43:10'),(211,1,'en','core/acl/permissions','cancel','Cancel','2023-03-05 23:43:10','2023-03-05 23:43:10'),(212,1,'en','core/acl/permissions','reset','Reset','2023-03-05 23:43:10','2023-03-05 23:43:10'),(213,1,'en','core/acl/permissions','save','Save','2023-03-05 23:43:10','2023-03-05 23:43:10'),(214,1,'en','core/acl/permissions','global_role_msg','This is a global role and cannot be modified.  You can use the Duplicate button to make a copy of this role that you can then modify.','2023-03-05 23:43:10','2023-03-05 23:43:10'),(215,1,'en','core/acl/permissions','details','Details','2023-03-05 23:43:10','2023-03-05 23:43:10'),(216,1,'en','core/acl/permissions','duplicate','Duplicate','2023-03-05 23:43:10','2023-03-05 23:43:10'),(217,1,'en','core/acl/permissions','all','All Permissions','2023-03-05 23:43:10','2023-03-05 23:43:10'),(218,1,'en','core/acl/permissions','list_role','List Roles','2023-03-05 23:43:10','2023-03-05 23:43:10'),(219,1,'en','core/acl/permissions','created_on','Created On','2023-03-05 23:43:10','2023-03-05 23:43:10'),(220,1,'en','core/acl/permissions','created_by','Created By','2023-03-05 23:43:10','2023-03-05 23:43:10'),(221,1,'en','core/acl/permissions','actions','Actions','2023-03-05 23:43:10','2023-03-05 23:43:10'),(222,1,'en','core/acl/permissions','role_in_use','Cannot delete this role, it is still in use!','2023-03-05 23:43:10','2023-03-05 23:43:10'),(223,1,'en','core/acl/permissions','role_delete_belong_user','You are not able to delete this role; it belongs to someone else!','2023-03-05 23:43:10','2023-03-05 23:43:10'),(224,1,'en','core/acl/permissions','delete_global_role','Can not delete global role','2023-03-05 23:43:10','2023-03-05 23:43:10'),(225,1,'en','core/acl/permissions','delete_success','Delete role successfully','2023-03-05 23:43:10','2023-03-05 23:43:10'),(226,1,'en','core/acl/permissions','no_select','Please select at least one role to take this action!','2023-03-05 23:43:10','2023-03-05 23:43:10'),(227,1,'en','core/acl/permissions','not_found','No role found!','2023-03-05 23:43:10','2023-03-05 23:43:10'),(228,1,'en','core/acl/permissions','role_edit_belong_user','You are not able to edit this role; it belongs to someone else!','2023-03-05 23:43:10','2023-03-05 23:43:10'),(229,1,'en','core/acl/permissions','modified_success','Modified successfully','2023-03-05 23:43:10','2023-03-05 23:43:10'),(230,1,'en','core/acl/permissions','create_success','Create successfully','2023-03-05 23:43:10','2023-03-05 23:43:10'),(231,1,'en','core/acl/permissions','duplicated_success','Duplicated successfully','2023-03-05 23:43:10','2023-03-05 23:43:10'),(232,1,'en','core/acl/permissions','options','Options','2023-03-05 23:43:11','2023-03-05 23:43:11'),(233,1,'en','core/acl/permissions','access_denied_message','You are not allowed to do this action','2023-03-05 23:43:11','2023-03-05 23:43:11'),(234,1,'en','core/acl/permissions','roles','Roles','2023-03-05 23:43:11','2023-03-05 23:43:11'),(235,1,'en','core/acl/permissions','role_permission','Roles and Permissions','2023-03-05 23:43:11','2023-03-05 23:43:11'),(236,1,'en','core/acl/permissions','user_management','User Management','2023-03-05 23:43:11','2023-03-05 23:43:11'),(237,1,'en','core/acl/permissions','super_user_management','Super User Management','2023-03-05 23:43:11','2023-03-05 23:43:11'),(238,1,'en','core/acl/permissions','action_unauthorized','This action is unauthorized.','2023-03-05 23:43:11','2023-03-05 23:43:11'),(239,1,'en','core/acl/reminders','password','Passwords must be at least six characters and match the confirmation.','2023-03-05 23:43:11','2023-03-05 23:43:11'),(240,1,'en','core/acl/reminders','user','We can\'t find a user with that e-mail address.','2023-03-05 23:43:11','2023-03-05 23:43:11'),(241,1,'en','core/acl/reminders','token','This password reset token is invalid.','2023-03-05 23:43:11','2023-03-05 23:43:11'),(242,1,'en','core/acl/reminders','sent','Password reminder sent!','2023-03-05 23:43:11','2023-03-05 23:43:11'),(243,1,'en','core/acl/reminders','reset','Password has been reset!','2023-03-05 23:43:11','2023-03-05 23:43:11'),(244,1,'en','core/acl/users','delete_user_logged_in','Can\'t delete this user. This user is logged on!','2023-03-05 23:43:11','2023-03-05 23:43:11'),(245,1,'en','core/acl/users','no_select','Please select at least one record to take this action!','2023-03-05 23:43:11','2023-03-05 23:43:11'),(246,1,'en','core/acl/users','lock_user_logged_in','Can\'t lock this user. This user is logged on!','2023-03-05 23:43:11','2023-03-05 23:43:11'),(247,1,'en','core/acl/users','update_success','Update status successfully!','2023-03-05 23:43:11','2023-03-05 23:43:11'),(248,1,'en','core/acl/users','save_setting_failed','Something went wrong when save your setting','2023-03-05 23:43:11','2023-03-05 23:43:11'),(249,1,'en','core/acl/users','not_found','User not found','2023-03-05 23:43:11','2023-03-05 23:43:11'),(250,1,'en','core/acl/users','email_exist','That email address already belongs to an existing account','2023-03-05 23:43:11','2023-03-05 23:43:11'),(251,1,'en','core/acl/users','username_exist','That username address already belongs to an existing account','2023-03-05 23:43:11','2023-03-05 23:43:11'),(252,1,'en','core/acl/users','update_profile_success','Your profile changes were successfully saved','2023-03-05 23:43:11','2023-03-05 23:43:11'),(253,1,'en','core/acl/users','password_update_success','Password successfully changed','2023-03-05 23:43:11','2023-03-05 23:43:11'),(254,1,'en','core/acl/users','current_password_not_valid','Current password is not valid','2023-03-05 23:43:11','2023-03-05 23:43:11'),(255,1,'en','core/acl/users','user_exist_in','User is already a member','2023-03-05 23:43:11','2023-03-05 23:43:11'),(256,1,'en','core/acl/users','email','Email','2023-03-05 23:43:11','2023-03-05 23:43:11'),(257,1,'en','core/acl/users','role','Role','2023-03-05 23:43:11','2023-03-05 23:43:11'),(258,1,'en','core/acl/users','username','Username','2023-03-05 23:43:11','2023-03-05 23:43:11'),(259,1,'en','core/acl/users','last_name','Last Name','2023-03-05 23:43:11','2023-03-05 23:43:11'),(260,1,'en','core/acl/users','first_name','First Name','2023-03-05 23:43:11','2023-03-05 23:43:11'),(261,1,'en','core/acl/users','message','Message','2023-03-05 23:43:11','2023-03-05 23:43:11'),(262,1,'en','core/acl/users','cancel_btn','Cancel','2023-03-05 23:43:11','2023-03-05 23:43:11'),(263,1,'en','core/acl/users','change_password','Change password','2023-03-05 23:43:11','2023-03-05 23:43:11'),(264,1,'en','core/acl/users','current_password','Current password','2023-03-05 23:43:11','2023-03-05 23:43:11'),(265,1,'en','core/acl/users','new_password','New Password','2023-03-05 23:43:11','2023-03-05 23:43:11'),(266,1,'en','core/acl/users','confirm_new_password','Confirm New Password','2023-03-05 23:43:11','2023-03-05 23:43:11'),(267,1,'en','core/acl/users','password','Password','2023-03-05 23:43:11','2023-03-05 23:43:11'),(268,1,'en','core/acl/users','save','Save','2023-03-05 23:43:11','2023-03-05 23:43:11'),(269,1,'en','core/acl/users','cannot_delete','User could not be deleted','2023-03-05 23:43:11','2023-03-05 23:43:11'),(270,1,'en','core/acl/users','deleted','User deleted','2023-03-05 23:43:11','2023-03-05 23:43:11'),(271,1,'en','core/acl/users','last_login','Last Login','2023-03-05 23:43:11','2023-03-05 23:43:11'),(272,1,'en','core/acl/users','error_update_profile_image','Error when update profile image','2023-03-05 23:43:11','2023-03-05 23:43:11'),(273,1,'en','core/acl/users','email_reminder_template','<h3>Hello :name</h3><p>The system has received a request to restore the password for your account, to complete this task please click the link below.</p><p><a href=\":link\">Reset password now</a></p><p>If not you ask recover password, please ignore this email.</p><p>This email is valid for 60 minutes after receiving the email.</p>','2023-03-05 23:43:11','2023-03-05 23:43:11'),(274,1,'en','core/acl/users','change_profile_image','Change Profile Image','2023-03-05 23:43:11','2023-03-05 23:43:11'),(275,1,'en','core/acl/users','new_image','New Image','2023-03-05 23:43:11','2023-03-05 23:43:11'),(276,1,'en','core/acl/users','loading','Loading','2023-03-05 23:43:11','2023-03-05 23:43:11'),(277,1,'en','core/acl/users','close','Close','2023-03-05 23:43:11','2023-03-05 23:43:11'),(278,1,'en','core/acl/users','update','Update','2023-03-05 23:43:11','2023-03-05 23:43:11'),(279,1,'en','core/acl/users','read_image_failed','Failed to read the image file','2023-03-05 23:43:11','2023-03-05 23:43:11'),(280,1,'en','core/acl/users','users','Users','2023-03-05 23:43:11','2023-03-05 23:43:11'),(281,1,'en','core/acl/users','update_avatar_success','Update profile image successfully!','2023-03-05 23:43:11','2023-03-05 23:43:11'),(282,1,'en','core/acl/users','info.title','User profile','2023-03-05 23:43:11','2023-03-05 23:43:11'),(283,1,'en','core/acl/users','info.first_name','First Name','2023-03-05 23:43:11','2023-03-05 23:43:11'),(284,1,'en','core/acl/users','info.last_name','Last Name','2023-03-05 23:43:11','2023-03-05 23:43:11'),(285,1,'en','core/acl/users','total_users','Total users','2023-03-05 23:43:11','2023-03-05 23:43:11'),(286,1,'en','core/acl/users','statuses.activated','Activated','2023-03-05 23:43:11','2023-03-05 23:43:11'),(287,1,'en','core/acl/users','statuses.deactivated','Deactivated','2023-03-05 23:43:11','2023-03-05 23:43:11'),(288,1,'en','core/acl/users','make_super','Make super','2023-03-05 23:43:11','2023-03-05 23:43:11'),(289,1,'en','core/acl/users','remove_super','Remove super','2023-03-05 23:43:11','2023-03-05 23:43:11'),(290,1,'en','core/acl/users','is_super','Is super?','2023-03-05 23:43:11','2023-03-05 23:43:11'),(291,1,'en','core/acl/users','email_placeholder','Ex: example@gmail.com','2023-03-05 23:43:11','2023-03-05 23:43:11'),(292,1,'en','core/acl/users','password_confirmation','Re-type password','2023-03-05 23:43:11','2023-03-05 23:43:11'),(293,1,'en','core/acl/users','select_role','Select role','2023-03-05 23:43:11','2023-03-05 23:43:11'),(294,1,'en','core/acl/users','create_new_user','Create a new user','2023-03-05 23:43:11','2023-03-05 23:43:11'),(295,1,'en','core/acl/users','cannot_delete_super_user','Permission denied. Cannot delete a super user!','2023-03-05 23:43:11','2023-03-05 23:43:11'),(296,1,'en','core/acl/users','assigned_role','Assigned Role','2023-03-05 23:43:11','2023-03-05 23:43:11'),(297,1,'en','core/acl/users','no_role_assigned','No role assigned','2023-03-05 23:43:11','2023-03-05 23:43:11'),(298,1,'en','core/acl/users','view_user_profile','View user\'s profile','2023-03-05 23:43:11','2023-03-05 23:43:11'),(448,1,'en','core/base/base','yes','Yes','2023-03-05 23:43:11','2023-03-05 23:43:11'),(449,1,'en','core/base/base','no','No','2023-03-05 23:43:11','2023-03-05 23:43:11'),(450,1,'en','core/base/base','is_default','Is default?','2023-03-05 23:43:11','2023-03-05 23:43:11'),(451,1,'en','core/base/base','proc_close_disabled_error','Function proc_close() is disabled. Please contact your hosting provider to enable\n    it. Or you can add to .env: CAN_EXECUTE_COMMAND=false to disable this feature.','2023-03-05 23:43:11','2023-03-05 23:43:11'),(452,1,'en','core/base/base','email_template.header','Email template header','2023-03-05 23:43:11','2023-03-05 23:43:11'),(453,1,'en','core/base/base','email_template.footer','Email template footer','2023-03-05 23:43:11','2023-03-05 23:43:11'),(454,1,'en','core/base/base','email_template.site_title','Site title','2023-03-05 23:43:11','2023-03-05 23:43:11'),(455,1,'en','core/base/base','email_template.site_url','Site URL','2023-03-05 23:43:11','2023-03-05 23:43:11'),(456,1,'en','core/base/base','email_template.site_logo','Site Logo','2023-03-05 23:43:11','2023-03-05 23:43:11'),(457,1,'en','core/base/base','email_template.date_time','Current date time','2023-03-05 23:43:11','2023-03-05 23:43:11'),(458,1,'en','core/base/base','email_template.date_year','Current year','2023-03-05 23:43:11','2023-03-05 23:43:11'),(459,1,'en','core/base/base','email_template.site_admin_email','Site admin email','2023-03-05 23:43:11','2023-03-05 23:43:11'),(460,1,'en','core/base/base','change_image','Change image','2023-03-05 23:43:11','2023-03-05 23:43:11'),(461,1,'en','core/base/base','delete_image','Delete image','2023-03-05 23:43:11','2023-03-05 23:43:11'),(462,1,'en','core/base/base','preview_image','Preview image','2023-03-05 23:43:11','2023-03-05 23:43:11'),(463,1,'en','core/base/base','image','Image','2023-03-05 23:43:11','2023-03-05 23:43:11'),(464,1,'en','core/base/base','using_button','Using button','2023-03-05 23:43:11','2023-03-05 23:43:11'),(465,1,'en','core/base/base','select_image','Select image','2023-03-05 23:43:11','2023-03-05 23:43:11'),(466,1,'en','core/base/base','to_add_more_image','to add more images','2023-03-05 23:43:11','2023-03-05 23:43:11'),(467,1,'en','core/base/base','add_image','Add image','2023-03-05 23:43:11','2023-03-05 23:43:11'),(468,1,'en','core/base/base','tools','Tools','2023-03-05 23:43:11','2023-03-05 23:43:11'),(469,1,'en','core/base/cache','cache_management','Cache management','2023-03-05 23:43:11','2023-03-05 23:43:11'),(470,1,'en','core/base/cache','cache_commands','Clear cache commands','2023-03-05 23:43:11','2023-03-05 23:43:11'),(471,1,'en','core/base/cache','commands.clear_cms_cache.title','Clear all CMS cache','2023-03-05 23:43:11','2023-03-05 23:43:11'),(472,1,'en','core/base/cache','commands.clear_cms_cache.description','Clear CMS caching: database caching, static blocks... Run this command when you don\'t see the changes after updating data.','2023-03-05 23:43:11','2023-03-05 23:43:11'),(473,1,'en','core/base/cache','commands.clear_cms_cache.success_msg','Cache cleaned','2023-03-05 23:43:11','2023-03-05 23:43:11'),(474,1,'en','core/base/cache','commands.refresh_compiled_views.title','Refresh compiled views','2023-03-05 23:43:11','2023-03-05 23:43:11'),(475,1,'en','core/base/cache','commands.refresh_compiled_views.description','Clear compiled views to make views up to date.','2023-03-05 23:43:11','2023-03-05 23:43:11'),(476,1,'en','core/base/cache','commands.refresh_compiled_views.success_msg','Cache view refreshed','2023-03-05 23:43:11','2023-03-05 23:43:11'),(477,1,'en','core/base/cache','commands.clear_config_cache.title','Clear config cache','2023-03-05 23:43:11','2023-03-05 23:43:11'),(478,1,'en','core/base/cache','commands.clear_config_cache.description','You might need to refresh the config caching when you change something on production environment.','2023-03-05 23:43:11','2023-03-05 23:43:11'),(479,1,'en','core/base/cache','commands.clear_config_cache.success_msg','Config cache cleaned','2023-03-05 23:43:11','2023-03-05 23:43:11'),(480,1,'en','core/base/cache','commands.clear_route_cache.title','Clear route cache','2023-03-05 23:43:11','2023-03-05 23:43:11'),(481,1,'en','core/base/cache','commands.clear_route_cache.description','Clear cache routing.','2023-03-05 23:43:11','2023-03-05 23:43:11'),(482,1,'en','core/base/cache','commands.clear_route_cache.success_msg','The route cache has been cleaned','2023-03-05 23:43:11','2023-03-05 23:43:11'),(483,1,'en','core/base/cache','commands.clear_log.title','Clear log','2023-03-05 23:43:11','2023-03-05 23:43:11'),(484,1,'en','core/base/cache','commands.clear_log.description','Clear system log files','2023-03-05 23:43:11','2023-03-05 23:43:11'),(485,1,'en','core/base/cache','commands.clear_log.success_msg','The system log has been cleaned','2023-03-05 23:43:11','2023-03-05 23:43:11'),(486,1,'en','core/base/enums','statuses.draft','Draft','2023-03-05 23:43:11','2023-03-05 23:43:11'),(487,1,'en','core/base/enums','statuses.pending','Pending','2023-03-05 23:43:11','2023-03-05 23:43:11'),(488,1,'en','core/base/enums','statuses.published','Published','2023-03-05 23:43:11','2023-03-05 23:43:11'),(489,1,'en','core/base/errors','401_title','Permission Denied','2023-03-05 23:43:11','2023-03-05 23:43:11'),(490,1,'en','core/base/errors','401_msg','<li>You have not been granted access to the section by the administrator.</li>\n	                <li>You may have the wrong account type.</li>\n	                <li>You are not authorized to view the requested resource.</li>\n	                <li>Your subscription may have expired.</li>','2023-03-05 23:43:11','2023-03-05 23:43:11'),(491,1,'en','core/base/errors','404_title','Page could not be found','2023-03-05 23:43:11','2023-03-05 23:43:11'),(492,1,'en','core/base/errors','404_msg','<li>The page you requested does not exist.</li>\n	                <li>The link you clicked is no longer.</li>\n	                <li>The page may have moved to a new location.</li>\n	                <li>An error may have occurred.</li>\n	                <li>You are not authorized to view the requested resource.</li>','2023-03-05 23:43:11','2023-03-05 23:43:11'),(493,1,'en','core/base/errors','500_title','Page could not be loaded','2023-03-05 23:43:12','2023-03-05 23:43:12'),(494,1,'en','core/base/errors','500_msg','<li>The page you requested does not exist.</li>\n	                <li>The link you clicked is no longer.</li>\n	                <li>The page may have moved to a new location.</li>\n	                <li>An error may have occurred.</li>\n	                <li>You are not authorized to view the requested resource.</li>','2023-03-05 23:43:12','2023-03-05 23:43:12'),(495,1,'en','core/base/errors','reasons','This may have occurred because of several reasons','2023-03-05 23:43:12','2023-03-05 23:43:12'),(496,1,'en','core/base/errors','try_again','Please try again in a few minutes, or alternatively return to the homepage by <a href=\"https://nest.test/admin\">clicking here</a>.','2023-03-05 23:43:12','2023-03-05 23:43:12'),(497,1,'en','core/base/errors','not_found','Not Found','2023-03-05 23:43:12','2023-03-05 23:43:12'),(498,1,'en','core/base/forms','choose_image','Choose image','2023-03-05 23:43:12','2023-03-05 23:43:12'),(499,1,'en','core/base/forms','actions','Actions','2023-03-05 23:43:12','2023-03-05 23:43:12'),(500,1,'en','core/base/forms','save','Save','2023-03-05 23:43:12','2023-03-05 23:43:12'),(501,1,'en','core/base/forms','save_and_continue','Save & Edit','2023-03-05 23:43:12','2023-03-05 23:43:12'),(502,1,'en','core/base/forms','image','Image','2023-03-05 23:43:12','2023-03-05 23:43:12'),(503,1,'en','core/base/forms','image_placeholder','Insert path of image or click upload button','2023-03-05 23:43:12','2023-03-05 23:43:12'),(504,1,'en','core/base/forms','create','Create','2023-03-05 23:43:12','2023-03-05 23:43:12'),(505,1,'en','core/base/forms','edit','Edit','2023-03-05 23:43:12','2023-03-05 23:43:12'),(506,1,'en','core/base/forms','permalink','Permalink','2023-03-05 23:43:12','2023-03-05 23:43:12'),(507,1,'en','core/base/forms','ok','OK','2023-03-05 23:43:12','2023-03-05 23:43:12'),(508,1,'en','core/base/forms','cancel','Cancel','2023-03-05 23:43:12','2023-03-05 23:43:12'),(509,1,'en','core/base/forms','character_remain','character(s) remain','2023-03-05 23:43:12','2023-03-05 23:43:12'),(510,1,'en','core/base/forms','template','Template','2023-03-05 23:43:12','2023-03-05 23:43:12'),(511,1,'en','core/base/forms','choose_file','Choose file','2023-03-05 23:43:12','2023-03-05 23:43:12'),(512,1,'en','core/base/forms','file','File','2023-03-05 23:43:12','2023-03-05 23:43:12'),(513,1,'en','core/base/forms','content','Content','2023-03-05 23:43:12','2023-03-05 23:43:12'),(514,1,'en','core/base/forms','description','Description','2023-03-05 23:43:12','2023-03-05 23:43:12'),(515,1,'en','core/base/forms','name','Name','2023-03-05 23:43:12','2023-03-05 23:43:12'),(516,1,'en','core/base/forms','slug','Slug','2023-03-05 23:43:12','2023-03-05 23:43:12'),(517,1,'en','core/base/forms','title','Title','2023-03-05 23:43:12','2023-03-05 23:43:12'),(518,1,'en','core/base/forms','value','Value','2023-03-05 23:43:12','2023-03-05 23:43:12'),(519,1,'en','core/base/forms','name_placeholder','Name','2023-03-05 23:43:12','2023-03-05 23:43:12'),(520,1,'en','core/base/forms','alias_placeholder','Alias','2023-03-05 23:43:12','2023-03-05 23:43:12'),(521,1,'en','core/base/forms','description_placeholder','Short description','2023-03-05 23:43:12','2023-03-05 23:43:12'),(522,1,'en','core/base/forms','parent','Parent','2023-03-05 23:43:12','2023-03-05 23:43:12'),(523,1,'en','core/base/forms','icon','Icon','2023-03-05 23:43:12','2023-03-05 23:43:12'),(524,1,'en','core/base/forms','icon_placeholder','Ex: fa fa-home','2023-03-05 23:43:12','2023-03-05 23:43:12'),(525,1,'en','core/base/forms','order_by','Order by','2023-03-05 23:43:12','2023-03-05 23:43:12'),(526,1,'en','core/base/forms','order_by_placeholder','Order by','2023-03-05 23:43:12','2023-03-05 23:43:12'),(527,1,'en','core/base/forms','is_featured','Is featured?','2023-03-05 23:43:12','2023-03-05 23:43:12'),(528,1,'en','core/base/forms','is_default','Is default?','2023-03-05 23:43:12','2023-03-05 23:43:12'),(529,1,'en','core/base/forms','update','Update','2023-03-05 23:43:12','2023-03-05 23:43:12'),(530,1,'en','core/base/forms','publish','Publish','2023-03-05 23:43:12','2023-03-05 23:43:12'),(531,1,'en','core/base/forms','remove_image','Remove image','2023-03-05 23:43:12','2023-03-05 23:43:12'),(532,1,'en','core/base/forms','remove_file','Remove file','2023-03-05 23:43:12','2023-03-05 23:43:12'),(533,1,'en','core/base/forms','order','Order','2023-03-05 23:43:12','2023-03-05 23:43:12'),(534,1,'en','core/base/forms','alias','Alias','2023-03-05 23:43:12','2023-03-05 23:43:12'),(535,1,'en','core/base/forms','basic_information','Basic information','2023-03-05 23:43:12','2023-03-05 23:43:12'),(536,1,'en','core/base/forms','short_code','Shortcode','2023-03-05 23:43:12','2023-03-05 23:43:12'),(537,1,'en','core/base/forms','add_short_code','Add a shortcode','2023-03-05 23:43:12','2023-03-05 23:43:12'),(538,1,'en','core/base/forms','add','Add','2023-03-05 23:43:12','2023-03-05 23:43:12'),(539,1,'en','core/base/forms','link','Link','2023-03-05 23:43:12','2023-03-05 23:43:12'),(540,1,'en','core/base/forms','show_hide_editor','Show/Hide Editor','2023-03-05 23:43:12','2023-03-05 23:43:12'),(541,1,'en','core/base/forms','basic_info_title','Basic information','2023-03-05 23:43:12','2023-03-05 23:43:12'),(542,1,'en','core/base/forms','expand_all','Expand all','2023-03-05 23:43:12','2023-03-05 23:43:12'),(543,1,'en','core/base/forms','collapse_all','Collapse all','2023-03-05 23:43:12','2023-03-05 23:43:12'),(544,1,'en','core/base/forms','view_new_tab','Open in new tab','2023-03-05 23:43:12','2023-03-05 23:43:12'),(545,1,'en','core/base/forms','view_preview_image','View preview image','2023-03-05 23:43:12','2023-03-05 23:43:12'),(546,1,'en','core/base/layouts','platform_admin','Platform Administration','2023-03-05 23:43:12','2023-03-05 23:43:12'),(547,1,'en','core/base/layouts','dashboard','Dashboard','2023-03-05 23:43:12','2023-03-05 23:43:12'),(548,1,'en','core/base/layouts','widgets','Widgets','2023-03-05 23:43:12','2023-03-05 23:43:12'),(549,1,'en','core/base/layouts','plugins','Plugins','2023-03-05 23:43:12','2023-03-05 23:43:12'),(550,1,'en','core/base/layouts','settings','Settings','2023-03-05 23:43:12','2023-03-05 23:43:12'),(551,1,'en','core/base/layouts','setting_general','General','2023-03-05 23:43:12','2023-03-05 23:43:12'),(552,1,'en','core/base/layouts','setting_email','Email','2023-03-05 23:43:12','2023-03-05 23:43:12'),(553,1,'en','core/base/layouts','system_information','System information','2023-03-05 23:43:12','2023-03-05 23:43:12'),(554,1,'en','core/base/layouts','theme','Theme','2023-03-05 23:43:12','2023-03-05 23:43:12'),(555,1,'en','core/base/layouts','copyright','Copyright :year &copy; :company. Version: <span>:version</span>','2023-03-05 23:43:12','2023-03-05 23:43:12'),(556,1,'en','core/base/layouts','profile','Profile','2023-03-05 23:43:12','2023-03-05 23:43:12'),(557,1,'en','core/base/layouts','logout','Logout','2023-03-05 23:43:12','2023-03-05 23:43:12'),(558,1,'en','core/base/layouts','no_search_result','No results found, please try with different keywords.','2023-03-05 23:43:12','2023-03-05 23:43:12'),(559,1,'en','core/base/layouts','home','Home','2023-03-05 23:43:12','2023-03-05 23:43:12'),(560,1,'en','core/base/layouts','search','Search','2023-03-05 23:43:12','2023-03-05 23:43:12'),(561,1,'en','core/base/layouts','add_new','Add new','2023-03-05 23:43:12','2023-03-05 23:43:12'),(562,1,'en','core/base/layouts','n_a','N/A','2023-03-05 23:43:12','2023-03-05 23:43:12'),(563,1,'en','core/base/layouts','page_loaded_time','Page loaded in','2023-03-05 23:43:12','2023-03-05 23:43:12'),(564,1,'en','core/base/layouts','view_website','View website','2023-03-05 23:43:12','2023-03-05 23:43:12'),(565,1,'en','core/base/mail','send-fail','Send email failed','2023-03-05 23:43:12','2023-03-05 23:43:12'),(566,1,'en','core/base/notices','create_success_message','Created successfully','2023-03-05 23:43:12','2023-03-05 23:43:12'),(567,1,'en','core/base/notices','update_success_message','Updated successfully','2023-03-05 23:43:12','2023-03-05 23:43:12'),(568,1,'en','core/base/notices','delete_success_message','Deleted successfully','2023-03-05 23:43:12','2023-03-05 23:43:12'),(569,1,'en','core/base/notices','success_header','Success!','2023-03-05 23:43:12','2023-03-05 23:43:12'),(570,1,'en','core/base/notices','error_header','Error!','2023-03-05 23:43:12','2023-03-05 23:43:12'),(571,1,'en','core/base/notices','no_select','Please select at least one record to perform this action!','2023-03-05 23:43:12','2023-03-05 23:43:12'),(572,1,'en','core/base/notices','processing_request','We are processing your request.','2023-03-05 23:43:12','2023-03-05 23:43:12'),(573,1,'en','core/base/notices','error','Error!','2023-03-05 23:43:12','2023-03-05 23:43:12'),(574,1,'en','core/base/notices','success','Success!','2023-03-05 23:43:12','2023-03-05 23:43:12'),(575,1,'en','core/base/notices','info','Info!','2023-03-05 23:43:12','2023-03-05 23:43:12'),(576,1,'en','core/base/notices','enum.validate_message','The :attribute value you have entered is invalid.','2023-03-05 23:43:12','2023-03-05 23:43:12'),(577,1,'en','core/base/system','no_select','Please select at least one record to take this action!','2023-03-05 23:43:12','2023-03-05 23:43:12'),(578,1,'en','core/base/system','cannot_find_user','Unable to find specified user','2023-03-05 23:43:12','2023-03-05 23:43:12'),(579,1,'en','core/base/system','supper_revoked','Super user access revoked','2023-03-05 23:43:12','2023-03-05 23:43:12'),(580,1,'en','core/base/system','cannot_revoke_yourself','Can not revoke supper user access permission yourself!','2023-03-05 23:43:12','2023-03-05 23:43:12'),(581,1,'en','core/base/system','cant_remove_supper','You don\'t has permission to remove this super user','2023-03-05 23:43:12','2023-03-05 23:43:12'),(582,1,'en','core/base/system','cant_find_user_with_email','Unable to find user with specified email address','2023-03-05 23:43:12','2023-03-05 23:43:12'),(583,1,'en','core/base/system','supper_granted','Super user access granted','2023-03-05 23:43:12','2023-03-05 23:43:12'),(584,1,'en','core/base/system','delete_log_success','Delete log file successfully!','2023-03-05 23:43:12','2023-03-05 23:43:12'),(585,1,'en','core/base/system','get_member_success','Member list retrieved successfully','2023-03-05 23:43:12','2023-03-05 23:43:12'),(586,1,'en','core/base/system','error_occur','The following errors occurred','2023-03-05 23:43:12','2023-03-05 23:43:12'),(587,1,'en','core/base/system','user_management','User Management','2023-03-05 23:43:12','2023-03-05 23:43:12'),(588,1,'en','core/base/system','user_management_description','Manage users.','2023-03-05 23:43:12','2023-03-05 23:43:12'),(589,1,'en','core/base/system','role_and_permission','Roles and Permissions','2023-03-05 23:43:12','2023-03-05 23:43:12'),(590,1,'en','core/base/system','role_and_permission_description','Manage the available roles.','2023-03-05 23:43:12','2023-03-05 23:43:12'),(591,1,'en','core/base/system','user.list_super','List Super Users','2023-03-05 23:43:12','2023-03-05 23:43:12'),(592,1,'en','core/base/system','user.email','Email','2023-03-05 23:43:12','2023-03-05 23:43:12'),(593,1,'en','core/base/system','user.last_login','Last Login','2023-03-05 23:43:12','2023-03-05 23:43:12'),(594,1,'en','core/base/system','user.username','Username','2023-03-05 23:43:12','2023-03-05 23:43:12'),(595,1,'en','core/base/system','user.add_user','Add Super User','2023-03-05 23:43:12','2023-03-05 23:43:12'),(596,1,'en','core/base/system','user.cancel','Cancel','2023-03-05 23:43:12','2023-03-05 23:43:12'),(597,1,'en','core/base/system','user.create','Create','2023-03-05 23:43:12','2023-03-05 23:43:12'),(598,1,'en','core/base/system','options.features','Feature Access Control','2023-03-05 23:43:12','2023-03-05 23:43:12'),(599,1,'en','core/base/system','options.feature_description','Manage the available.','2023-03-05 23:43:12','2023-03-05 23:43:12'),(600,1,'en','core/base/system','options.manage_super','Super User Management','2023-03-05 23:43:12','2023-03-05 23:43:12'),(601,1,'en','core/base/system','options.manage_super_description','Add/remove super users.','2023-03-05 23:43:12','2023-03-05 23:43:12'),(602,1,'en','core/base/system','options.info','System information','2023-03-05 23:43:12','2023-03-05 23:43:12'),(603,1,'en','core/base/system','options.info_description','All information about current system configuration.','2023-03-05 23:43:12','2023-03-05 23:43:12'),(604,1,'en','core/base/system','info.title','System information','2023-03-05 23:43:12','2023-03-05 23:43:12'),(605,1,'en','core/base/system','info.cache','Cache','2023-03-05 23:43:12','2023-03-05 23:43:12'),(606,1,'en','core/base/system','info.locale','Active locale','2023-03-05 23:43:12','2023-03-05 23:43:12'),(607,1,'en','core/base/system','info.environment','Environment','2023-03-05 23:43:12','2023-03-05 23:43:12'),(608,1,'en','core/base/system','disabled_in_demo_mode','You cannot do it in demo mode!','2023-03-05 23:43:12','2023-03-05 23:43:12'),(609,1,'en','core/base/system','report_description','Please share this information for troubleshooting','2023-03-05 23:43:12','2023-03-05 23:43:12'),(610,1,'en','core/base/system','get_system_report','Get System Report','2023-03-05 23:43:12','2023-03-05 23:43:12'),(611,1,'en','core/base/system','system_environment','System Environment','2023-03-05 23:43:12','2023-03-05 23:43:12'),(612,1,'en','core/base/system','framework_version','Framework Version','2023-03-05 23:43:12','2023-03-05 23:43:12'),(613,1,'en','core/base/system','timezone','Timezone','2023-03-05 23:43:12','2023-03-05 23:43:12'),(614,1,'en','core/base/system','debug_mode','Debug Mode','2023-03-05 23:43:12','2023-03-05 23:43:12'),(615,1,'en','core/base/system','storage_dir_writable','Storage Dir Writable','2023-03-05 23:43:12','2023-03-05 23:43:12'),(616,1,'en','core/base/system','cache_dir_writable','Cache Dir Writable','2023-03-05 23:43:12','2023-03-05 23:43:12'),(617,1,'en','core/base/system','app_size','App Size','2023-03-05 23:43:12','2023-03-05 23:43:12'),(618,1,'en','core/base/system','server_environment','Server Environment','2023-03-05 23:43:12','2023-03-05 23:43:12'),(619,1,'en','core/base/system','php_version','PHP Version','2023-03-05 23:43:12','2023-03-05 23:43:12'),(620,1,'en','core/base/system','php_version_error','PHP must be >= :version','2023-03-05 23:43:12','2023-03-05 23:43:12'),(621,1,'en','core/base/system','server_software','Server Software','2023-03-05 23:43:12','2023-03-05 23:43:12'),(622,1,'en','core/base/system','server_os','Server OS','2023-03-05 23:43:12','2023-03-05 23:43:12'),(623,1,'en','core/base/system','database','Database','2023-03-05 23:43:12','2023-03-05 23:43:12'),(624,1,'en','core/base/system','ssl_installed','SSL Installed','2023-03-05 23:43:12','2023-03-05 23:43:12'),(625,1,'en','core/base/system','cache_driver','Cache Driver','2023-03-05 23:43:12','2023-03-05 23:43:12'),(626,1,'en','core/base/system','session_driver','Session Driver','2023-03-05 23:43:12','2023-03-05 23:43:12'),(627,1,'en','core/base/system','queue_connection','Queue Connection','2023-03-05 23:43:12','2023-03-05 23:43:12'),(628,1,'en','core/base/system','mbstring_ext','Mbstring Ext','2023-03-05 23:43:12','2023-03-05 23:43:12'),(629,1,'en','core/base/system','openssl_ext','OpenSSL Ext','2023-03-05 23:43:12','2023-03-05 23:43:12'),(630,1,'en','core/base/system','pdo_ext','PDO Ext','2023-03-05 23:43:12','2023-03-05 23:43:12'),(631,1,'en','core/base/system','curl_ext','CURL Ext','2023-03-05 23:43:12','2023-03-05 23:43:12'),(632,1,'en','core/base/system','exif_ext','Exif Ext','2023-03-05 23:43:12','2023-03-05 23:43:12'),(633,1,'en','core/base/system','file_info_ext','File info Ext','2023-03-05 23:43:12','2023-03-05 23:43:12'),(634,1,'en','core/base/system','tokenizer_ext','Tokenizer Ext','2023-03-05 23:43:12','2023-03-05 23:43:12'),(635,1,'en','core/base/system','extra_stats','Extra Stats','2023-03-05 23:43:12','2023-03-05 23:43:12'),(636,1,'en','core/base/system','installed_packages','Installed packages and their version numbers','2023-03-05 23:43:12','2023-03-05 23:43:12'),(637,1,'en','core/base/system','extra_information','Extra Information','2023-03-05 23:43:12','2023-03-05 23:43:12'),(638,1,'en','core/base/system','copy_report','Copy Report','2023-03-05 23:43:12','2023-03-05 23:43:12'),(639,1,'en','core/base/system','package_name','Package Name','2023-03-05 23:43:12','2023-03-05 23:43:12'),(640,1,'en','core/base/system','dependency_name','Dependency Name','2023-03-05 23:43:12','2023-03-05 23:43:12'),(641,1,'en','core/base/system','version','Version','2023-03-05 23:43:12','2023-03-05 23:43:12'),(642,1,'en','core/base/system','cms_version','CMS Version','2023-03-05 23:43:12','2023-03-05 23:43:12'),(643,1,'en','core/base/system','imagick_or_gd_ext','Imagick/GD Ext','2023-03-05 23:43:12','2023-03-05 23:43:12'),(644,1,'en','core/base/system','updater','System Updater','2023-03-05 23:43:12','2023-03-05 23:43:12'),(645,1,'en','core/base/system','zip','Zip Ext','2023-03-05 23:43:12','2023-03-05 23:43:12'),(646,1,'en','core/base/system','memory_limit','Memory limit','2023-03-05 23:43:12','2023-03-05 23:43:12'),(647,1,'en','core/base/system','max_execution_time','Max execution time (s)','2023-03-05 23:43:12','2023-03-05 23:43:12'),(648,1,'en','core/base/system','php_version_warning','You are using an out of date PHP version (:version). Please upgrade PHP version on your server to >= 8.0.2 for better security and performance!','2023-03-05 23:43:12','2023-03-05 23:43:12'),(649,1,'en','core/base/system','upgrade_php_version_required','You are using an unsupported PHP version (:version). You need to upgrade PHP version on your server to greater than or equal to 8.0.2 before upgrading to this version!','2023-03-05 23:43:12','2023-03-05 23:43:12'),(650,1,'en','core/base/tables','id','ID','2023-03-05 23:43:12','2023-03-05 23:43:12'),(651,1,'en','core/base/tables','name','Name','2023-03-05 23:43:12','2023-03-05 23:43:12'),(652,1,'en','core/base/tables','slug','Slug','2023-03-05 23:43:12','2023-03-05 23:43:12'),(653,1,'en','core/base/tables','title','Title','2023-03-05 23:43:12','2023-03-05 23:43:12'),(654,1,'en','core/base/tables','order_by','Order By','2023-03-05 23:43:12','2023-03-05 23:43:12'),(655,1,'en','core/base/tables','order','Order','2023-03-05 23:43:12','2023-03-05 23:43:12'),(656,1,'en','core/base/tables','status','Status','2023-03-05 23:43:12','2023-03-05 23:43:12'),(657,1,'en','core/base/tables','created_at','Created At','2023-03-05 23:43:12','2023-03-05 23:43:12'),(658,1,'en','core/base/tables','updated_at','Updated At','2023-03-05 23:43:12','2023-03-05 23:43:12'),(659,1,'en','core/base/tables','description','Description','2023-03-05 23:43:12','2023-03-05 23:43:12'),(660,1,'en','core/base/tables','operations','Operations','2023-03-05 23:43:12','2023-03-05 23:43:12'),(661,1,'en','core/base/tables','url','URL','2023-03-05 23:43:12','2023-03-05 23:43:12'),(662,1,'en','core/base/tables','author','Author','2023-03-05 23:43:12','2023-03-05 23:43:12'),(663,1,'en','core/base/tables','notes','Notes','2023-03-05 23:43:12','2023-03-05 23:43:12'),(664,1,'en','core/base/tables','column','Column','2023-03-05 23:43:12','2023-03-05 23:43:12'),(665,1,'en','core/base/tables','origin','Origin','2023-03-05 23:43:12','2023-03-05 23:43:12'),(666,1,'en','core/base/tables','after_change','After changes','2023-03-05 23:43:12','2023-03-05 23:43:12'),(667,1,'en','core/base/tables','views','Views','2023-03-05 23:43:12','2023-03-05 23:43:12'),(668,1,'en','core/base/tables','browser','Browser','2023-03-05 23:43:12','2023-03-05 23:43:12'),(669,1,'en','core/base/tables','session','Session','2023-03-05 23:43:12','2023-03-05 23:43:12'),(670,1,'en','core/base/tables','activated','activated','2023-03-05 23:43:12','2023-03-05 23:43:12'),(671,1,'en','core/base/tables','deactivated','deactivated','2023-03-05 23:43:12','2023-03-05 23:43:12'),(672,1,'en','core/base/tables','is_featured','Is featured','2023-03-05 23:43:12','2023-03-05 23:43:12'),(673,1,'en','core/base/tables','edit','Edit','2023-03-05 23:43:12','2023-03-05 23:43:12'),(674,1,'en','core/base/tables','delete','Delete','2023-03-05 23:43:12','2023-03-05 23:43:12'),(675,1,'en','core/base/tables','restore','Restore','2023-03-05 23:43:12','2023-03-05 23:43:12'),(676,1,'en','core/base/tables','activate','Activate','2023-03-05 23:43:12','2023-03-05 23:43:12'),(677,1,'en','core/base/tables','deactivate','Deactivate','2023-03-05 23:43:12','2023-03-05 23:43:12'),(678,1,'en','core/base/tables','excel','Excel','2023-03-05 23:43:12','2023-03-05 23:43:12'),(679,1,'en','core/base/tables','export','Export','2023-03-05 23:43:12','2023-03-05 23:43:12'),(680,1,'en','core/base/tables','csv','CSV','2023-03-05 23:43:12','2023-03-05 23:43:12'),(681,1,'en','core/base/tables','pdf','PDF','2023-03-05 23:43:12','2023-03-05 23:43:12'),(682,1,'en','core/base/tables','print','Print','2023-03-05 23:43:12','2023-03-05 23:43:12'),(683,1,'en','core/base/tables','reset','Reset','2023-03-05 23:43:12','2023-03-05 23:43:12'),(684,1,'en','core/base/tables','reload','Reload','2023-03-05 23:43:12','2023-03-05 23:43:12'),(685,1,'en','core/base/tables','display','Display','2023-03-05 23:43:12','2023-03-05 23:43:12'),(686,1,'en','core/base/tables','all','All','2023-03-05 23:43:12','2023-03-05 23:43:12'),(687,1,'en','core/base/tables','add_new','Add New','2023-03-05 23:43:12','2023-03-05 23:43:12'),(688,1,'en','core/base/tables','action','Actions','2023-03-05 23:43:12','2023-03-05 23:43:12'),(689,1,'en','core/base/tables','delete_entry','Delete','2023-03-05 23:43:12','2023-03-05 23:43:12'),(690,1,'en','core/base/tables','view','View Detail','2023-03-05 23:43:12','2023-03-05 23:43:12'),(691,1,'en','core/base/tables','save','Save','2023-03-05 23:43:12','2023-03-05 23:43:12'),(692,1,'en','core/base/tables','show_from','Show from','2023-03-05 23:43:12','2023-03-05 23:43:12'),(693,1,'en','core/base/tables','to','to','2023-03-05 23:43:12','2023-03-05 23:43:12'),(694,1,'en','core/base/tables','in','in','2023-03-05 23:43:12','2023-03-05 23:43:12'),(695,1,'en','core/base/tables','records','records','2023-03-05 23:43:12','2023-03-05 23:43:12'),(696,1,'en','core/base/tables','no_data','No data to display','2023-03-05 23:43:12','2023-03-05 23:43:12'),(697,1,'en','core/base/tables','no_record','No record','2023-03-05 23:43:12','2023-03-05 23:43:12'),(698,1,'en','core/base/tables','confirm_delete','Confirm delete','2023-03-05 23:43:12','2023-03-05 23:43:12'),(699,1,'en','core/base/tables','confirm_delete_msg','Do you really want to delete this record?','2023-03-05 23:43:12','2023-03-05 23:43:12'),(700,1,'en','core/base/tables','confirm_delete_many_msg','Do you really want to delete selected record(s)?','2023-03-05 23:43:12','2023-03-05 23:43:12'),(701,1,'en','core/base/tables','cancel','Cancel','2023-03-05 23:43:13','2023-03-05 23:43:13'),(702,1,'en','core/base/tables','template','Template','2023-03-05 23:43:13','2023-03-05 23:43:13'),(703,1,'en','core/base/tables','email','Email','2023-03-05 23:43:13','2023-03-05 23:43:13'),(704,1,'en','core/base/tables','last_login','Last login','2023-03-05 23:43:13','2023-03-05 23:43:13'),(705,1,'en','core/base/tables','shortcode','Shortcode','2023-03-05 23:43:13','2023-03-05 23:43:13'),(706,1,'en','core/base/tables','image','Image','2023-03-05 23:43:13','2023-03-05 23:43:13'),(707,1,'en','core/base/tables','bulk_changes','Bulk changes','2023-03-05 23:43:13','2023-03-05 23:43:13'),(708,1,'en','core/base/tables','submit','Submit','2023-03-05 23:43:13','2023-03-05 23:43:13'),(709,1,'en','core/base/tables','please_select_record','Please select at least one record to perform this action!','2023-03-05 23:43:13','2023-03-05 23:43:13'),(710,1,'en','core/base/tabs','detail','Detail','2023-03-05 23:43:13','2023-03-05 23:43:13'),(711,1,'en','core/base/tabs','file','Files','2023-03-05 23:43:13','2023-03-05 23:43:13'),(712,1,'en','core/base/tabs','record_note','Record Note','2023-03-05 23:43:13','2023-03-05 23:43:13'),(713,1,'en','core/base/tabs','revision','Revision History','2023-03-05 23:43:13','2023-03-05 23:43:13'),(970,1,'en','core/dashboard/dashboard','update_position_success','Update widget position successfully!','2023-03-05 23:43:14','2023-03-05 23:43:14'),(971,1,'en','core/dashboard/dashboard','hide_success','Update widget successfully!','2023-03-05 23:43:14','2023-03-05 23:43:14'),(972,1,'en','core/dashboard/dashboard','confirm_hide','Are you sure?','2023-03-05 23:43:14','2023-03-05 23:43:14'),(973,1,'en','core/dashboard/dashboard','hide_message','Do you really want to hide this widget? It will be disappear on Dashboard!','2023-03-05 23:43:14','2023-03-05 23:43:14'),(974,1,'en','core/dashboard/dashboard','confirm_hide_btn','Yes, hide this widget','2023-03-05 23:43:14','2023-03-05 23:43:14'),(975,1,'en','core/dashboard/dashboard','cancel_hide_btn','Cancel','2023-03-05 23:43:14','2023-03-05 23:43:14'),(976,1,'en','core/dashboard/dashboard','collapse_expand','Collapse/Expand','2023-03-05 23:43:14','2023-03-05 23:43:14'),(977,1,'en','core/dashboard/dashboard','hide','Hide','2023-03-05 23:43:14','2023-03-05 23:43:14'),(978,1,'en','core/dashboard/dashboard','reload','Reload','2023-03-05 23:43:14','2023-03-05 23:43:14'),(979,1,'en','core/dashboard/dashboard','save_setting_success','Save widget settings successfully!','2023-03-05 23:43:14','2023-03-05 23:43:14'),(980,1,'en','core/dashboard/dashboard','widget_not_exists','Widget is not exits!','2023-03-05 23:43:14','2023-03-05 23:43:14'),(981,1,'en','core/dashboard/dashboard','manage_widgets','Manage Widgets','2023-03-05 23:43:14','2023-03-05 23:43:14'),(982,1,'en','core/dashboard/dashboard','fullscreen','Full screen','2023-03-05 23:43:14','2023-03-05 23:43:14'),(983,1,'en','core/dashboard/dashboard','title','Dashboard','2023-03-05 23:43:14','2023-03-05 23:43:14'),(984,1,'en','core/dashboard/dashboard','predefined_ranges.today','Today','2023-03-05 23:43:14','2023-03-05 23:43:14'),(985,1,'en','core/dashboard/dashboard','predefined_ranges.yesterday','Yesterday','2023-03-05 23:43:14','2023-03-05 23:43:14'),(986,1,'en','core/dashboard/dashboard','predefined_ranges.this_week','This Week','2023-03-05 23:43:14','2023-03-05 23:43:14'),(987,1,'en','core/dashboard/dashboard','predefined_ranges.last_7_days','Last 7 Days','2023-03-05 23:43:14','2023-03-05 23:43:14'),(988,1,'en','core/dashboard/dashboard','predefined_ranges.this_month','This Month','2023-03-05 23:43:14','2023-03-05 23:43:14'),(989,1,'en','core/dashboard/dashboard','predefined_ranges.last_30_days','Last 30 Days','2023-03-05 23:43:14','2023-03-05 23:43:14'),(990,1,'en','core/dashboard/dashboard','predefined_ranges.this_year','This Year','2023-03-05 23:43:14','2023-03-05 23:43:14'),(1005,1,'en','core/media/media','filter','Filter','2023-03-05 23:43:14','2023-03-05 23:43:14'),(1006,1,'en','core/media/media','everything','Everything','2023-03-05 23:43:14','2023-03-05 23:43:14'),(1007,1,'en','core/media/media','image','Image','2023-03-05 23:43:14','2023-03-05 23:43:14'),(1008,1,'en','core/media/media','video','Video','2023-03-05 23:43:14','2023-03-05 23:43:14'),(1009,1,'en','core/media/media','document','Document','2023-03-05 23:43:14','2023-03-05 23:43:14'),(1010,1,'en','core/media/media','view_in','View in','2023-03-05 23:43:14','2023-03-05 23:43:14'),(1011,1,'en','core/media/media','all_media','All media','2023-03-05 23:43:14','2023-03-05 23:43:14'),(1012,1,'en','core/media/media','trash','Trash','2023-03-05 23:43:14','2023-03-05 23:43:14'),(1013,1,'en','core/media/media','recent','Recent','2023-03-05 23:43:14','2023-03-05 23:43:14'),(1014,1,'en','core/media/media','favorites','Favorites','2023-03-05 23:43:14','2023-03-05 23:43:14'),(1015,1,'en','core/media/media','upload','Upload','2023-03-05 23:43:14','2023-03-05 23:43:14'),(1016,1,'en','core/media/media','create_folder','Create folder','2023-03-05 23:43:14','2023-03-05 23:43:14'),(1017,1,'en','core/media/media','refresh','Refresh','2023-03-05 23:43:14','2023-03-05 23:43:14'),(1018,1,'en','core/media/media','empty_trash','Empty trash','2023-03-05 23:43:14','2023-03-05 23:43:14'),(1019,1,'en','core/media/media','search_file_and_folder','Search in current folder','2023-03-05 23:43:14','2023-03-05 23:43:14'),(1020,1,'en','core/media/media','sort','Sort','2023-03-05 23:43:14','2023-03-05 23:43:14'),(1021,1,'en','core/media/media','file_name_asc','File name - ASC','2023-03-05 23:43:14','2023-03-05 23:43:14'),(1022,1,'en','core/media/media','file_name_desc','File name - DESC','2023-03-05 23:43:14','2023-03-05 23:43:14'),(1023,1,'en','core/media/media','uploaded_date_asc','Uploaded date - ASC','2023-03-05 23:43:14','2023-03-05 23:43:14'),(1024,1,'en','core/media/media','uploaded_date_desc','Uploaded date - DESC','2023-03-05 23:43:14','2023-03-05 23:43:14'),(1025,1,'en','core/media/media','size_asc','Size - ASC','2023-03-05 23:43:14','2023-03-05 23:43:14'),(1026,1,'en','core/media/media','size_desc','Size - DESC','2023-03-05 23:43:14','2023-03-05 23:43:14'),(1027,1,'en','core/media/media','actions','Actions','2023-03-05 23:43:14','2023-03-05 23:43:14'),(1028,1,'en','core/media/media','nothing_is_selected','Nothing is selected','2023-03-05 23:43:14','2023-03-05 23:43:14'),(1029,1,'en','core/media/media','insert','Insert','2023-03-05 23:43:14','2023-03-05 23:43:14'),(1030,1,'en','core/media/media','folder_name','Folder name','2023-03-05 23:43:14','2023-03-05 23:43:14'),(1031,1,'en','core/media/media','create','Create','2023-03-05 23:43:14','2023-03-05 23:43:14'),(1032,1,'en','core/media/media','rename','Rename','2023-03-05 23:43:14','2023-03-05 23:43:14'),(1033,1,'en','core/media/media','close','Close','2023-03-05 23:43:14','2023-03-05 23:43:14'),(1034,1,'en','core/media/media','save_changes','Save changes','2023-03-05 23:43:14','2023-03-05 23:43:14'),(1035,1,'en','core/media/media','move_to_trash','Move items to trash','2023-03-05 23:43:14','2023-03-05 23:43:14'),(1036,1,'en','core/media/media','confirm_trash','Are you sure you want to move these items to trash?','2023-03-05 23:43:14','2023-03-05 23:43:14'),(1037,1,'en','core/media/media','confirm','Confirm','2023-03-05 23:43:14','2023-03-05 23:43:14'),(1038,1,'en','core/media/media','confirm_delete','Delete item(s)','2023-03-05 23:43:14','2023-03-05 23:43:14'),(1039,1,'en','core/media/media','confirm_delete_description','Your request cannot rollback. Are you sure you wanna delete these items?','2023-03-05 23:43:14','2023-03-05 23:43:14'),(1040,1,'en','core/media/media','empty_trash_title','Empty trash','2023-03-05 23:43:14','2023-03-05 23:43:14'),(1041,1,'en','core/media/media','empty_trash_description','Your request cannot rollback. Are you sure you wanna remove all items in trash?','2023-03-05 23:43:14','2023-03-05 23:43:14'),(1042,1,'en','core/media/media','up_level','Up one level','2023-03-05 23:43:14','2023-03-05 23:43:14'),(1043,1,'en','core/media/media','upload_progress','Upload progress','2023-03-05 23:43:14','2023-03-05 23:43:14'),(1044,1,'en','core/media/media','folder_created','Folder is created successfully!','2023-03-05 23:43:14','2023-03-05 23:43:14'),(1045,1,'en','core/media/media','gallery','Media gallery','2023-03-05 23:43:14','2023-03-05 23:43:14'),(1046,1,'en','core/media/media','trash_error','Error when delete selected item(s)','2023-03-05 23:43:14','2023-03-05 23:43:14'),(1047,1,'en','core/media/media','trash_success','Moved selected item(s) to trash successfully!','2023-03-05 23:43:14','2023-03-05 23:43:14'),(1048,1,'en','core/media/media','restore_error','Error when restore selected item(s)','2023-03-05 23:43:14','2023-03-05 23:43:14'),(1049,1,'en','core/media/media','restore_success','Restore selected item(s) successfully!','2023-03-05 23:43:14','2023-03-05 23:43:14'),(1050,1,'en','core/media/media','copy_success','Copied selected item(s) successfully!','2023-03-05 23:43:14','2023-03-05 23:43:14'),(1051,1,'en','core/media/media','delete_success','Deleted selected item(s) successfully!','2023-03-05 23:43:14','2023-03-05 23:43:14'),(1052,1,'en','core/media/media','favorite_success','Favorite selected item(s) successfully!','2023-03-05 23:43:14','2023-03-05 23:43:14'),(1053,1,'en','core/media/media','remove_favorite_success','Remove selected item(s) from favorites successfully!','2023-03-05 23:43:14','2023-03-05 23:43:14'),(1054,1,'en','core/media/media','rename_error','Error when rename item(s)','2023-03-05 23:43:14','2023-03-05 23:43:14'),(1055,1,'en','core/media/media','rename_success','Rename selected item(s) successfully!','2023-03-05 23:43:14','2023-03-05 23:43:14'),(1056,1,'en','core/media/media','empty_trash_success','Empty trash successfully!','2023-03-05 23:43:14','2023-03-05 23:43:14'),(1057,1,'en','core/media/media','invalid_action','Invalid action!','2023-03-05 23:43:14','2023-03-05 23:43:14'),(1058,1,'en','core/media/media','file_not_exists','File is not exists!','2023-03-05 23:43:14','2023-03-05 23:43:14'),(1059,1,'en','core/media/media','download_file_error','Error when downloading files!','2023-03-05 23:43:14','2023-03-05 23:43:14'),(1060,1,'en','core/media/media','missing_zip_archive_extension','Please enable ZipArchive extension to download file!','2023-03-05 23:43:14','2023-03-05 23:43:14'),(1061,1,'en','core/media/media','can_not_download_file','Can not download this file!','2023-03-05 23:43:14','2023-03-05 23:43:14'),(1062,1,'en','core/media/media','invalid_request','Invalid request!','2023-03-05 23:43:14','2023-03-05 23:43:14'),(1063,1,'en','core/media/media','add_success','Add item successfully!','2023-03-05 23:43:14','2023-03-05 23:43:14'),(1064,1,'en','core/media/media','file_too_big','File too big. Max file upload is :size bytes','2023-03-05 23:43:14','2023-03-05 23:43:14'),(1065,1,'en','core/media/media','file_too_big_readable_size','File too big. Max file upload is :size.','2023-03-05 23:43:14','2023-03-05 23:43:14'),(1066,1,'en','core/media/media','can_not_detect_file_type','File type is not allowed or can not detect file type!','2023-03-05 23:43:14','2023-03-05 23:43:14'),(1067,1,'en','core/media/media','upload_failed','The file is NOT uploaded completely. The server allows max upload file size is :size . Please check your file size OR try to upload again in case of having network errors','2023-03-05 23:43:14','2023-03-05 23:43:14'),(1068,1,'en','core/media/media','menu_name','Media','2023-03-05 23:43:14','2023-03-05 23:43:14'),(1069,1,'en','core/media/media','add','Add media','2023-03-05 23:43:14','2023-03-05 23:43:14'),(1070,1,'en','core/media/media','javascript.name','Name','2023-03-05 23:43:14','2023-03-05 23:43:14'),(1071,1,'en','core/media/media','javascript.url','URL','2023-03-05 23:43:15','2023-03-05 23:43:15'),(1072,1,'en','core/media/media','javascript.full_url','Full URL','2023-03-05 23:43:15','2023-03-05 23:43:15'),(1073,1,'en','core/media/media','javascript.size','Size','2023-03-05 23:43:15','2023-03-05 23:43:15'),(1074,1,'en','core/media/media','javascript.mime_type','Type','2023-03-05 23:43:15','2023-03-05 23:43:15'),(1075,1,'en','core/media/media','javascript.created_at','Uploaded at','2023-03-05 23:43:15','2023-03-05 23:43:15'),(1076,1,'en','core/media/media','javascript.updated_at','Modified at','2023-03-05 23:43:15','2023-03-05 23:43:15'),(1077,1,'en','core/media/media','javascript.nothing_selected','Nothing is selected','2023-03-05 23:43:15','2023-03-05 23:43:15'),(1078,1,'en','core/media/media','javascript.visit_link','Open link','2023-03-05 23:43:15','2023-03-05 23:43:15'),(1079,1,'en','core/media/media','javascript.no_item.all_media.icon','fas fa-cloud-upload-alt','2023-03-05 23:43:15','2023-03-05 23:43:15'),(1080,1,'en','core/media/media','javascript.no_item.all_media.title','Drop files and folders here','2023-03-05 23:43:15','2023-03-05 23:43:15'),(1081,1,'en','core/media/media','javascript.no_item.all_media.message','Or use the upload button above','2023-03-05 23:43:15','2023-03-05 23:43:15'),(1082,1,'en','core/media/media','javascript.no_item.trash.icon','fas fa-trash-alt','2023-03-05 23:43:15','2023-03-05 23:43:15'),(1083,1,'en','core/media/media','javascript.no_item.trash.title','There is nothing in your trash currently','2023-03-05 23:43:15','2023-03-05 23:43:15'),(1084,1,'en','core/media/media','javascript.no_item.trash.message','Delete files to move them to trash automatically. Delete files from trash to remove them permanently','2023-03-05 23:43:15','2023-03-05 23:43:15'),(1085,1,'en','core/media/media','javascript.no_item.favorites.icon','fas fa-star','2023-03-05 23:43:15','2023-03-05 23:43:15'),(1086,1,'en','core/media/media','javascript.no_item.favorites.title','You have not added anything to your favorites yet','2023-03-05 23:43:15','2023-03-05 23:43:15'),(1087,1,'en','core/media/media','javascript.no_item.favorites.message','Add files to favorites to easily find them later','2023-03-05 23:43:15','2023-03-05 23:43:15'),(1088,1,'en','core/media/media','javascript.no_item.recent.icon','far fa-clock','2023-03-05 23:43:15','2023-03-05 23:43:15'),(1089,1,'en','core/media/media','javascript.no_item.recent.title','You did not opened anything yet','2023-03-05 23:43:15','2023-03-05 23:43:15'),(1090,1,'en','core/media/media','javascript.no_item.recent.message','All recent files that you opened will be appeared here','2023-03-05 23:43:15','2023-03-05 23:43:15'),(1091,1,'en','core/media/media','javascript.no_item.default.icon','fas fa-sync','2023-03-05 23:43:15','2023-03-05 23:43:15'),(1092,1,'en','core/media/media','javascript.no_item.default.title','No items','2023-03-05 23:43:15','2023-03-05 23:43:15'),(1093,1,'en','core/media/media','javascript.no_item.default.message','This directory has no item','2023-03-05 23:43:15','2023-03-05 23:43:15'),(1094,1,'en','core/media/media','javascript.clipboard.success','These file links has been copied to clipboard','2023-03-05 23:43:15','2023-03-05 23:43:15'),(1095,1,'en','core/media/media','javascript.message.error_header','Error','2023-03-05 23:43:15','2023-03-05 23:43:15'),(1096,1,'en','core/media/media','javascript.message.success_header','Success','2023-03-05 23:43:15','2023-03-05 23:43:15'),(1097,1,'en','core/media/media','javascript.download.error','No files selected or cannot download these files','2023-03-05 23:43:15','2023-03-05 23:43:15'),(1098,1,'en','core/media/media','javascript.actions_list.basic.preview','Preview','2023-03-05 23:43:15','2023-03-05 23:43:15'),(1099,1,'en','core/media/media','javascript.actions_list.file.copy_link','Copy link','2023-03-05 23:43:15','2023-03-05 23:43:15'),(1100,1,'en','core/media/media','javascript.actions_list.file.rename','Rename','2023-03-05 23:43:15','2023-03-05 23:43:15'),(1101,1,'en','core/media/media','javascript.actions_list.file.make_copy','Make a copy','2023-03-05 23:43:15','2023-03-05 23:43:15'),(1102,1,'en','core/media/media','javascript.actions_list.user.favorite','Add to favorite','2023-03-05 23:43:15','2023-03-05 23:43:15'),(1103,1,'en','core/media/media','javascript.actions_list.user.remove_favorite','Remove favorite','2023-03-05 23:43:15','2023-03-05 23:43:15'),(1104,1,'en','core/media/media','javascript.actions_list.other.download','Download','2023-03-05 23:43:15','2023-03-05 23:43:15'),(1105,1,'en','core/media/media','javascript.actions_list.other.trash','Move to trash','2023-03-05 23:43:15','2023-03-05 23:43:15'),(1106,1,'en','core/media/media','javascript.actions_list.other.delete','Delete permanently','2023-03-05 23:43:15','2023-03-05 23:43:15'),(1107,1,'en','core/media/media','javascript.actions_list.other.restore','Restore','2023-03-05 23:43:15','2023-03-05 23:43:15'),(1108,1,'en','core/media/media','javascript.change_image','Change image','2023-03-05 23:43:15','2023-03-05 23:43:15'),(1109,1,'en','core/media/media','javascript.delete_image','Delete image','2023-03-05 23:43:15','2023-03-05 23:43:15'),(1110,1,'en','core/media/media','javascript.choose_image','Choose image','2023-03-05 23:43:15','2023-03-05 23:43:15'),(1111,1,'en','core/media/media','javascript.preview_image','Preview image','2023-03-05 23:43:15','2023-03-05 23:43:15'),(1112,1,'en','core/media/media','name_invalid','The folder name has invalid character(s).','2023-03-05 23:43:15','2023-03-05 23:43:15'),(1113,1,'en','core/media/media','url_invalid','Please provide a valid URL','2023-03-05 23:43:15','2023-03-05 23:43:15'),(1114,1,'en','core/media/media','path_invalid','Please provide a valid path','2023-03-05 23:43:15','2023-03-05 23:43:15'),(1115,1,'en','core/media/media','download_link','Download','2023-03-05 23:43:15','2023-03-05 23:43:15'),(1116,1,'en','core/media/media','url','URL','2023-03-05 23:43:15','2023-03-05 23:43:15'),(1117,1,'en','core/media/media','download_explain','Enter one URL per line.','2023-03-05 23:43:15','2023-03-05 23:43:15'),(1118,1,'en','core/media/media','downloading','Downloading...','2023-03-05 23:43:15','2023-03-05 23:43:15'),(1227,1,'en','core/setting/setting','title','Settings','2023-03-05 23:43:15','2023-03-05 23:43:15'),(1228,1,'en','core/setting/setting','email_setting_title','Email settings','2023-03-05 23:43:15','2023-03-05 23:43:15'),(1229,1,'en','core/setting/setting','general.theme','Theme','2023-03-05 23:43:15','2023-03-05 23:43:15'),(1230,1,'en','core/setting/setting','general.description','Setting site information','2023-03-05 23:43:15','2023-03-05 23:43:15'),(1231,1,'en','core/setting/setting','general.title','General','2023-03-05 23:43:15','2023-03-05 23:43:15'),(1232,1,'en','core/setting/setting','general.general_block','General Information','2023-03-05 23:43:15','2023-03-05 23:43:15'),(1233,1,'en','core/setting/setting','general.rich_editor','Rich Editor','2023-03-05 23:43:15','2023-03-05 23:43:15'),(1234,1,'en','core/setting/setting','general.site_title','Site title','2023-03-05 23:43:15','2023-03-05 23:43:15'),(1235,1,'en','core/setting/setting','general.admin_email','Admin Email','2023-03-05 23:43:15','2023-03-05 23:43:15'),(1236,1,'en','core/setting/setting','general.seo_block','SEO Configuration','2023-03-05 23:43:15','2023-03-05 23:43:15'),(1237,1,'en','core/setting/setting','general.seo_title','SEO Title','2023-03-05 23:43:15','2023-03-05 23:43:15'),(1238,1,'en','core/setting/setting','general.seo_description','SEO Description','2023-03-05 23:43:15','2023-03-05 23:43:15'),(1239,1,'en','core/setting/setting','general.webmaster_tools_block','Google Webmaster Tools','2023-03-05 23:43:15','2023-03-05 23:43:15'),(1240,1,'en','core/setting/setting','general.placeholder.site_title','Site Title (maximum 120 characters)','2023-03-05 23:43:15','2023-03-05 23:43:15'),(1241,1,'en','core/setting/setting','general.placeholder.admin_email','Admin Email','2023-03-05 23:43:15','2023-03-05 23:43:15'),(1242,1,'en','core/setting/setting','general.placeholder.seo_title','SEO Title (maximum 120 characters)','2023-03-05 23:43:15','2023-03-05 23:43:15'),(1243,1,'en','core/setting/setting','general.placeholder.seo_description','SEO Description (maximum 120 characters)','2023-03-05 23:43:15','2023-03-05 23:43:15'),(1244,1,'en','core/setting/setting','general.placeholder.google_analytics','Google Analytics','2023-03-05 23:43:15','2023-03-05 23:43:15'),(1245,1,'en','core/setting/setting','general.cache_admin_menu','Cache admin menu?','2023-03-05 23:43:15','2023-03-05 23:43:15'),(1246,1,'en','core/setting/setting','general.enable_send_error_reporting_via_email','Enable to send error reporting via email?','2023-03-05 23:43:15','2023-03-05 23:43:15'),(1247,1,'en','core/setting/setting','general.time_zone','Timezone','2023-03-05 23:43:15','2023-03-05 23:43:15'),(1248,1,'en','core/setting/setting','general.default_admin_theme','Default admin theme','2023-03-05 23:43:15','2023-03-05 23:43:15'),(1249,1,'en','core/setting/setting','general.enable_change_admin_theme','Enable change admin theme?','2023-03-05 23:43:15','2023-03-05 23:43:15'),(1250,1,'en','core/setting/setting','general.enable','Enable','2023-03-05 23:43:15','2023-03-05 23:43:15'),(1251,1,'en','core/setting/setting','general.disable','Disable','2023-03-05 23:43:15','2023-03-05 23:43:15'),(1252,1,'en','core/setting/setting','general.enable_cache','Enable cache?','2023-03-05 23:43:15','2023-03-05 23:43:15'),(1253,1,'en','core/setting/setting','general.cache_time','Cache time (minutes)','2023-03-05 23:43:15','2023-03-05 23:43:15'),(1254,1,'en','core/setting/setting','general.enable_cache_site_map','Enable cache site map?','2023-03-05 23:43:15','2023-03-05 23:43:15'),(1255,1,'en','core/setting/setting','general.cache_time_site_map','Cache Time Site map (minutes)','2023-03-05 23:43:15','2023-03-05 23:43:15'),(1256,1,'en','core/setting/setting','general.admin_logo','Admin logo','2023-03-05 23:43:15','2023-03-05 23:43:15'),(1257,1,'en','core/setting/setting','general.admin_favicon','Admin favicon','2023-03-05 23:43:15','2023-03-05 23:43:15'),(1258,1,'en','core/setting/setting','general.admin_title','Admin title','2023-03-05 23:43:16','2023-03-05 23:43:16'),(1259,1,'en','core/setting/setting','general.admin_title_placeholder','Title show to tab of browser','2023-03-05 23:43:16','2023-03-05 23:43:16'),(1260,1,'en','core/setting/setting','general.cache_block','Cache','2023-03-05 23:43:16','2023-03-05 23:43:16'),(1261,1,'en','core/setting/setting','general.admin_appearance_title','Admin appearance','2023-03-05 23:43:16','2023-03-05 23:43:16'),(1262,1,'en','core/setting/setting','general.admin_appearance_description','Setting admin appearance such as editor, language...','2023-03-05 23:43:16','2023-03-05 23:43:16'),(1263,1,'en','core/setting/setting','general.seo_block_description','Setting site title, site meta description, site keyword for optimize SEO','2023-03-05 23:43:16','2023-03-05 23:43:16'),(1264,1,'en','core/setting/setting','general.webmaster_tools_description','Google Webmaster Tools (GWT) is free software that helps you manage the technical side of your website','2023-03-05 23:43:16','2023-03-05 23:43:16'),(1265,1,'en','core/setting/setting','general.cache_description','Config cache for system for optimize speed','2023-03-05 23:43:16','2023-03-05 23:43:16'),(1266,1,'en','core/setting/setting','general.yes','Yes','2023-03-05 23:43:16','2023-03-05 23:43:16'),(1267,1,'en','core/setting/setting','general.no','No','2023-03-05 23:43:16','2023-03-05 23:43:16'),(1268,1,'en','core/setting/setting','general.show_on_front','Your homepage displays','2023-03-05 23:43:16','2023-03-05 23:43:16'),(1269,1,'en','core/setting/setting','general.select','— Select —','2023-03-05 23:43:16','2023-03-05 23:43:16'),(1270,1,'en','core/setting/setting','general.show_site_name','Show site name after page title, separate with \"-\"?','2023-03-05 23:43:16','2023-03-05 23:43:16'),(1271,1,'en','core/setting/setting','general.locale','Site language','2023-03-05 23:43:16','2023-03-05 23:43:16'),(1272,1,'en','core/setting/setting','general.locale_direction','Front site language direction','2023-03-05 23:43:16','2023-03-05 23:43:16'),(1273,1,'en','core/setting/setting','general.admin_locale_direction','Admin language direction','2023-03-05 23:43:16','2023-03-05 23:43:16'),(1274,1,'en','core/setting/setting','general.admin_login_screen_backgrounds','Login screen backgrounds (~1366x768)','2023-03-05 23:43:16','2023-03-05 23:43:16'),(1275,1,'en','core/setting/setting','general.minutes','minutes','2023-03-05 23:43:16','2023-03-05 23:43:16'),(1276,1,'en','core/setting/setting','email.subject','Subject','2023-03-05 23:43:16','2023-03-05 23:43:16'),(1277,1,'en','core/setting/setting','email.content','Content','2023-03-05 23:43:16','2023-03-05 23:43:16'),(1278,1,'en','core/setting/setting','email.title','Setting for email template','2023-03-05 23:43:16','2023-03-05 23:43:16'),(1279,1,'en','core/setting/setting','email.description','Email template using HTML & system variables.','2023-03-05 23:43:16','2023-03-05 23:43:16'),(1280,1,'en','core/setting/setting','email.reset_to_default','Reset to default','2023-03-05 23:43:16','2023-03-05 23:43:16'),(1281,1,'en','core/setting/setting','email.back','Back to settings','2023-03-05 23:43:16','2023-03-05 23:43:16'),(1282,1,'en','core/setting/setting','email.reset_success','Reset back to default successfully','2023-03-05 23:43:16','2023-03-05 23:43:16'),(1283,1,'en','core/setting/setting','email.confirm_reset','Confirm reset email template?','2023-03-05 23:43:16','2023-03-05 23:43:16'),(1284,1,'en','core/setting/setting','email.confirm_message','Do you really want to reset this email template to default?','2023-03-05 23:43:16','2023-03-05 23:43:16'),(1285,1,'en','core/setting/setting','email.continue','Continue','2023-03-05 23:43:16','2023-03-05 23:43:16'),(1286,1,'en','core/setting/setting','email.sender_name','Sender name','2023-03-05 23:43:16','2023-03-05 23:43:16'),(1287,1,'en','core/setting/setting','email.sender_name_placeholder','Name','2023-03-05 23:43:16','2023-03-05 23:43:16'),(1288,1,'en','core/setting/setting','email.sender_email','Sender email','2023-03-05 23:43:16','2023-03-05 23:43:16'),(1289,1,'en','core/setting/setting','email.mailer','Mailer','2023-03-05 23:43:16','2023-03-05 23:43:16'),(1290,1,'en','core/setting/setting','email.port','Port','2023-03-05 23:43:16','2023-03-05 23:43:16'),(1291,1,'en','core/setting/setting','email.port_placeholder','Ex: 587','2023-03-05 23:43:16','2023-03-05 23:43:16'),(1292,1,'en','core/setting/setting','email.host','Host','2023-03-05 23:43:16','2023-03-05 23:43:16'),(1293,1,'en','core/setting/setting','email.host_placeholder','Ex: smtp.gmail.com','2023-03-05 23:43:16','2023-03-05 23:43:16'),(1294,1,'en','core/setting/setting','email.username','Username','2023-03-05 23:43:16','2023-03-05 23:43:16'),(1295,1,'en','core/setting/setting','email.username_placeholder','Username to login to mail server','2023-03-05 23:43:16','2023-03-05 23:43:16'),(1296,1,'en','core/setting/setting','email.password','Password','2023-03-05 23:43:16','2023-03-05 23:43:16'),(1297,1,'en','core/setting/setting','email.password_placeholder','Password to login to mail server','2023-03-05 23:43:16','2023-03-05 23:43:16'),(1298,1,'en','core/setting/setting','email.encryption','Encryption','2023-03-05 23:43:16','2023-03-05 23:43:16'),(1299,1,'en','core/setting/setting','email.mail_gun_domain','Domain','2023-03-05 23:43:16','2023-03-05 23:43:16'),(1300,1,'en','core/setting/setting','email.mail_gun_domain_placeholder','Domain','2023-03-05 23:43:16','2023-03-05 23:43:16'),(1301,1,'en','core/setting/setting','email.mail_gun_secret','Secret','2023-03-05 23:43:16','2023-03-05 23:43:16'),(1302,1,'en','core/setting/setting','email.mail_gun_secret_placeholder','Secret','2023-03-05 23:43:16','2023-03-05 23:43:16'),(1303,1,'en','core/setting/setting','email.mail_gun_endpoint','Endpoint','2023-03-05 23:43:16','2023-03-05 23:43:16'),(1304,1,'en','core/setting/setting','email.mail_gun_endpoint_placeholder','Endpoint','2023-03-05 23:43:16','2023-03-05 23:43:16'),(1305,1,'en','core/setting/setting','email.log_channel','Log channel','2023-03-05 23:43:16','2023-03-05 23:43:16'),(1306,1,'en','core/setting/setting','email.sendmail_path','Sendmail Path','2023-03-05 23:43:16','2023-03-05 23:43:16'),(1307,1,'en','core/setting/setting','email.encryption_placeholder','Encryption: ssl or tls','2023-03-05 23:43:16','2023-03-05 23:43:16'),(1308,1,'en','core/setting/setting','email.ses_key','Key','2023-03-05 23:43:16','2023-03-05 23:43:16'),(1309,1,'en','core/setting/setting','email.ses_key_placeholder','Key','2023-03-05 23:43:16','2023-03-05 23:43:16'),(1310,1,'en','core/setting/setting','email.ses_secret','Secret','2023-03-05 23:43:16','2023-03-05 23:43:16'),(1311,1,'en','core/setting/setting','email.ses_secret_placeholder','Secret','2023-03-05 23:43:16','2023-03-05 23:43:16'),(1312,1,'en','core/setting/setting','email.ses_region','Region','2023-03-05 23:43:16','2023-03-05 23:43:16'),(1313,1,'en','core/setting/setting','email.ses_region_placeholder','Region','2023-03-05 23:43:16','2023-03-05 23:43:16'),(1314,1,'en','core/setting/setting','email.postmark_token','Token','2023-03-05 23:43:16','2023-03-05 23:43:16'),(1315,1,'en','core/setting/setting','email.postmark_token_placeholder','Token','2023-03-05 23:43:16','2023-03-05 23:43:16'),(1316,1,'en','core/setting/setting','email.template_title','Email templates','2023-03-05 23:43:16','2023-03-05 23:43:16'),(1317,1,'en','core/setting/setting','email.template_description','Base templates for all emails','2023-03-05 23:43:16','2023-03-05 23:43:16'),(1318,1,'en','core/setting/setting','email.template_header','Email template header','2023-03-05 23:43:16','2023-03-05 23:43:16'),(1319,1,'en','core/setting/setting','email.template_header_description','Template for header of emails','2023-03-05 23:43:16','2023-03-05 23:43:16'),(1320,1,'en','core/setting/setting','email.template_footer','Email template footer','2023-03-05 23:43:16','2023-03-05 23:43:16'),(1321,1,'en','core/setting/setting','email.template_footer_description','Template for footer of emails','2023-03-05 23:43:16','2023-03-05 23:43:16'),(1322,1,'en','core/setting/setting','email.default','Default','2023-03-05 23:43:16','2023-03-05 23:43:16'),(1323,1,'en','core/setting/setting','email.using_queue_to_send_mail','Using queue job to send emails (Must to setup Queue first https://laravel.com/docs/queues#supervisor-configuration)','2023-03-05 23:43:16','2023-03-05 23:43:16'),(1324,1,'en','core/setting/setting','media.title','Media','2023-03-05 23:43:16','2023-03-05 23:43:16'),(1325,1,'en','core/setting/setting','media.driver','Driver','2023-03-05 23:43:16','2023-03-05 23:43:16'),(1326,1,'en','core/setting/setting','media.description','Settings for media','2023-03-05 23:43:16','2023-03-05 23:43:16'),(1327,1,'en','core/setting/setting','media.aws_access_key_id','AWS Access Key ID','2023-03-05 23:43:16','2023-03-05 23:43:16'),(1328,1,'en','core/setting/setting','media.aws_secret_key','AWS Secret Key','2023-03-05 23:43:16','2023-03-05 23:43:16'),(1329,1,'en','core/setting/setting','media.aws_default_region','AWS Default Region','2023-03-05 23:43:16','2023-03-05 23:43:16'),(1330,1,'en','core/setting/setting','media.aws_bucket','AWS Bucket','2023-03-05 23:43:16','2023-03-05 23:43:16'),(1331,1,'en','core/setting/setting','media.aws_url','AWS URL','2023-03-05 23:43:16','2023-03-05 23:43:16'),(1332,1,'en','core/setting/setting','media.aws_endpoint','AWS Endpoint (Optional)','2023-03-05 23:43:16','2023-03-05 23:43:16'),(1333,1,'en','core/setting/setting','media.do_spaces_access_key_id','DO Spaces Access Key ID','2023-03-05 23:43:16','2023-03-05 23:43:16'),(1334,1,'en','core/setting/setting','media.do_spaces_secret_key','DO Spaces Secret Key','2023-03-05 23:43:16','2023-03-05 23:43:16'),(1335,1,'en','core/setting/setting','media.do_spaces_default_region','DO Spaces Default Region','2023-03-05 23:43:16','2023-03-05 23:43:16'),(1336,1,'en','core/setting/setting','media.do_spaces_bucket','DO Spaces Bucket','2023-03-05 23:43:16','2023-03-05 23:43:16'),(1337,1,'en','core/setting/setting','media.do_spaces_endpoint','DO Spaces Endpoint','2023-03-05 23:43:16','2023-03-05 23:43:16'),(1338,1,'en','core/setting/setting','media.do_spaces_cdn_enabled','Is DO Spaces CDN enabled?','2023-03-05 23:43:16','2023-03-05 23:43:16'),(1339,1,'en','core/setting/setting','media.media_do_spaces_cdn_custom_domain','Do Spaces CDN custom domain','2023-03-05 23:43:16','2023-03-05 23:43:16'),(1340,1,'en','core/setting/setting','media.media_do_spaces_cdn_custom_domain_placeholder','https://your-custom-domain.com','2023-03-05 23:43:16','2023-03-05 23:43:16'),(1341,1,'en','core/setting/setting','media.wasabi_access_key_id','Wasabi Access Key ID','2023-03-05 23:43:16','2023-03-05 23:43:16'),(1342,1,'en','core/setting/setting','media.wasabi_secret_key','Wasabi Secret Key','2023-03-05 23:43:16','2023-03-05 23:43:16'),(1343,1,'en','core/setting/setting','media.wasabi_default_region','Wasabi Default Region','2023-03-05 23:43:16','2023-03-05 23:43:16'),(1344,1,'en','core/setting/setting','media.wasabi_bucket','Wasabi Bucket','2023-03-05 23:43:16','2023-03-05 23:43:16'),(1345,1,'en','core/setting/setting','media.wasabi_root','Wasabi Root','2023-03-05 23:43:16','2023-03-05 23:43:16'),(1346,1,'en','core/setting/setting','media.default_placeholder_image','Default placeholder image','2023-03-05 23:43:16','2023-03-05 23:43:16'),(1347,1,'en','core/setting/setting','media.enable_chunk','Enable chunk size upload?','2023-03-05 23:43:16','2023-03-05 23:43:16'),(1348,1,'en','core/setting/setting','media.chunk_size','Chunk size (Bytes)','2023-03-05 23:43:16','2023-03-05 23:43:16'),(1349,1,'en','core/setting/setting','media.chunk_size_placeholder','Default: 1048576 ~ 1MB','2023-03-05 23:43:16','2023-03-05 23:43:16'),(1350,1,'en','core/setting/setting','media.max_file_size','Chunk max file size (MB)','2023-03-05 23:43:16','2023-03-05 23:43:16'),(1351,1,'en','core/setting/setting','media.max_file_size_placeholder','Default: 1048576 ~ 1GB','2023-03-05 23:43:16','2023-03-05 23:43:16'),(1352,1,'en','core/setting/setting','media.enable_watermark','Enable watermark?','2023-03-05 23:43:16','2023-03-05 23:43:16'),(1353,1,'en','core/setting/setting','media.watermark_source','Watermark image','2023-03-05 23:43:16','2023-03-05 23:43:16'),(1354,1,'en','core/setting/setting','media.watermark_size','Size of watermark (%)','2023-03-05 23:43:16','2023-03-05 23:43:16'),(1355,1,'en','core/setting/setting','media.watermark_size_placeholder','Default: 10 (%)','2023-03-05 23:43:16','2023-03-05 23:43:16'),(1356,1,'en','core/setting/setting','media.watermark_opacity','Watermark Opacity (%)','2023-03-05 23:43:16','2023-03-05 23:43:16'),(1357,1,'en','core/setting/setting','media.watermark_opacity_placeholder','Default: 70 (%)','2023-03-05 23:43:16','2023-03-05 23:43:16'),(1358,1,'en','core/setting/setting','media.watermark_position','Watermark position','2023-03-05 23:43:16','2023-03-05 23:43:16'),(1359,1,'en','core/setting/setting','media.watermark_position_x','Watermark position X','2023-03-05 23:43:16','2023-03-05 23:43:16'),(1360,1,'en','core/setting/setting','media.watermark_position_y','Watermark position Y','2023-03-05 23:43:16','2023-03-05 23:43:16'),(1361,1,'en','core/setting/setting','media.watermark_position_top_left','Top left','2023-03-05 23:43:16','2023-03-05 23:43:16'),(1362,1,'en','core/setting/setting','media.watermark_position_top_right','Top right','2023-03-05 23:43:16','2023-03-05 23:43:16'),(1363,1,'en','core/setting/setting','media.watermark_position_bottom_left','Bottom left','2023-03-05 23:43:16','2023-03-05 23:43:16'),(1364,1,'en','core/setting/setting','media.watermark_position_bottom_right','Bottom right','2023-03-05 23:43:16','2023-03-05 23:43:16'),(1365,1,'en','core/setting/setting','media.watermark_position_center','Center','2023-03-05 23:43:16','2023-03-05 23:43:16'),(1366,1,'en','core/setting/setting','media.turn_off_automatic_url_translation_into_latin','Turn off automatic URL translation into Latin?','2023-03-05 23:43:16','2023-03-05 23:43:16'),(1367,1,'en','core/setting/setting','media.bunnycdn_hostname','Hostname','2023-03-05 23:43:16','2023-03-05 23:43:16'),(1368,1,'en','core/setting/setting','media.bunnycdn_zone','Zone Name (The name of your storage zone)','2023-03-05 23:43:16','2023-03-05 23:43:16'),(1369,1,'en','core/setting/setting','media.bunnycdn_key','FTP & API Access Password (The storage zone API Access Password)','2023-03-05 23:43:16','2023-03-05 23:43:16'),(1370,1,'en','core/setting/setting','media.bunnycdn_region','Region (The storage zone region)','2023-03-05 23:43:16','2023-03-05 23:43:16'),(1371,1,'en','core/setting/setting','media.optional','Optional','2023-03-05 23:43:16','2023-03-05 23:43:16'),(1372,1,'en','core/setting/setting','media.sizes','Media thumbnails sizes','2023-03-05 23:43:16','2023-03-05 23:43:16'),(1373,1,'en','core/setting/setting','media.media_sizes_helper','Set width or height to 0 if you just want to crop by width or height. Need to click on \"Generate thumbnails\" to apply changes.','2023-03-05 23:43:16','2023-03-05 23:43:16'),(1374,1,'en','core/setting/setting','media.width','Width','2023-03-05 23:43:16','2023-03-05 23:43:16'),(1375,1,'en','core/setting/setting','media.height','Height','2023-03-05 23:43:16','2023-03-05 23:43:16'),(1376,1,'en','core/setting/setting','media.default_size_value','Default: :size','2023-03-05 23:43:16','2023-03-05 23:43:16'),(1377,1,'en','core/setting/setting','media.all','All','2023-03-05 23:43:16','2023-03-05 23:43:16'),(1378,1,'en','core/setting/setting','media.media_folders_can_add_watermark','Add watermark for images in folders:','2023-03-05 23:43:16','2023-03-05 23:43:16'),(1379,1,'en','core/setting/setting','media.max_upload_filesize','Max upload filesize (MB)','2023-03-05 23:43:16','2023-03-05 23:43:16'),(1380,1,'en','core/setting/setting','media.max_upload_filesize_placeholder','Default: :size, must less than :size.','2023-03-05 23:43:16','2023-03-05 23:43:16'),(1381,1,'en','core/setting/setting','media.max_upload_filesize_helper','Your server allows to upload files maximum :size, you can change this value to limit upload filesize.','2023-03-05 23:43:16','2023-03-05 23:43:16'),(1382,1,'en','core/setting/setting','license.purchase_code','Purchase code','2023-03-05 23:43:16','2023-03-05 23:43:16'),(1383,1,'en','core/setting/setting','license.buyer','Buyer','2023-03-05 23:43:16','2023-03-05 23:43:16'),(1384,1,'en','core/setting/setting','field_type_not_exists','This field type does not exist','2023-03-05 23:43:16','2023-03-05 23:43:16'),(1385,1,'en','core/setting/setting','save_settings','Save settings','2023-03-05 23:43:16','2023-03-05 23:43:16'),(1386,1,'en','core/setting/setting','template','Template','2023-03-05 23:43:16','2023-03-05 23:43:16'),(1387,1,'en','core/setting/setting','description','Description','2023-03-05 23:43:16','2023-03-05 23:43:16'),(1388,1,'en','core/setting/setting','enable','Enable','2023-03-05 23:43:16','2023-03-05 23:43:16'),(1389,1,'en','core/setting/setting','send','Send','2023-03-05 23:43:16','2023-03-05 23:43:16'),(1390,1,'en','core/setting/setting','test_email_description','To send test email, please make sure you are updated configuration to send mail!','2023-03-05 23:43:16','2023-03-05 23:43:16'),(1391,1,'en','core/setting/setting','test_email_input_placeholder','Enter the email which you want to send test email.','2023-03-05 23:43:16','2023-03-05 23:43:16'),(1392,1,'en','core/setting/setting','test_email_modal_title','Send a test email','2023-03-05 23:43:16','2023-03-05 23:43:16'),(1393,1,'en','core/setting/setting','test_send_mail','Send test mail','2023-03-05 23:43:16','2023-03-05 23:43:16'),(1394,1,'en','core/setting/setting','test_email_send_success','Send email successfully!','2023-03-05 23:43:16','2023-03-05 23:43:16'),(1395,1,'en','core/setting/setting','locale_direction_ltr','Left to Right','2023-03-05 23:43:16','2023-03-05 23:43:16'),(1396,1,'en','core/setting/setting','locale_direction_rtl','Right to Left','2023-03-05 23:43:16','2023-03-05 23:43:16'),(1397,1,'en','core/setting/setting','saving','Saving...','2023-03-05 23:43:16','2023-03-05 23:43:16'),(1398,1,'en','core/setting/setting','emails_warning','You can add up to :count emails','2023-03-05 23:43:16','2023-03-05 23:43:16'),(1399,1,'en','core/setting/setting','email_add_more','Add more','2023-03-05 23:43:16','2023-03-05 23:43:16'),(1400,1,'en','core/setting/setting','generate','Generate','2023-03-05 23:43:16','2023-03-05 23:43:16'),(1401,1,'en','core/setting/setting','generate_thumbnails','Generate thumbnails','2023-03-05 23:43:16','2023-03-05 23:43:16'),(1402,1,'en','core/setting/setting','generate_thumbnails_success','Generate thumbnails successfully. :count files are generated!','2023-03-05 23:43:16','2023-03-05 23:43:16'),(1403,1,'en','core/setting/setting','generate_thumbnails_error','We are unable to regenerate thumbnail for these files :count files!','2023-03-05 23:43:16','2023-03-05 23:43:16'),(1404,1,'en','core/setting/setting','generate_thumbnails_description','Are you sure you want to re-generate thumbnails for all images? It will take time so please DO NOT leave this page, wait until it is finished.','2023-03-05 23:43:16','2023-03-05 23:43:16'),(1405,1,'en','core/setting/setting','enable_chunk_description','Chunk size upload is used to upload large file size.','2023-03-05 23:43:16','2023-03-05 23:43:16'),(1406,1,'en','core/setting/setting','watermark_description','WARNING: Watermark is just added to new uploaded images, it won\'t be added to existing images. Disable watermark won\'t remove watermark from existing images.','2023-03-05 23:43:16','2023-03-05 23:43:16'),(1551,1,'en','core/table/general','operations','Operations','2023-03-05 23:43:17','2023-03-05 23:43:17'),(1552,1,'en','core/table/general','loading_data','Loading data from server','2023-03-05 23:43:17','2023-03-05 23:43:17'),(1553,1,'en','core/table/general','display','Display','2023-03-05 23:43:17','2023-03-05 23:43:17'),(1554,1,'en','core/table/general','all','All','2023-03-05 23:43:17','2023-03-05 23:43:17'),(1555,1,'en','core/table/general','edit_entry','Edit','2023-03-05 23:43:17','2023-03-05 23:43:17'),(1556,1,'en','core/table/general','delete_entry','Delete','2023-03-05 23:43:17','2023-03-05 23:43:17'),(1557,1,'en','core/table/general','show_from','Showing from','2023-03-05 23:43:17','2023-03-05 23:43:17'),(1558,1,'en','core/table/general','to','to','2023-03-05 23:43:17','2023-03-05 23:43:17'),(1559,1,'en','core/table/general','in','in','2023-03-05 23:43:17','2023-03-05 23:43:17'),(1560,1,'en','core/table/general','records','records','2023-03-05 23:43:17','2023-03-05 23:43:17'),(1561,1,'en','core/table/general','no_data','No data to display','2023-03-05 23:43:17','2023-03-05 23:43:17'),(1562,1,'en','core/table/general','no_record','No record','2023-03-05 23:43:17','2023-03-05 23:43:17'),(1563,1,'en','core/table/general','loading','Loading data from server','2023-03-05 23:43:17','2023-03-05 23:43:17'),(1564,1,'en','core/table/general','confirm_delete','Confirm delete','2023-03-05 23:43:17','2023-03-05 23:43:17'),(1565,1,'en','core/table/general','confirm_delete_msg','Do you really want to delete this record?','2023-03-05 23:43:17','2023-03-05 23:43:17'),(1566,1,'en','core/table/general','cancel','Cancel','2023-03-05 23:43:17','2023-03-05 23:43:17'),(1567,1,'en','core/table/general','delete','Delete','2023-03-05 23:43:17','2023-03-05 23:43:17'),(1568,1,'en','core/table/general','close','Close','2023-03-05 23:43:17','2023-03-05 23:43:17'),(1569,1,'en','core/table/general','contains','Contains','2023-03-05 23:43:17','2023-03-05 23:43:17'),(1570,1,'en','core/table/general','is_equal_to','Is equal to','2023-03-05 23:43:17','2023-03-05 23:43:17'),(1571,1,'en','core/table/general','greater_than','Greater than','2023-03-05 23:43:17','2023-03-05 23:43:17'),(1572,1,'en','core/table/general','less_than','Less than','2023-03-05 23:43:17','2023-03-05 23:43:17'),(1573,1,'en','core/table/general','value','Value','2023-03-05 23:43:17','2023-03-05 23:43:17'),(1574,1,'en','core/table/general','select_field','Select field','2023-03-05 23:43:17','2023-03-05 23:43:17'),(1575,1,'en','core/table/general','reset','Reset','2023-03-05 23:43:17','2023-03-05 23:43:17'),(1576,1,'en','core/table/general','add_additional_filter','Add additional filter','2023-03-05 23:43:17','2023-03-05 23:43:17'),(1577,1,'en','core/table/general','apply','Apply','2023-03-05 23:43:17','2023-03-05 23:43:17'),(1578,1,'en','core/table/general','filters','Filters','2023-03-05 23:43:17','2023-03-05 23:43:17'),(1579,1,'en','core/table/general','bulk_change','Bulk changes','2023-03-05 23:43:17','2023-03-05 23:43:17'),(1580,1,'en','core/table/general','select_option','Select option','2023-03-05 23:43:17','2023-03-05 23:43:17'),(1581,1,'en','core/table/general','bulk_actions','Bulk Actions','2023-03-05 23:43:17','2023-03-05 23:43:17'),(1582,1,'en','core/table/general','save_bulk_change_success','Update data for selected record(s) successfully!','2023-03-05 23:43:17','2023-03-05 23:43:17'),(1583,1,'en','core/table/general','please_select_record','Please select at least one record to perform this action!','2023-03-05 23:43:17','2023-03-05 23:43:17'),(1584,1,'en','core/table/general','filtered','(filtered from _MAX_ total records)','2023-03-05 23:43:17','2023-03-05 23:43:17'),(1585,1,'en','core/table/general','search','Search...','2023-03-05 23:43:17','2023-03-05 23:43:17'),(1586,1,'en','core/table/table','operations','Operations','2023-03-05 23:43:17','2023-03-05 23:43:17'),(1587,1,'en','core/table/table','loading_data','Loading data from server','2023-03-05 23:43:18','2023-03-05 23:43:18'),(1588,1,'en','core/table/table','display','Display','2023-03-05 23:43:18','2023-03-05 23:43:18'),(1589,1,'en','core/table/table','all','All','2023-03-05 23:43:18','2023-03-05 23:43:18'),(1590,1,'en','core/table/table','edit_entry','Edit','2023-03-05 23:43:18','2023-03-05 23:43:18'),(1591,1,'en','core/table/table','delete_entry','Delete','2023-03-05 23:43:18','2023-03-05 23:43:18'),(1592,1,'en','core/table/table','show_from','Showing from','2023-03-05 23:43:18','2023-03-05 23:43:18'),(1593,1,'en','core/table/table','to','to','2023-03-05 23:43:18','2023-03-05 23:43:18'),(1594,1,'en','core/table/table','in','in','2023-03-05 23:43:18','2023-03-05 23:43:18'),(1595,1,'en','core/table/table','records','records','2023-03-05 23:43:18','2023-03-05 23:43:18'),(1596,1,'en','core/table/table','no_data','No data to display','2023-03-05 23:43:18','2023-03-05 23:43:18'),(1597,1,'en','core/table/table','no_record','No record','2023-03-05 23:43:18','2023-03-05 23:43:18'),(1598,1,'en','core/table/table','loading','Loading data from server','2023-03-05 23:43:18','2023-03-05 23:43:18'),(1599,1,'en','core/table/table','confirm_delete','Confirm delete','2023-03-05 23:43:18','2023-03-05 23:43:18'),(1600,1,'en','core/table/table','confirm_delete_msg','Do you really want to delete this record?','2023-03-05 23:43:18','2023-03-05 23:43:18'),(1601,1,'en','core/table/table','cancel','Cancel','2023-03-05 23:43:18','2023-03-05 23:43:18'),(1602,1,'en','core/table/table','delete','Delete','2023-03-05 23:43:18','2023-03-05 23:43:18'),(1603,1,'en','core/table/table','close','Close','2023-03-05 23:43:18','2023-03-05 23:43:18'),(1604,1,'en','core/table/table','contains','Contains','2023-03-05 23:43:18','2023-03-05 23:43:18'),(1605,1,'en','core/table/table','is_equal_to','Is equal to','2023-03-05 23:43:18','2023-03-05 23:43:18'),(1606,1,'en','core/table/table','greater_than','Greater than','2023-03-05 23:43:18','2023-03-05 23:43:18'),(1607,1,'en','core/table/table','less_than','Less than','2023-03-05 23:43:18','2023-03-05 23:43:18'),(1608,1,'en','core/table/table','value','Value','2023-03-05 23:43:18','2023-03-05 23:43:18'),(1609,1,'en','core/table/table','select_field','Select field','2023-03-05 23:43:18','2023-03-05 23:43:18'),(1610,1,'en','core/table/table','reset','Reset','2023-03-05 23:43:18','2023-03-05 23:43:18'),(1611,1,'en','core/table/table','add_additional_filter','Add additional filter','2023-03-05 23:43:18','2023-03-05 23:43:18'),(1612,1,'en','core/table/table','apply','Apply','2023-03-05 23:43:18','2023-03-05 23:43:18'),(1613,1,'en','core/table/table','filters','Filters','2023-03-05 23:43:18','2023-03-05 23:43:18'),(1614,1,'en','core/table/table','bulk_change','Bulk changes','2023-03-05 23:43:18','2023-03-05 23:43:18'),(1615,1,'en','core/table/table','select_option','Select option','2023-03-05 23:43:18','2023-03-05 23:43:18'),(1616,1,'en','core/table/table','bulk_actions','Bulk Actions','2023-03-05 23:43:18','2023-03-05 23:43:18'),(1617,1,'en','core/table/table','save_bulk_change_success','Update data for selected record(s) successfully!','2023-03-05 23:43:18','2023-03-05 23:43:18'),(1618,1,'en','core/table/table','please_select_record','Please select at least one record to perform this action!','2023-03-05 23:43:18','2023-03-05 23:43:18'),(1619,1,'en','core/table/table','filtered','(filtered from _MAX_ total records)','2023-03-05 23:43:18','2023-03-05 23:43:18'),(1620,1,'en','core/table/table','search','Search...','2023-03-05 23:43:18','2023-03-05 23:43:18'),(1688,1,'en','packages/api/api','settings','API Settings','2023-03-05 23:43:18','2023-03-05 23:43:18'),(1689,1,'en','packages/api/api','save_settings','Save settings','2023-03-05 23:43:18','2023-03-05 23:43:18'),(1690,1,'en','packages/api/api','setting_title','API settings','2023-03-05 23:43:18','2023-03-05 23:43:18'),(1691,1,'en','packages/api/api','setting_description','Settings for API','2023-03-05 23:43:18','2023-03-05 23:43:18'),(1692,1,'en','packages/api/api','api_enabled','API enabled?','2023-03-05 23:43:18','2023-03-05 23:43:18'),(1693,1,'en','packages/get-started/get-started','welcome_title','Welcome to your admin dashboard!','2023-03-05 23:43:18','2023-03-05 23:43:18'),(1694,1,'en','packages/get-started/get-started','welcome_description','In a few short steps, you can have your new dashboard up and running!','2023-03-05 23:43:18','2023-03-05 23:43:18'),(1695,1,'en','packages/get-started/get-started','get_started','Get Started!','2023-03-05 23:43:18','2023-03-05 23:43:18'),(1696,1,'en','packages/get-started/get-started','customize_branding_title','Customize branding','2023-03-05 23:43:18','2023-03-05 23:43:18'),(1697,1,'en','packages/get-started/get-started','customize_branding_description','Customize your site with colors, logo and subdomain to match your business unique branding and identity.','2023-03-05 23:43:18','2023-03-05 23:43:18'),(1698,1,'en','packages/get-started/get-started','colors','Colors','2023-03-05 23:43:18','2023-03-05 23:43:18'),(1699,1,'en','packages/get-started/get-started','fonts','Fonts','2023-03-05 23:43:18','2023-03-05 23:43:18'),(1700,1,'en','packages/get-started/get-started','primary_color','Primary color','2023-03-05 23:43:18','2023-03-05 23:43:18'),(1701,1,'en','packages/get-started/get-started','primary_font','Primary font','2023-03-05 23:43:18','2023-03-05 23:43:18'),(1702,1,'en','packages/get-started/get-started','setup_wizard_button',':link to finish Quick setup Wizard!','2023-03-05 23:43:18','2023-03-05 23:43:18'),(1703,1,'en','packages/get-started/get-started','click_here','Click here','2023-03-05 23:43:18','2023-03-05 23:43:18'),(1704,1,'en','packages/get-started/get-started','site_title','Site title','2023-03-05 23:43:18','2023-03-05 23:43:18'),(1705,1,'en','packages/get-started/get-started','identify','Identify','2023-03-05 23:43:18','2023-03-05 23:43:18'),(1706,1,'en','packages/get-started/get-started','logo','Logo','2023-03-05 23:43:18','2023-03-05 23:43:18'),(1707,1,'en','packages/get-started/get-started','admin_logo','Admin logo','2023-03-05 23:43:18','2023-03-05 23:43:18'),(1708,1,'en','packages/get-started/get-started','favicon','Favicon','2023-03-05 23:43:18','2023-03-05 23:43:18'),(1709,1,'en','packages/get-started/get-started','admin_favicon','Admin favicon','2023-03-05 23:43:18','2023-03-05 23:43:18'),(1710,1,'en','packages/get-started/get-started','next_step','Next step','2023-03-05 23:43:18','2023-03-05 23:43:18'),(1711,1,'en','packages/get-started/get-started','site_ready_title','Your site is ready!','2023-03-05 23:43:18','2023-03-05 23:43:18'),(1712,1,'en','packages/get-started/get-started','site_ready_description','Welcome to your new site! Your website has been created and populated with sample data. You are in the admin area of your site where you can set up everything else needed to complete your site.','2023-03-05 23:43:18','2023-03-05 23:43:18'),(1713,1,'en','packages/get-started/get-started','finish','Finish','2023-03-05 23:43:18','2023-03-05 23:43:18'),(1714,1,'en','packages/get-started/get-started','exit_wizard_title','Are you sure you want to exit the Quick Setup Wizard?','2023-03-05 23:43:18','2023-03-05 23:43:18'),(1715,1,'en','packages/get-started/get-started','exit_wizard_confirm','Yes, I\'ll finish it later','2023-03-05 23:43:18','2023-03-05 23:43:18'),(1716,1,'en','packages/get-started/get-started','exit_wizard_cancel','No, take me back to the wizard','2023-03-05 23:43:18','2023-03-05 23:43:18'),(1717,1,'en','packages/get-started/get-started','change_default_account_info_title','Change default account info','2023-03-05 23:43:18','2023-03-05 23:43:18'),(1718,1,'en','packages/get-started/get-started','change_default_account_info_description','The default account is using a weak password. You need to change it to a complex password for better security.','2023-03-05 23:43:18','2023-03-05 23:43:18'),(1719,1,'en','packages/get-started/get-started','username','Username','2023-03-05 23:43:18','2023-03-05 23:43:18'),(1720,1,'en','packages/get-started/get-started','email','Email','2023-03-05 23:43:18','2023-03-05 23:43:18'),(1721,1,'en','packages/get-started/get-started','password','Password','2023-03-05 23:43:18','2023-03-05 23:43:18'),(1722,1,'en','packages/get-started/get-started','password_confirmation','Password confirmation','2023-03-05 23:43:18','2023-03-05 23:43:18'),(1723,1,'en','packages/installer/installer','title','Installer','2023-03-05 23:43:18','2023-03-05 23:43:18'),(1724,1,'en','packages/installer/installer','next','Next Step','2023-03-05 23:43:18','2023-03-05 23:43:18'),(1725,1,'en','packages/installer/installer','back','Previous','2023-03-05 23:43:18','2023-03-05 23:43:18'),(1726,1,'en','packages/installer/installer','finish','Install','2023-03-05 23:43:18','2023-03-05 23:43:18'),(1727,1,'en','packages/installer/installer','forms.errorTitle','The following errors occurred:','2023-03-05 23:43:18','2023-03-05 23:43:18'),(1728,1,'en','packages/installer/installer','welcome.templateTitle','Welcome','2023-03-05 23:43:18','2023-03-05 23:43:18'),(1729,1,'en','packages/installer/installer','welcome.title','Welcome','2023-03-05 23:43:18','2023-03-05 23:43:18'),(1730,1,'en','packages/installer/installer','welcome.message','Before getting started, we need some information on the database. You will need to know the following items before proceeding.','2023-03-05 23:43:18','2023-03-05 23:43:18'),(1731,1,'en','packages/installer/installer','welcome.next','Let\'s go','2023-03-05 23:43:18','2023-03-05 23:43:18'),(1732,1,'en','packages/installer/installer','requirements.templateTitle','Step 1 | Server Requirements','2023-03-05 23:43:18','2023-03-05 23:43:18'),(1733,1,'en','packages/installer/installer','requirements.title','Server Requirements','2023-03-05 23:43:19','2023-03-05 23:43:19'),(1734,1,'en','packages/installer/installer','requirements.next','Check Permissions','2023-03-05 23:43:19','2023-03-05 23:43:19'),(1735,1,'en','packages/installer/installer','permissions.templateTitle','Step 2 | Permissions','2023-03-05 23:43:19','2023-03-05 23:43:19'),(1736,1,'en','packages/installer/installer','permissions.title','Permissions','2023-03-05 23:43:19','2023-03-05 23:43:19'),(1737,1,'en','packages/installer/installer','permissions.next','Configure Environment','2023-03-05 23:43:19','2023-03-05 23:43:19'),(1738,1,'en','packages/installer/installer','environment.wizard.templateTitle','Environment Settings','2023-03-05 23:43:19','2023-03-05 23:43:19'),(1739,1,'en','packages/installer/installer','environment.wizard.title','Environment Settings','2023-03-05 23:43:19','2023-03-05 23:43:19'),(1740,1,'en','packages/installer/installer','environment.wizard.form.name_required','An environment name is required.','2023-03-05 23:43:19','2023-03-05 23:43:19'),(1741,1,'en','packages/installer/installer','environment.wizard.form.app_name_label','Site title','2023-03-05 23:43:19','2023-03-05 23:43:19'),(1742,1,'en','packages/installer/installer','environment.wizard.form.app_name_placeholder','Site title','2023-03-05 23:43:19','2023-03-05 23:43:19'),(1743,1,'en','packages/installer/installer','environment.wizard.form.app_url_label','URL','2023-03-05 23:43:19','2023-03-05 23:43:19'),(1744,1,'en','packages/installer/installer','environment.wizard.form.app_url_placeholder','URL','2023-03-05 23:43:19','2023-03-05 23:43:19'),(1745,1,'en','packages/installer/installer','environment.wizard.form.db_connection_label','Database Connection','2023-03-05 23:43:19','2023-03-05 23:43:19'),(1746,1,'en','packages/installer/installer','environment.wizard.form.db_connection_label_mysql','MySQL','2023-03-05 23:43:19','2023-03-05 23:43:19'),(1747,1,'en','packages/installer/installer','environment.wizard.form.db_connection_label_sqlite','SQLite','2023-03-05 23:43:19','2023-03-05 23:43:19'),(1748,1,'en','packages/installer/installer','environment.wizard.form.db_connection_label_pgsql','PostgreSQL','2023-03-05 23:43:19','2023-03-05 23:43:19'),(1749,1,'en','packages/installer/installer','environment.wizard.form.db_host_label','Database host','2023-03-05 23:43:19','2023-03-05 23:43:19'),(1750,1,'en','packages/installer/installer','environment.wizard.form.db_host_placeholder','Database host','2023-03-05 23:43:19','2023-03-05 23:43:19'),(1751,1,'en','packages/installer/installer','environment.wizard.form.db_port_label','Database port','2023-03-05 23:43:19','2023-03-05 23:43:19'),(1752,1,'en','packages/installer/installer','environment.wizard.form.db_port_placeholder','Database port','2023-03-05 23:43:19','2023-03-05 23:43:19'),(1753,1,'en','packages/installer/installer','environment.wizard.form.db_name_label','Database name','2023-03-05 23:43:19','2023-03-05 23:43:19'),(1754,1,'en','packages/installer/installer','environment.wizard.form.db_name_placeholder','Database name','2023-03-05 23:43:19','2023-03-05 23:43:19'),(1755,1,'en','packages/installer/installer','environment.wizard.form.db_username_label','Database username','2023-03-05 23:43:19','2023-03-05 23:43:19'),(1756,1,'en','packages/installer/installer','environment.wizard.form.db_username_placeholder','Database username','2023-03-05 23:43:19','2023-03-05 23:43:19'),(1757,1,'en','packages/installer/installer','environment.wizard.form.db_password_label','Database password','2023-03-05 23:43:19','2023-03-05 23:43:19'),(1758,1,'en','packages/installer/installer','environment.wizard.form.db_password_placeholder','Database password','2023-03-05 23:43:19','2023-03-05 23:43:19'),(1759,1,'en','packages/installer/installer','environment.wizard.form.buttons.install','Install','2023-03-05 23:43:19','2023-03-05 23:43:19'),(1760,1,'en','packages/installer/installer','environment.success','Your .env file settings have been saved.','2023-03-05 23:43:19','2023-03-05 23:43:19'),(1761,1,'en','packages/installer/installer','environment.errors','Unable to save the .env file, Please create it manually.','2023-03-05 23:43:19','2023-03-05 23:43:19'),(1762,1,'en','packages/installer/installer','install','Install','2023-03-05 23:43:19','2023-03-05 23:43:19'),(1763,1,'en','packages/installer/installer','final.title','Installation Finished','2023-03-05 23:43:19','2023-03-05 23:43:19'),(1764,1,'en','packages/installer/installer','final.templateTitle','Installation Finished','2023-03-05 23:43:19','2023-03-05 23:43:19'),(1765,1,'en','packages/installer/installer','final.finished','Application has been successfully installed.','2023-03-05 23:43:19','2023-03-05 23:43:19'),(1766,1,'en','packages/installer/installer','final.exit','Click here to exit','2023-03-05 23:43:19','2023-03-05 23:43:19'),(1767,1,'en','packages/installer/installer','create_account','Create account','2023-03-05 23:43:19','2023-03-05 23:43:19'),(1768,1,'en','packages/installer/installer','first_name','First name','2023-03-05 23:43:19','2023-03-05 23:43:19'),(1769,1,'en','packages/installer/installer','last_name','Last name','2023-03-05 23:43:19','2023-03-05 23:43:19'),(1770,1,'en','packages/installer/installer','username','Username','2023-03-05 23:43:19','2023-03-05 23:43:19'),(1771,1,'en','packages/installer/installer','email','Email','2023-03-05 23:43:19','2023-03-05 23:43:19'),(1772,1,'en','packages/installer/installer','password','Password','2023-03-05 23:43:19','2023-03-05 23:43:19'),(1773,1,'en','packages/installer/installer','password_confirmation','Password confirmation','2023-03-05 23:43:19','2023-03-05 23:43:19'),(1774,1,'en','packages/installer/installer','create','Create','2023-03-05 23:43:19','2023-03-05 23:43:19'),(1775,1,'en','packages/installer/installer','install_success','Installed successfully!','2023-03-05 23:43:19','2023-03-05 23:43:19'),(1776,1,'en','packages/menu/menu','name','Menus','2023-03-05 23:43:19','2023-03-05 23:43:19'),(1777,1,'en','packages/menu/menu','key_name','Menu name (key: :key)','2023-03-05 23:43:19','2023-03-05 23:43:19'),(1778,1,'en','packages/menu/menu','basic_info','Basic information','2023-03-05 23:43:19','2023-03-05 23:43:19'),(1779,1,'en','packages/menu/menu','add_to_menu','Add to menu','2023-03-05 23:43:19','2023-03-05 23:43:19'),(1780,1,'en','packages/menu/menu','custom_link','Custom link','2023-03-05 23:43:19','2023-03-05 23:43:19'),(1781,1,'en','packages/menu/menu','add_link','Add link','2023-03-05 23:43:19','2023-03-05 23:43:19'),(1782,1,'en','packages/menu/menu','structure','Menu structure','2023-03-05 23:43:19','2023-03-05 23:43:19'),(1783,1,'en','packages/menu/menu','remove','Remove','2023-03-05 23:43:19','2023-03-05 23:43:19'),(1784,1,'en','packages/menu/menu','cancel','Cancel','2023-03-05 23:43:19','2023-03-05 23:43:19'),(1785,1,'en','packages/menu/menu','title','Title','2023-03-05 23:43:19','2023-03-05 23:43:19'),(1786,1,'en','packages/menu/menu','icon','Icon','2023-03-05 23:43:19','2023-03-05 23:43:19'),(1787,1,'en','packages/menu/menu','url','URL','2023-03-05 23:43:19','2023-03-05 23:43:19'),(1788,1,'en','packages/menu/menu','target','Target','2023-03-05 23:43:19','2023-03-05 23:43:19'),(1789,1,'en','packages/menu/menu','css_class','CSS class','2023-03-05 23:43:19','2023-03-05 23:43:19'),(1790,1,'en','packages/menu/menu','self_open_link','Open link directly','2023-03-05 23:43:19','2023-03-05 23:43:19'),(1791,1,'en','packages/menu/menu','blank_open_link','Open link in new tab','2023-03-05 23:43:19','2023-03-05 23:43:19'),(1792,1,'en','packages/menu/menu','create','Create menu','2023-03-05 23:43:19','2023-03-05 23:43:19'),(1793,1,'en','packages/menu/menu','edit','Edit menu','2023-03-05 23:43:19','2023-03-05 23:43:19'),(1794,1,'en','packages/menu/menu','menu_settings','Menu settings','2023-03-05 23:43:19','2023-03-05 23:43:19'),(1795,1,'en','packages/menu/menu','display_location','Display location','2023-03-05 23:43:19','2023-03-05 23:43:19'),(1796,1,'en','packages/menu/menu','title_placeholder','Title','2023-03-05 23:43:19','2023-03-05 23:43:19'),(1797,1,'en','packages/menu/menu','icon_placeholder','Icon','2023-03-05 23:43:19','2023-03-05 23:43:19'),(1798,1,'en','packages/menu/menu','url_placeholder','URL','2023-03-05 23:43:19','2023-03-05 23:43:19'),(1799,1,'en','packages/menu/menu','css_class_placeholder','CSS class','2023-03-05 23:43:19','2023-03-05 23:43:19'),(1800,1,'en','packages/menu/menu','menu_id','Menu ID','2023-03-05 23:43:19','2023-03-05 23:43:19'),(1821,1,'en','packages/optimize/optimize','settings.title','Optimize page speed','2023-03-05 23:43:19','2023-03-05 23:43:19'),(1822,1,'en','packages/optimize/optimize','settings.description','Minify HTML output, inline CSS, remove comments...','2023-03-05 23:43:19','2023-03-05 23:43:19'),(1823,1,'en','packages/optimize/optimize','settings.enable','Enable optimize page speed?','2023-03-05 23:43:19','2023-03-05 23:43:19'),(1824,1,'en','packages/optimize/optimize','collapse_white_space','Collapse white space','2023-03-05 23:43:19','2023-03-05 23:43:19'),(1825,1,'en','packages/optimize/optimize','collapse_white_space_description','This filter reduces bytes transmitted in an HTML file by removing unnecessary whitespace.','2023-03-05 23:43:19','2023-03-05 23:43:19'),(1826,1,'en','packages/optimize/optimize','elide_attributes','Elide attributes','2023-03-05 23:43:19','2023-03-05 23:43:19'),(1827,1,'en','packages/optimize/optimize','elide_attributes_description','This filter reduces the transfer size of HTML files by removing attributes from tags when the specified value is equal to the default value for that attribute. This can save a modest number of bytes, and may make the document more compressible by canonicalizing the affected tags.','2023-03-05 23:43:19','2023-03-05 23:43:19'),(1828,1,'en','packages/optimize/optimize','inline_css','Inline CSS','2023-03-05 23:43:19','2023-03-05 23:43:19'),(1829,1,'en','packages/optimize/optimize','inline_css_description','This filter transforms the inline \"style\" attribute of tags into classes by moving the CSS to the header.','2023-03-05 23:43:19','2023-03-05 23:43:19'),(1830,1,'en','packages/optimize/optimize','insert_dns_prefetch','Insert DNS prefetch','2023-03-05 23:43:19','2023-03-05 23:43:19'),(1831,1,'en','packages/optimize/optimize','insert_dns_prefetch_description','This filter injects tags in the HEAD to enable the browser to do DNS prefetching.','2023-03-05 23:43:19','2023-03-05 23:43:19'),(1832,1,'en','packages/optimize/optimize','remove_comments','Remove comments','2023-03-05 23:43:19','2023-03-05 23:43:19'),(1833,1,'en','packages/optimize/optimize','remove_comments_description','This filter eliminates HTML, JS and CSS comments. The filter reduces the transfer size of HTML files by removing the comments. Depending on the HTML file, this filter can significantly reduce the number of bytes transmitted on the network.','2023-03-05 23:43:19','2023-03-05 23:43:19'),(1834,1,'en','packages/optimize/optimize','trim_urls','Trim URLs','2023-03-05 23:43:19','2023-03-05 23:43:19'),(1835,1,'en','packages/optimize/optimize','trim_urls_description','This filter trims URLs by resolving them by making them relative to the base URL for the page.','2023-03-05 23:43:19','2023-03-05 23:43:19'),(1836,1,'en','packages/optimize/optimize','remove_quotes','Remove quotes','2023-03-05 23:43:19','2023-03-05 23:43:19'),(1837,1,'en','packages/optimize/optimize','remove_quotes_description','This filter eliminates unnecessary quotation marks from HTML attributes. While required by the various HTML specifications, browsers permit their omission when the value of an attribute is composed of a certain subset of characters (alphanumerics and some punctuation characters).','2023-03-05 23:43:19','2023-03-05 23:43:19'),(1838,1,'en','packages/optimize/optimize','defer_javascript','Defer javascript','2023-03-05 23:43:19','2023-03-05 23:43:19'),(1839,1,'en','packages/optimize/optimize','defer_javascript_description','Defers the execution of javascript in the HTML. If necessary cancel deferring in some script, use data-pagespeed-no-defer as script attribute to cancel deferring.','2023-03-05 23:43:19','2023-03-05 23:43:19'),(1840,1,'en','packages/page/pages','create','Create new page','2023-03-05 23:43:19','2023-03-05 23:43:19'),(1841,1,'en','packages/page/pages','edit','Edit page','2023-03-05 23:43:19','2023-03-05 23:43:19'),(1842,1,'en','packages/page/pages','form.name','Name','2023-03-05 23:43:19','2023-03-05 23:43:19'),(1843,1,'en','packages/page/pages','form.name_placeholder','Page\'s name (Maximum 120 characters)','2023-03-05 23:43:19','2023-03-05 23:43:19'),(1844,1,'en','packages/page/pages','form.content','Content','2023-03-05 23:43:19','2023-03-05 23:43:19'),(1845,1,'en','packages/page/pages','form.note','Note content','2023-03-05 23:43:19','2023-03-05 23:43:19'),(1846,1,'en','packages/page/pages','notices.no_select','Please select at least one record to take this action!','2023-03-05 23:43:19','2023-03-05 23:43:19'),(1847,1,'en','packages/page/pages','notices.update_success_message','Update successfully','2023-03-05 23:43:19','2023-03-05 23:43:19'),(1848,1,'en','packages/page/pages','cannot_delete','Page could not be deleted','2023-03-05 23:43:19','2023-03-05 23:43:19'),(1849,1,'en','packages/page/pages','deleted','Page deleted','2023-03-05 23:43:19','2023-03-05 23:43:19'),(1850,1,'en','packages/page/pages','pages','Pages','2023-03-05 23:43:19','2023-03-05 23:43:19'),(1851,1,'en','packages/page/pages','menu','Pages','2023-03-05 23:43:19','2023-03-05 23:43:19'),(1852,1,'en','packages/page/pages','menu_name','Pages','2023-03-05 23:43:19','2023-03-05 23:43:19'),(1853,1,'en','packages/page/pages','edit_this_page','Edit this page','2023-03-05 23:43:19','2023-03-05 23:43:19'),(1854,1,'en','packages/page/pages','total_pages','Total pages','2023-03-05 23:43:19','2023-03-05 23:43:19'),(1855,1,'en','packages/page/pages','settings.show_on_front','Your homepage displays','2023-03-05 23:43:19','2023-03-05 23:43:19'),(1856,1,'en','packages/page/pages','settings.select','— Select —','2023-03-05 23:43:19','2023-03-05 23:43:19'),(1857,1,'en','packages/page/pages','front_page','Front Page','2023-03-05 23:43:19','2023-03-05 23:43:19'),(1876,1,'en','packages/plugin-management/plugin','enabled','Enabled','2023-03-05 23:43:20','2023-03-05 23:43:20'),(1877,1,'en','packages/plugin-management/plugin','deactivated','Deactivated','2023-03-05 23:43:20','2023-03-05 23:43:20'),(1878,1,'en','packages/plugin-management/plugin','activated','Activated','2023-03-05 23:43:20','2023-03-05 23:43:20'),(1879,1,'en','packages/plugin-management/plugin','activate','Activate','2023-03-05 23:43:20','2023-03-05 23:43:20'),(1880,1,'en','packages/plugin-management/plugin','deactivate','Deactivate','2023-03-05 23:43:20','2023-03-05 23:43:20'),(1881,1,'en','packages/plugin-management/plugin','author','By','2023-03-05 23:43:20','2023-03-05 23:43:20'),(1882,1,'en','packages/plugin-management/plugin','update_plugin_status_success','Update plugin successfully','2023-03-05 23:43:20','2023-03-05 23:43:20'),(1883,1,'en','packages/plugin-management/plugin','plugins','Plugins','2023-03-05 23:43:20','2023-03-05 23:43:20'),(1884,1,'en','packages/plugin-management/plugin','missing_required_plugins','Please activate plugin(s): :plugins before activate this plugin!','2023-03-05 23:43:20','2023-03-05 23:43:20'),(1885,1,'en','packages/plugin-management/plugin','remove','Remove','2023-03-05 23:43:20','2023-03-05 23:43:20'),(1886,1,'en','packages/plugin-management/plugin','remove_plugin_success','Remove plugin successfully!','2023-03-05 23:43:20','2023-03-05 23:43:20'),(1887,1,'en','packages/plugin-management/plugin','remove_plugin','Remove plugin','2023-03-05 23:43:20','2023-03-05 23:43:20'),(1888,1,'en','packages/plugin-management/plugin','remove_plugin_confirm_message','Do you really want to remove this plugin?','2023-03-05 23:43:20','2023-03-05 23:43:20'),(1889,1,'en','packages/plugin-management/plugin','remove_plugin_confirm_yes','Yes, remove it!','2023-03-05 23:43:20','2023-03-05 23:43:20'),(1890,1,'en','packages/plugin-management/plugin','total_plugins','Total plugins','2023-03-05 23:43:20','2023-03-05 23:43:20'),(1891,1,'en','packages/plugin-management/plugin','invalid_plugin','This plugin is not a valid plugin, please check it again!','2023-03-05 23:43:20','2023-03-05 23:43:20'),(1892,1,'en','packages/plugin-management/plugin','version','Version','2023-03-05 23:43:20','2023-03-05 23:43:20'),(1893,1,'en','packages/plugin-management/plugin','invalid_json','Invalid plugin.json!','2023-03-05 23:43:20','2023-03-05 23:43:20'),(1894,1,'en','packages/plugin-management/plugin','activate_success','Activate plugin successfully!','2023-03-05 23:43:20','2023-03-05 23:43:20'),(1895,1,'en','packages/plugin-management/plugin','activated_already','This plugin is activated already!','2023-03-05 23:43:20','2023-03-05 23:43:20'),(1896,1,'en','packages/plugin-management/plugin','plugin_not_exist','This plugin is not exists.','2023-03-05 23:43:20','2023-03-05 23:43:20'),(1897,1,'en','packages/plugin-management/plugin','missing_json_file','Missing file plugin.json!','2023-03-05 23:43:20','2023-03-05 23:43:20'),(1898,1,'en','packages/plugin-management/plugin','plugin_invalid','Plugin is valid!','2023-03-05 23:43:20','2023-03-05 23:43:20'),(1899,1,'en','packages/plugin-management/plugin','published_assets_success','Publish assets for plugin :name successfully!','2023-03-05 23:43:20','2023-03-05 23:43:20'),(1900,1,'en','packages/plugin-management/plugin','plugin_removed','Plugin has been removed!','2023-03-05 23:43:20','2023-03-05 23:43:20'),(1901,1,'en','packages/plugin-management/plugin','deactivated_success','Deactivate plugin successfully!','2023-03-05 23:43:20','2023-03-05 23:43:20'),(1902,1,'en','packages/plugin-management/plugin','deactivated_already','This plugin is deactivated already!','2023-03-05 23:43:20','2023-03-05 23:43:20'),(1903,1,'en','packages/plugin-management/plugin','folder_is_not_writeable','Cannot write files! Folder :name is not writable. Please chmod to make it writable!','2023-03-05 23:43:20','2023-03-05 23:43:20'),(1904,1,'en','packages/plugin-management/plugin','plugin_is_not_ready','Plugin :name is not ready to use','2023-03-05 23:43:20','2023-03-05 23:43:20'),(1932,1,'en','packages/seo-helper/seo-helper','meta_box_header','Search Engine Optimize','2023-03-05 23:43:20','2023-03-05 23:43:20'),(1933,1,'en','packages/seo-helper/seo-helper','edit_seo_meta','Edit SEO meta','2023-03-05 23:43:20','2023-03-05 23:43:20'),(1934,1,'en','packages/seo-helper/seo-helper','default_description','Setup meta title & description to make your site easy to discovered on search engines such as Google','2023-03-05 23:43:20','2023-03-05 23:43:20'),(1935,1,'en','packages/seo-helper/seo-helper','seo_title','SEO Title','2023-03-05 23:43:20','2023-03-05 23:43:20'),(1936,1,'en','packages/seo-helper/seo-helper','seo_description','SEO description','2023-03-05 23:43:20','2023-03-05 23:43:20'),(1942,1,'en','packages/slug/slug','permalink_settings','Permalink','2023-03-05 23:43:20','2023-03-05 23:43:20'),(1943,1,'en','packages/slug/slug','settings.title','Permalink settings','2023-03-05 23:43:20','2023-03-05 23:43:20'),(1944,1,'en','packages/slug/slug','settings.description','Manage permalink for all modules.','2023-03-05 23:43:20','2023-03-05 23:43:20'),(1945,1,'en','packages/slug/slug','settings.preview','Preview','2023-03-05 23:43:20','2023-03-05 23:43:20'),(1946,1,'en','packages/slug/slug','settings.turn_off_automatic_url_translation_into_latin','Turn off automatic URL translation into Latin?','2023-03-05 23:43:20','2023-03-05 23:43:20'),(1947,1,'en','packages/slug/slug','preview','Preview','2023-03-05 23:43:20','2023-03-05 23:43:20'),(1948,1,'en','packages/slug/slug','prefix_for','Prefix for :name','2023-03-05 23:43:20','2023-03-05 23:43:20'),(1954,1,'en','packages/theme/theme','name','Themes','2023-03-05 23:43:20','2023-03-05 23:43:20'),(1955,1,'en','packages/theme/theme','theme','Theme','2023-03-05 23:43:20','2023-03-05 23:43:20'),(1956,1,'en','packages/theme/theme','author','Author','2023-03-05 23:43:20','2023-03-05 23:43:20'),(1957,1,'en','packages/theme/theme','version','Version','2023-03-05 23:43:20','2023-03-05 23:43:20'),(1958,1,'en','packages/theme/theme','description','Description','2023-03-05 23:43:20','2023-03-05 23:43:20'),(1959,1,'en','packages/theme/theme','active_success','Activate theme :name successfully!','2023-03-05 23:43:20','2023-03-05 23:43:20'),(1960,1,'en','packages/theme/theme','active','Active','2023-03-05 23:43:20','2023-03-05 23:43:20'),(1961,1,'en','packages/theme/theme','activated','Activated','2023-03-05 23:43:20','2023-03-05 23:43:20'),(1962,1,'en','packages/theme/theme','appearance','Appearance','2023-03-05 23:43:20','2023-03-05 23:43:20'),(1963,1,'en','packages/theme/theme','theme_options','Theme options','2023-03-05 23:43:20','2023-03-05 23:43:20'),(1964,1,'en','packages/theme/theme','save_changes','Save Changes','2023-03-05 23:43:20','2023-03-05 23:43:20'),(1965,1,'en','packages/theme/theme','developer_mode','Developer Mode Enabled','2023-03-05 23:43:20','2023-03-05 23:43:20'),(1966,1,'en','packages/theme/theme','custom_css','Custom CSS','2023-03-05 23:43:20','2023-03-05 23:43:20'),(1967,1,'en','packages/theme/theme','custom_js','Custom JS','2023-03-05 23:43:20','2023-03-05 23:43:20'),(1968,1,'en','packages/theme/theme','custom_header_js','Header JS','2023-03-05 23:43:20','2023-03-05 23:43:20'),(1969,1,'en','packages/theme/theme','custom_header_js_placeholder','JS in header of page, wrap it inside &#x3C;script&#x3E;&#x3C;/script&#x3E;','2023-03-05 23:43:20','2023-03-05 23:43:20'),(1970,1,'en','packages/theme/theme','custom_body_js','Body JS','2023-03-05 23:43:20','2023-03-05 23:43:20'),(1971,1,'en','packages/theme/theme','custom_body_js_placeholder','JS in body of page, wrap it inside &#x3C;script&#x3E;&#x3C;/script&#x3E;','2023-03-05 23:43:20','2023-03-05 23:43:20'),(1972,1,'en','packages/theme/theme','custom_footer_js','Footer JS','2023-03-05 23:43:20','2023-03-05 23:43:20'),(1973,1,'en','packages/theme/theme','custom_footer_js_placeholder','JS in footer of page, wrap it inside &#x3C;script&#x3E;&#x3C;/script&#x3E;','2023-03-05 23:43:20','2023-03-05 23:43:20'),(1974,1,'en','packages/theme/theme','custom_html','Custom HTML','2023-03-05 23:43:20','2023-03-05 23:43:20'),(1975,1,'en','packages/theme/theme','custom_header_html','Header HTML','2023-03-05 23:43:20','2023-03-05 23:43:20'),(1976,1,'en','packages/theme/theme','custom_header_html_placeholder','HTML in header of page, no special tags: script, style, iframe...','2023-03-05 23:43:20','2023-03-05 23:43:20'),(1977,1,'en','packages/theme/theme','custom_body_html','Body HTML','2023-03-05 23:43:20','2023-03-05 23:43:20'),(1978,1,'en','packages/theme/theme','custom_body_html_placeholder','HTML in body of page, no special tags: script, style, iframe...','2023-03-05 23:43:20','2023-03-05 23:43:20'),(1979,1,'en','packages/theme/theme','custom_footer_html','Footer HTML','2023-03-05 23:43:20','2023-03-05 23:43:20'),(1980,1,'en','packages/theme/theme','custom_footer_html_placeholder','HTML in footer of page, no special tags: script, style, iframe...','2023-03-05 23:43:20','2023-03-05 23:43:20'),(1981,1,'en','packages/theme/theme','remove_theme_success','Remove theme successfully!','2023-03-05 23:43:20','2023-03-05 23:43:20'),(1982,1,'en','packages/theme/theme','theme_is_not_existed','This theme is not existed!','2023-03-05 23:43:20','2023-03-05 23:43:20'),(1983,1,'en','packages/theme/theme','remove','Remove','2023-03-05 23:43:20','2023-03-05 23:43:20'),(1984,1,'en','packages/theme/theme','remove_theme','Remove theme','2023-03-05 23:43:20','2023-03-05 23:43:20'),(1985,1,'en','packages/theme/theme','remove_theme_confirm_message','Do you really want to remove this theme?','2023-03-05 23:43:20','2023-03-05 23:43:20'),(1986,1,'en','packages/theme/theme','remove_theme_confirm_yes','Yes, remove it!','2023-03-05 23:43:20','2023-03-05 23:43:20'),(1987,1,'en','packages/theme/theme','total_themes','Total themes','2023-03-05 23:43:20','2023-03-05 23:43:20'),(1988,1,'en','packages/theme/theme','show_admin_bar','Show admin bar (When admin logged in, still show admin bar in website)?','2023-03-05 23:43:20','2023-03-05 23:43:20'),(1989,1,'en','packages/theme/theme','settings.title','Theme','2023-03-05 23:43:20','2023-03-05 23:43:20'),(1990,1,'en','packages/theme/theme','settings.description','Setting for theme','2023-03-05 23:43:20','2023-03-05 23:43:20'),(1991,1,'en','packages/theme/theme','settings.redirect_404_to_homepage','Redirect all not found requests to homepage?','2023-03-05 23:43:20','2023-03-05 23:43:20'),(1992,1,'en','packages/theme/theme','add_new','Add new','2023-03-05 23:43:20','2023-03-05 23:43:20'),(1993,1,'en','packages/theme/theme','theme_activated_already','Theme \":name\" is activated already!','2023-03-05 23:43:20','2023-03-05 23:43:20'),(1994,1,'en','packages/theme/theme','missing_json_file','Missing file theme.json!','2023-03-05 23:43:20','2023-03-05 23:43:20'),(1995,1,'en','packages/theme/theme','theme_invalid','Theme is valid!','2023-03-05 23:43:20','2023-03-05 23:43:20'),(1996,1,'en','packages/theme/theme','published_assets_success','Publish assets for :themes successfully!','2023-03-05 23:43:20','2023-03-05 23:43:20'),(1997,1,'en','packages/theme/theme','cannot_remove_theme','Cannot remove activated theme, please activate another theme before removing \":name\"!','2023-03-05 23:43:20','2023-03-05 23:43:20'),(1998,1,'en','packages/theme/theme','theme_deleted','Theme \":name\" has been destroyed.','2023-03-05 23:43:20','2023-03-05 23:43:20'),(1999,1,'en','packages/theme/theme','removed_assets','Remove assets of a theme :name successfully!','2023-03-05 23:43:20','2023-03-05 23:43:20'),(2000,1,'en','packages/theme/theme','update_custom_css_success','Update custom CSS successfully!','2023-03-05 23:43:20','2023-03-05 23:43:20'),(2001,1,'en','packages/theme/theme','update_custom_js_success','Update custom JS successfully!','2023-03-05 23:43:20','2023-03-05 23:43:20'),(2002,1,'en','packages/theme/theme','update_custom_html_success','Update custom HTML successfully!','2023-03-05 23:43:20','2023-03-05 23:43:20'),(2003,1,'en','packages/theme/theme','go_to_dashboard','Go to dashboard','2023-03-05 23:43:21','2023-03-05 23:43:21'),(2004,1,'en','packages/theme/theme','custom_css_placeholder','Using Ctrl + Space to autocomplete.','2023-03-05 23:43:21','2023-03-05 23:43:21'),(2005,1,'en','packages/theme/theme','theme_option_general','General','2023-03-05 23:43:21','2023-03-05 23:43:21'),(2006,1,'en','packages/theme/theme','theme_option_general_description','General settings','2023-03-05 23:43:21','2023-03-05 23:43:21'),(2007,1,'en','packages/theme/theme','theme_option_seo_open_graph_image','SEO default Open Graph image','2023-03-05 23:43:21','2023-03-05 23:43:21'),(2008,1,'en','packages/theme/theme','theme_option_logo','Logo','2023-03-05 23:43:21','2023-03-05 23:43:21'),(2009,1,'en','packages/theme/theme','theme_option_favicon','Favicon','2023-03-05 23:43:21','2023-03-05 23:43:21'),(2010,1,'en','packages/theme/theme','folder_is_not_writeable','Cannot write files! Folder :name is not writable. Please chmod to make it writable!','2023-03-05 23:43:21','2023-03-05 23:43:21'),(2034,1,'en','packages/widget/global','name','Widgets','2023-03-05 23:43:21','2023-03-05 23:43:21'),(2035,1,'en','packages/widget/global','create','New widget','2023-03-05 23:43:21','2023-03-05 23:43:21'),(2036,1,'en','packages/widget/global','edit','Edit widget','2023-03-05 23:43:21','2023-03-05 23:43:21'),(2037,1,'en','packages/widget/global','delete','Delete','2023-03-05 23:43:21','2023-03-05 23:43:21'),(2038,1,'en','packages/widget/global','available','Available Widgets','2023-03-05 23:43:21','2023-03-05 23:43:21'),(2039,1,'en','packages/widget/global','instruction','To activate a widget drag it to a sidebar or click on it. To deactivate a widget and delete its settings, drag it back.','2023-03-05 23:43:21','2023-03-05 23:43:21'),(2040,1,'en','packages/widget/global','number_tag_display','Number tags will be display','2023-03-05 23:43:21','2023-03-05 23:43:21'),(2041,1,'en','packages/widget/global','number_post_display','Number posts will be display','2023-03-05 23:43:21','2023-03-05 23:43:21'),(2042,1,'en','packages/widget/global','select_menu','Select Menu','2023-03-05 23:43:21','2023-03-05 23:43:21'),(2043,1,'en','packages/widget/global','widget_text','Text','2023-03-05 23:43:21','2023-03-05 23:43:21'),(2044,1,'en','packages/widget/global','widget_text_description','Arbitrary text or HTML.','2023-03-05 23:43:21','2023-03-05 23:43:21'),(2045,1,'en','packages/widget/global','widget_recent_post','Recent Posts','2023-03-05 23:43:21','2023-03-05 23:43:21'),(2046,1,'en','packages/widget/global','widget_recent_post_description','Recent posts widget.','2023-03-05 23:43:21','2023-03-05 23:43:21'),(2047,1,'en','packages/widget/global','widget_custom_menu','Custom Menu','2023-03-05 23:43:21','2023-03-05 23:43:21'),(2048,1,'en','packages/widget/global','widget_custom_menu_description','Add a custom menu to your widget area.','2023-03-05 23:43:21','2023-03-05 23:43:21'),(2049,1,'en','packages/widget/global','widget_tag','Tags','2023-03-05 23:43:21','2023-03-05 23:43:21'),(2050,1,'en','packages/widget/global','widget_tag_description','Popular tags','2023-03-05 23:43:21','2023-03-05 23:43:21'),(2051,1,'en','packages/widget/global','save_success','Save widget successfully!','2023-03-05 23:43:21','2023-03-05 23:43:21'),(2052,1,'en','packages/widget/global','delete_success','Delete widget successfully!','2023-03-05 23:43:21','2023-03-05 23:43:21'),(2053,1,'en','packages/widget/widget','name','Widgets','2023-03-05 23:43:21','2023-03-05 23:43:21'),(2054,1,'en','packages/widget/widget','create','New widget','2023-03-05 23:43:21','2023-03-05 23:43:21'),(2055,1,'en','packages/widget/widget','edit','Edit widget','2023-03-05 23:43:21','2023-03-05 23:43:21'),(2056,1,'en','packages/widget/widget','delete','Delete','2023-03-05 23:43:21','2023-03-05 23:43:21'),(2057,1,'en','packages/widget/widget','available','Available Widgets','2023-03-05 23:43:21','2023-03-05 23:43:21'),(2058,1,'en','packages/widget/widget','instruction','To activate a widget drag it to a sidebar or click on it. To deactivate a widget and delete its settings, drag it back.','2023-03-05 23:43:21','2023-03-05 23:43:21'),(2059,1,'en','packages/widget/widget','number_tag_display','Number tags will be display','2023-03-05 23:43:21','2023-03-05 23:43:21'),(2060,1,'en','packages/widget/widget','number_post_display','Number posts will be display','2023-03-05 23:43:21','2023-03-05 23:43:21'),(2061,1,'en','packages/widget/widget','select_menu','Select Menu','2023-03-05 23:43:21','2023-03-05 23:43:21'),(2062,1,'en','packages/widget/widget','widget_text','Text','2023-03-05 23:43:21','2023-03-05 23:43:21'),(2063,1,'en','packages/widget/widget','widget_text_description','Arbitrary text or HTML.','2023-03-05 23:43:21','2023-03-05 23:43:21'),(2064,1,'en','packages/widget/widget','widget_recent_post','Recent Posts','2023-03-05 23:43:21','2023-03-05 23:43:21'),(2065,1,'en','packages/widget/widget','widget_recent_post_description','Recent posts widget.','2023-03-05 23:43:21','2023-03-05 23:43:21'),(2066,1,'en','packages/widget/widget','widget_custom_menu','Custom Menu','2023-03-05 23:43:21','2023-03-05 23:43:21'),(2067,1,'en','packages/widget/widget','widget_custom_menu_description','Add a custom menu to your widget area.','2023-03-05 23:43:21','2023-03-05 23:43:21'),(2068,1,'en','packages/widget/widget','widget_tag','Tags','2023-03-05 23:43:21','2023-03-05 23:43:21'),(2069,1,'en','packages/widget/widget','widget_tag_description','Popular tags','2023-03-05 23:43:21','2023-03-05 23:43:21'),(2070,1,'en','packages/widget/widget','save_success','Save widget successfully!','2023-03-05 23:43:21','2023-03-05 23:43:21'),(2071,1,'en','packages/widget/widget','delete_success','Delete widget successfully!','2023-03-05 23:43:21','2023-03-05 23:43:21'),(2072,1,'en','packages/widget/widget','primary_sidebar_name','Primary sidebar','2023-03-05 23:43:21','2023-03-05 23:43:21'),(2073,1,'en','packages/widget/widget','primary_sidebar_description','Primary sidebar section','2023-03-05 23:43:21','2023-03-05 23:43:21'),(2112,1,'en','plugins/ads/ads','name','Ads','2023-03-05 23:43:21','2023-03-05 23:43:21'),(2113,1,'en','plugins/ads/ads','create','New ads','2023-03-05 23:43:21','2023-03-05 23:43:21'),(2114,1,'en','plugins/ads/ads','edit','Edit ads','2023-03-05 23:43:21','2023-03-05 23:43:21'),(2115,1,'en','plugins/ads/ads','location','Location','2023-03-05 23:43:21','2023-03-05 23:43:21'),(2116,1,'en','plugins/ads/ads','url','URL','2023-03-05 23:43:21','2023-03-05 23:43:21'),(2117,1,'en','plugins/ads/ads','expired_at','Expired at','2023-03-05 23:43:21','2023-03-05 23:43:21'),(2118,1,'en','plugins/ads/ads','key','Key','2023-03-05 23:43:21','2023-03-05 23:43:21'),(2119,1,'en','plugins/ads/ads','shortcode','Shortcode','2023-03-05 23:43:21','2023-03-05 23:43:21'),(2120,1,'en','plugins/ads/ads','clicked','Clicked','2023-03-05 23:43:21','2023-03-05 23:43:21'),(2121,1,'en','plugins/ads/ads','not_set','Not set','2023-03-05 23:43:21','2023-03-05 23:43:21'),(2122,1,'en','plugins/ads/ads','adblock_warning','If you are using Adblock browser extension, you need to disable this extension on your site first. It may block your ads if it is enabled on your site! <br /> Tips: Image name SHOULD NOT contain some ads keywords (ad, promotion...)','2023-03-05 23:43:21','2023-03-05 23:43:21'),(2123,1,'en','plugins/ads/ads','select_ad','Select Ad','2023-03-05 23:43:21','2023-03-05 23:43:21'),(2124,1,'en','plugins/analytics/analytics','sessions','Sessions','2023-03-05 23:43:21','2023-03-05 23:43:21'),(2125,1,'en','plugins/analytics/analytics','visitors','Visitors','2023-03-05 23:43:21','2023-03-05 23:43:21'),(2126,1,'en','plugins/analytics/analytics','pageviews','Pageviews','2023-03-05 23:43:21','2023-03-05 23:43:21'),(2127,1,'en','plugins/analytics/analytics','bounce_rate','Bounce Rate','2023-03-05 23:43:21','2023-03-05 23:43:21'),(2128,1,'en','plugins/analytics/analytics','page_session','Pages/Session','2023-03-05 23:43:21','2023-03-05 23:43:21'),(2129,1,'en','plugins/analytics/analytics','avg_duration','Avg. Duration','2023-03-05 23:43:21','2023-03-05 23:43:21'),(2130,1,'en','plugins/analytics/analytics','percent_new_session','Percent new session','2023-03-05 23:43:21','2023-03-05 23:43:21'),(2131,1,'en','plugins/analytics/analytics','new_users','New visitors','2023-03-05 23:43:21','2023-03-05 23:43:21'),(2132,1,'en','plugins/analytics/analytics','visits','visits','2023-03-05 23:43:21','2023-03-05 23:43:21'),(2133,1,'en','plugins/analytics/analytics','views','views','2023-03-05 23:43:21','2023-03-05 23:43:21'),(2134,1,'en','plugins/analytics/analytics','property_id_not_specified','You must provide a valid view id. The document here: <a href=\"https://docs.botble.com/cms/master/plugin-analytics\" target=\"_blank\">https://docs.botble.com/cms/master/plugin-analytics</a>','2023-03-05 23:43:21','2023-03-05 23:43:21'),(2135,1,'en','plugins/analytics/analytics','credential_is_not_valid','Analytics credentials is not valid. The document here: <a href=\"https://docs.botble.com/cms/master/plugin-analytics\" target=\"_blank\">https://docs.botble.com/cms/master/plugin-analytics</a>','2023-03-05 23:43:21','2023-03-05 23:43:21'),(2136,1,'en','plugins/analytics/analytics','start_date_can_not_before_end_date','Start date :start_date cannot be after end date :end_date','2023-03-05 23:43:21','2023-03-05 23:43:21'),(2137,1,'en','plugins/analytics/analytics','wrong_configuration','To view analytics you\'ll need to get a Google Analytics client id and add it to your settings. <br /> You also need JSON credential data. <br /> The document here: <a href=\"https://docs.botble.com/cms/master/plugin-analytics\" target=\"_blank\">https://docs.botble.com/cms/master/plugin-analytics</a>','2023-03-05 23:43:21','2023-03-05 23:43:21'),(2138,1,'en','plugins/analytics/analytics','settings.title','Google Analytics','2023-03-05 23:43:21','2023-03-05 23:43:21'),(2139,1,'en','plugins/analytics/analytics','settings.description','Config Credentials for Google Analytics','2023-03-05 23:43:21','2023-03-05 23:43:21'),(2140,1,'en','plugins/analytics/analytics','settings.tracking_code','Measurement ID / Tracking ID','2023-03-05 23:43:21','2023-03-05 23:43:21'),(2141,1,'en','plugins/analytics/analytics','settings.tracking_code_placeholder','Example: G-76NX8HY29D','2023-03-05 23:43:21','2023-03-05 23:43:21'),(2142,1,'en','plugins/analytics/analytics','settings.view_id','View ID for UA','2023-03-05 23:43:21','2023-03-05 23:43:21'),(2143,1,'en','plugins/analytics/analytics','settings.view_id_description','Google Analytics View ID (UA)','2023-03-05 23:43:21','2023-03-05 23:43:21'),(2144,1,'en','plugins/analytics/analytics','settings.analytics_property_id','Property ID for GA4','2023-03-05 23:43:21','2023-03-05 23:43:21'),(2145,1,'en','plugins/analytics/analytics','settings.analytics_property_id_description','Google Analytics Property ID (GA4)','2023-03-05 23:43:21','2023-03-05 23:43:21'),(2146,1,'en','plugins/analytics/analytics','settings.json_credential','Service Account Credentials','2023-03-05 23:43:21','2023-03-05 23:43:21'),(2147,1,'en','plugins/analytics/analytics','settings.json_credential_description','Service Account Credentials','2023-03-05 23:43:21','2023-03-05 23:43:21'),(2148,1,'en','plugins/analytics/analytics','settings.type','Type','2023-03-05 23:43:21','2023-03-05 23:43:21'),(2149,1,'en','plugins/analytics/analytics','settings.ua_description','Universal Analytics','2023-03-05 23:43:21','2023-03-05 23:43:21'),(2150,1,'en','plugins/analytics/analytics','settings.ga4_description','Google Analytics 4 (GA4)','2023-03-05 23:43:21','2023-03-05 23:43:21'),(2151,1,'en','plugins/analytics/analytics','widget_analytics_page','Top Most Visit Pages','2023-03-05 23:43:21','2023-03-05 23:43:21'),(2152,1,'en','plugins/analytics/analytics','widget_analytics_browser','Top Browsers','2023-03-05 23:43:22','2023-03-05 23:43:22'),(2153,1,'en','plugins/analytics/analytics','widget_analytics_referrer','Top Referrers','2023-03-05 23:43:22','2023-03-05 23:43:22'),(2154,1,'en','plugins/analytics/analytics','widget_analytics_general','Site Analytics','2023-03-05 23:43:22','2023-03-05 23:43:22'),(2181,1,'en','plugins/audit-log/history','name','Activities Logs','2023-03-05 23:43:22','2023-03-05 23:43:22'),(2182,1,'en','plugins/audit-log/history','created','created','2023-03-05 23:43:22','2023-03-05 23:43:22'),(2183,1,'en','plugins/audit-log/history','updated','updated','2023-03-05 23:43:22','2023-03-05 23:43:22'),(2184,1,'en','plugins/audit-log/history','deleted','deleted','2023-03-05 23:43:22','2023-03-05 23:43:22'),(2185,1,'en','plugins/audit-log/history','logged in','logged in','2023-03-05 23:43:22','2023-03-05 23:43:22'),(2186,1,'en','plugins/audit-log/history','logged out','logged out','2023-03-05 23:43:22','2023-03-05 23:43:22'),(2187,1,'en','plugins/audit-log/history','changed password','changed password','2023-03-05 23:43:22','2023-03-05 23:43:22'),(2188,1,'en','plugins/audit-log/history','updated profile','updated profile','2023-03-05 23:43:22','2023-03-05 23:43:22'),(2189,1,'en','plugins/audit-log/history','attached','attached','2023-03-05 23:43:22','2023-03-05 23:43:22'),(2190,1,'en','plugins/audit-log/history','shared','shared','2023-03-05 23:43:22','2023-03-05 23:43:22'),(2191,1,'en','plugins/audit-log/history','to the system','to the system','2023-03-05 23:43:22','2023-03-05 23:43:22'),(2192,1,'en','plugins/audit-log/history','of the system','of the system','2023-03-05 23:43:22','2023-03-05 23:43:22'),(2193,1,'en','plugins/audit-log/history','menu','menu','2023-03-05 23:43:22','2023-03-05 23:43:22'),(2194,1,'en','plugins/audit-log/history','post','post','2023-03-05 23:43:22','2023-03-05 23:43:22'),(2195,1,'en','plugins/audit-log/history','page','page','2023-03-05 23:43:22','2023-03-05 23:43:22'),(2196,1,'en','plugins/audit-log/history','category','category','2023-03-05 23:43:22','2023-03-05 23:43:22'),(2197,1,'en','plugins/audit-log/history','tag','tag','2023-03-05 23:43:22','2023-03-05 23:43:22'),(2198,1,'en','plugins/audit-log/history','user','user','2023-03-05 23:43:22','2023-03-05 23:43:22'),(2199,1,'en','plugins/audit-log/history','contact','contact','2023-03-05 23:43:22','2023-03-05 23:43:22'),(2200,1,'en','plugins/audit-log/history','backup','backup','2023-03-05 23:43:22','2023-03-05 23:43:22'),(2201,1,'en','plugins/audit-log/history','custom-field','custom field','2023-03-05 23:43:22','2023-03-05 23:43:22'),(2202,1,'en','plugins/audit-log/history','widget_audit_logs','Activities Logs','2023-03-05 23:43:22','2023-03-05 23:43:22'),(2203,1,'en','plugins/audit-log/history','action','Action','2023-03-05 23:43:22','2023-03-05 23:43:22'),(2204,1,'en','plugins/audit-log/history','user_agent','User Agent','2023-03-05 23:43:22','2023-03-05 23:43:22'),(2205,1,'en','plugins/audit-log/history','system','System','2023-03-05 23:43:22','2023-03-05 23:43:22'),(2206,1,'en','plugins/audit-log/history','delete_all','Delete all records','2023-03-05 23:43:22','2023-03-05 23:43:22'),(2233,1,'en','plugins/backup/backup','name','Backup','2023-03-05 23:43:22','2023-03-05 23:43:22'),(2234,1,'en','plugins/backup/backup','backup_description','Backup database and uploads folder.','2023-03-05 23:43:22','2023-03-05 23:43:22'),(2235,1,'en','plugins/backup/backup','create_backup_success','Created backup successfully!','2023-03-05 23:43:22','2023-03-05 23:43:22'),(2236,1,'en','plugins/backup/backup','delete_backup_success','Delete backup successfully!','2023-03-05 23:43:22','2023-03-05 23:43:22'),(2237,1,'en','plugins/backup/backup','restore_backup_success','Restore backup successfully!','2023-03-05 23:43:22','2023-03-05 23:43:22'),(2238,1,'en','plugins/backup/backup','generate_btn','Generate backup','2023-03-05 23:43:22','2023-03-05 23:43:22'),(2239,1,'en','plugins/backup/backup','create','Create a backup','2023-03-05 23:43:22','2023-03-05 23:43:22'),(2240,1,'en','plugins/backup/backup','restore','Restore a backup','2023-03-05 23:43:22','2023-03-05 23:43:22'),(2241,1,'en','plugins/backup/backup','create_btn','Create','2023-03-05 23:43:22','2023-03-05 23:43:22'),(2242,1,'en','plugins/backup/backup','restore_btn','Restore','2023-03-05 23:43:22','2023-03-05 23:43:22'),(2243,1,'en','plugins/backup/backup','restore_confirm_msg','Do you really want to restore this revision?','2023-03-05 23:43:22','2023-03-05 23:43:22'),(2244,1,'en','plugins/backup/backup','download_uploads_folder','Download backup of uploads folder','2023-03-05 23:43:22','2023-03-05 23:43:22'),(2245,1,'en','plugins/backup/backup','download_database','Download backup of database','2023-03-05 23:43:22','2023-03-05 23:43:22'),(2246,1,'en','plugins/backup/backup','restore_tooltip','Restore this backup','2023-03-05 23:43:22','2023-03-05 23:43:22'),(2247,1,'en','plugins/backup/backup','demo_alert','Hi guest, if you see demo site is destroyed, please help me <a href=\":link\">go here</a> and restore demo site to the latest revision! Thank you so much!','2023-03-05 23:43:22','2023-03-05 23:43:22'),(2248,1,'en','plugins/backup/backup','menu_name','Backups','2023-03-05 23:43:22','2023-03-05 23:43:22'),(2249,1,'en','plugins/backup/backup','size','Size','2023-03-05 23:43:22','2023-03-05 23:43:22'),(2250,1,'en','plugins/backup/backup','no_backups','There is no backup now!','2023-03-05 23:43:22','2023-03-05 23:43:22'),(2251,1,'en','plugins/backup/backup','proc_open_disabled_error','Function <strong>proc_open()</strong> has been disabled so the system cannot backup the database. Please contact your hosting provider to enable it.','2023-03-05 23:43:22','2023-03-05 23:43:22'),(2252,1,'en','plugins/backup/backup','database_backup_not_existed','Backup database is not existed!','2023-03-05 23:43:22','2023-03-05 23:43:22'),(2253,1,'en','plugins/backup/backup','uploads_folder_backup_not_existed','Backup uploads folder is not existed!','2023-03-05 23:43:22','2023-03-05 23:43:22'),(2254,1,'en','plugins/backup/backup','important_message1','This is a simple backup feature, it is a solution for you if your site has < 1GB data and can be used for quickly backup your site.','2023-03-05 23:43:22','2023-03-05 23:43:22'),(2255,1,'en','plugins/backup/backup','important_message2','If you have more than 1GB images/files in local storage, you should use backup feature of your hosting or VPS.','2023-03-05 23:43:22','2023-03-05 23:43:22'),(2256,1,'en','plugins/backup/backup','important_message3','To backup your database, function <strong>proc_open()</strong> or <strong>system()</strong> must be enabled. Contact your hosting provider to enable it if it is disabled.','2023-03-05 23:43:22','2023-03-05 23:43:22'),(2257,1,'en','plugins/backup/backup','important_message4','It is not a full backup, it is just back up uploaded files and your database.','2023-03-05 23:43:22','2023-03-05 23:43:22'),(2258,1,'en','plugins/backup/backup','cannot_restore_database','Cannot restore database. The database backup is missing!','2023-03-05 23:43:22','2023-03-05 23:43:22'),(2275,1,'en','plugins/blog/base','menu_name','Blog','2023-03-05 23:43:22','2023-03-05 23:43:22'),(2276,1,'en','plugins/blog/base','blog_page','Blog Page','2023-03-05 23:43:22','2023-03-05 23:43:22'),(2277,1,'en','plugins/blog/base','select','-- Select --','2023-03-05 23:43:22','2023-03-05 23:43:22'),(2278,1,'en','plugins/blog/base','blog_page_id','Blog page','2023-03-05 23:43:22','2023-03-05 23:43:22'),(2279,1,'en','plugins/blog/base','number_posts_per_page','Number posts per page','2023-03-05 23:43:22','2023-03-05 23:43:22'),(2280,1,'en','plugins/blog/base','write_some_tags','Write some tags','2023-03-05 23:43:22','2023-03-05 23:43:22'),(2281,1,'en','plugins/blog/base','short_code_name','Blog posts','2023-03-05 23:43:22','2023-03-05 23:43:22'),(2282,1,'en','plugins/blog/base','short_code_description','Add blog posts','2023-03-05 23:43:22','2023-03-05 23:43:22'),(2283,1,'en','plugins/blog/base','number_posts_per_page_in_category','Number of posts per page in a category','2023-03-05 23:43:22','2023-03-05 23:43:22'),(2284,1,'en','plugins/blog/base','number_posts_per_page_in_tag','Number of posts per page in a tag','2023-03-05 23:43:22','2023-03-05 23:43:22'),(2285,1,'en','plugins/blog/base','settings.title','Blog','2023-03-05 23:43:22','2023-03-05 23:43:22'),(2286,1,'en','plugins/blog/base','settings.description','Settings for Blog','2023-03-05 23:43:22','2023-03-05 23:43:22'),(2287,1,'en','plugins/blog/base','settings.enable_blog_post_schema','Enable Blog Post Schema?','2023-03-05 23:43:22','2023-03-05 23:43:22'),(2288,1,'en','plugins/blog/base','settings.enable_blog_post_schema_description','Learn more: https://schema.org/Article','2023-03-05 23:43:22','2023-03-05 23:43:22'),(2289,1,'en','plugins/blog/base','settings.schema_type','Schema type','2023-03-05 23:43:22','2023-03-05 23:43:22'),(2290,1,'en','plugins/blog/categories','create','Create new category','2023-03-05 23:43:22','2023-03-05 23:43:22'),(2291,1,'en','plugins/blog/categories','edit','Edit category','2023-03-05 23:43:22','2023-03-05 23:43:22'),(2292,1,'en','plugins/blog/categories','menu','Categories','2023-03-05 23:43:22','2023-03-05 23:43:22'),(2293,1,'en','plugins/blog/categories','edit_this_category','Edit this category','2023-03-05 23:43:22','2023-03-05 23:43:22'),(2294,1,'en','plugins/blog/categories','menu_name','Categories','2023-03-05 23:43:22','2023-03-05 23:43:22'),(2295,1,'en','plugins/blog/categories','none','None','2023-03-05 23:43:22','2023-03-05 23:43:22'),(2296,1,'en','plugins/blog/categories','total_posts','Total posts: :total','2023-03-05 23:43:22','2023-03-05 23:43:22'),(2297,1,'en','plugins/blog/member','dob','Born :date','2023-03-05 23:43:22','2023-03-05 23:43:22'),(2298,1,'en','plugins/blog/member','draft_posts','Draft Posts','2023-03-05 23:43:22','2023-03-05 23:43:22'),(2299,1,'en','plugins/blog/member','pending_posts','Pending Posts','2023-03-05 23:43:22','2023-03-05 23:43:22'),(2300,1,'en','plugins/blog/member','published_posts','Published Posts','2023-03-05 23:43:22','2023-03-05 23:43:22'),(2301,1,'en','plugins/blog/member','posts','Posts','2023-03-05 23:43:22','2023-03-05 23:43:22'),(2302,1,'en','plugins/blog/member','write_post','Write a post','2023-03-05 23:43:22','2023-03-05 23:43:22'),(2303,1,'en','plugins/blog/posts','create','Create new post','2023-03-05 23:43:22','2023-03-05 23:43:22'),(2304,1,'en','plugins/blog/posts','edit','Edit post','2023-03-05 23:43:22','2023-03-05 23:43:22'),(2305,1,'en','plugins/blog/posts','form.name','Name','2023-03-05 23:43:22','2023-03-05 23:43:22'),(2306,1,'en','plugins/blog/posts','form.name_placeholder','Post\'s name (Maximum :c characters)','2023-03-05 23:43:22','2023-03-05 23:43:22'),(2307,1,'en','plugins/blog/posts','form.description','Description','2023-03-05 23:43:22','2023-03-05 23:43:22'),(2308,1,'en','plugins/blog/posts','form.description_placeholder','Short description for post (Maximum :c characters)','2023-03-05 23:43:22','2023-03-05 23:43:22'),(2309,1,'en','plugins/blog/posts','form.categories','Categories','2023-03-05 23:43:22','2023-03-05 23:43:22'),(2310,1,'en','plugins/blog/posts','form.tags','Tags','2023-03-05 23:43:23','2023-03-05 23:43:23'),(2311,1,'en','plugins/blog/posts','form.tags_placeholder','Tags','2023-03-05 23:43:23','2023-03-05 23:43:23'),(2312,1,'en','plugins/blog/posts','form.content','Content','2023-03-05 23:43:23','2023-03-05 23:43:23'),(2313,1,'en','plugins/blog/posts','form.is_featured','Is featured?','2023-03-05 23:43:23','2023-03-05 23:43:23'),(2314,1,'en','plugins/blog/posts','form.note','Note content','2023-03-05 23:43:23','2023-03-05 23:43:23'),(2315,1,'en','plugins/blog/posts','form.format_type','Format','2023-03-05 23:43:23','2023-03-05 23:43:23'),(2316,1,'en','plugins/blog/posts','cannot_delete','Post could not be deleted','2023-03-05 23:43:23','2023-03-05 23:43:23'),(2317,1,'en','plugins/blog/posts','post_deleted','Post deleted','2023-03-05 23:43:23','2023-03-05 23:43:23'),(2318,1,'en','plugins/blog/posts','posts','Posts','2023-03-05 23:43:23','2023-03-05 23:43:23'),(2319,1,'en','plugins/blog/posts','post','Post','2023-03-05 23:43:23','2023-03-05 23:43:23'),(2320,1,'en','plugins/blog/posts','edit_this_post','Edit this post','2023-03-05 23:43:23','2023-03-05 23:43:23'),(2321,1,'en','plugins/blog/posts','no_new_post_now','There is no new post now!','2023-03-05 23:43:23','2023-03-05 23:43:23'),(2322,1,'en','plugins/blog/posts','menu_name','Posts','2023-03-05 23:43:23','2023-03-05 23:43:23'),(2323,1,'en','plugins/blog/posts','widget_posts_recent','Recent Posts','2023-03-05 23:43:23','2023-03-05 23:43:23'),(2324,1,'en','plugins/blog/posts','categories','Categories','2023-03-05 23:43:23','2023-03-05 23:43:23'),(2325,1,'en','plugins/blog/posts','category','Category','2023-03-05 23:43:23','2023-03-05 23:43:23'),(2326,1,'en','plugins/blog/posts','author','Author','2023-03-05 23:43:23','2023-03-05 23:43:23'),(2327,1,'en','plugins/blog/settings','select','-- Select --','2023-03-05 23:43:23','2023-03-05 23:43:23'),(2328,1,'en','plugins/blog/settings','blog_page_id','Blog page','2023-03-05 23:43:23','2023-03-05 23:43:23'),(2329,1,'en','plugins/blog/tags','form.name','Name','2023-03-05 23:43:23','2023-03-05 23:43:23'),(2330,1,'en','plugins/blog/tags','form.name_placeholder','Tag\'s name (Maximum 120 characters)','2023-03-05 23:43:23','2023-03-05 23:43:23'),(2331,1,'en','plugins/blog/tags','form.description','Description','2023-03-05 23:43:23','2023-03-05 23:43:23'),(2332,1,'en','plugins/blog/tags','form.description_placeholder','Short description for tag (Maximum 400 characters)','2023-03-05 23:43:23','2023-03-05 23:43:23'),(2333,1,'en','plugins/blog/tags','form.categories','Categories','2023-03-05 23:43:23','2023-03-05 23:43:23'),(2334,1,'en','plugins/blog/tags','notices.no_select','Please select at least one tag to take this action!','2023-03-05 23:43:23','2023-03-05 23:43:23'),(2335,1,'en','plugins/blog/tags','create','Create new tag','2023-03-05 23:43:23','2023-03-05 23:43:23'),(2336,1,'en','plugins/blog/tags','edit','Edit tag','2023-03-05 23:43:23','2023-03-05 23:43:23'),(2337,1,'en','plugins/blog/tags','cannot_delete','Tag could not be deleted','2023-03-05 23:43:23','2023-03-05 23:43:23'),(2338,1,'en','plugins/blog/tags','deleted','Tag deleted','2023-03-05 23:43:23','2023-03-05 23:43:23'),(2339,1,'en','plugins/blog/tags','menu','Tags','2023-03-05 23:43:23','2023-03-05 23:43:23'),(2340,1,'en','plugins/blog/tags','edit_this_tag','Edit this tag','2023-03-05 23:43:23','2023-03-05 23:43:23'),(2341,1,'en','plugins/blog/tags','menu_name','Tags','2023-03-05 23:43:23','2023-03-05 23:43:23'),(2395,1,'en','plugins/captcha/captcha','settings.title','Captcha','2023-03-05 23:43:23','2023-03-05 23:43:23'),(2396,1,'en','plugins/captcha/captcha','settings.description','Settings for Google Captcha','2023-03-05 23:43:23','2023-03-05 23:43:23'),(2397,1,'en','plugins/captcha/captcha','settings.captcha_site_key','Captcha Site Key','2023-03-05 23:43:23','2023-03-05 23:43:23'),(2398,1,'en','plugins/captcha/captcha','settings.captcha_secret','Captcha Secret','2023-03-05 23:43:23','2023-03-05 23:43:23'),(2399,1,'en','plugins/captcha/captcha','settings.enable_captcha','Enable Captcha?','2023-03-05 23:43:23','2023-03-05 23:43:23'),(2400,1,'en','plugins/captcha/captcha','settings.helper','Go here to get credentials https://www.google.com/recaptcha/admin#list.','2023-03-05 23:43:23','2023-03-05 23:43:23'),(2401,1,'en','plugins/captcha/captcha','settings.hide_badge','Hide recaptcha badge (for v3)','2023-03-05 23:43:23','2023-03-05 23:43:23'),(2402,1,'en','plugins/captcha/captcha','settings.type','Type','2023-03-05 23:43:23','2023-03-05 23:43:23'),(2403,1,'en','plugins/captcha/captcha','settings.v2_description','V2 (Verify requests with a challenge)','2023-03-05 23:43:23','2023-03-05 23:43:23'),(2404,1,'en','plugins/captcha/captcha','settings.v3_description','V3 (Verify requests with a score)','2023-03-05 23:43:23','2023-03-05 23:43:23'),(2405,1,'en','plugins/captcha/captcha','failed_validate','Failed to validate the captcha.','2023-03-05 23:43:23','2023-03-05 23:43:23'),(2406,1,'en','plugins/captcha/captcha','numbers.0','Zero','2023-03-05 23:43:23','2023-03-05 23:43:23'),(2407,1,'en','plugins/captcha/captcha','numbers.1','One','2023-03-05 23:43:23','2023-03-05 23:43:23'),(2408,1,'en','plugins/captcha/captcha','numbers.2','Two','2023-03-05 23:43:23','2023-03-05 23:43:23'),(2409,1,'en','plugins/captcha/captcha','numbers.3','Three','2023-03-05 23:43:23','2023-03-05 23:43:23'),(2410,1,'en','plugins/captcha/captcha','numbers.4','Four','2023-03-05 23:43:23','2023-03-05 23:43:23'),(2411,1,'en','plugins/captcha/captcha','numbers.5','Five','2023-03-05 23:43:23','2023-03-05 23:43:23'),(2412,1,'en','plugins/captcha/captcha','numbers.6','Six','2023-03-05 23:43:23','2023-03-05 23:43:23'),(2413,1,'en','plugins/captcha/captcha','numbers.7','Seven','2023-03-05 23:43:23','2023-03-05 23:43:23'),(2414,1,'en','plugins/captcha/captcha','numbers.8','Eight','2023-03-05 23:43:23','2023-03-05 23:43:23'),(2415,1,'en','plugins/captcha/captcha','numbers.9','Nine','2023-03-05 23:43:23','2023-03-05 23:43:23'),(2416,1,'en','plugins/captcha/captcha','numbers.10','Ten','2023-03-05 23:43:23','2023-03-05 23:43:23'),(2417,1,'en','plugins/captcha/captcha','numbers.11','Eleven','2023-03-05 23:43:23','2023-03-05 23:43:23'),(2418,1,'en','plugins/captcha/captcha','numbers.12','Twelve','2023-03-05 23:43:23','2023-03-05 23:43:23'),(2419,1,'en','plugins/captcha/captcha','operands.+','plus','2023-03-05 23:43:23','2023-03-05 23:43:23'),(2420,1,'en','plugins/captcha/captcha','operands.-','minus','2023-03-05 23:43:23','2023-03-05 23:43:23'),(2421,1,'en','plugins/captcha/captcha','operands.*','times','2023-03-05 23:43:23','2023-03-05 23:43:23'),(2422,1,'en','plugins/captcha/captcha','operands./','divided by','2023-03-05 23:43:23','2023-03-05 23:43:23'),(2429,1,'en','plugins/contact/contact','menu','Contact','2023-03-05 23:43:23','2023-03-05 23:43:23'),(2430,1,'en','plugins/contact/contact','edit','View contact','2023-03-05 23:43:23','2023-03-05 23:43:23'),(2431,1,'en','plugins/contact/contact','tables.phone','Phone','2023-03-05 23:43:23','2023-03-05 23:43:23'),(2432,1,'en','plugins/contact/contact','tables.email','Email','2023-03-05 23:43:23','2023-03-05 23:43:23'),(2433,1,'en','plugins/contact/contact','tables.full_name','Full Name','2023-03-05 23:43:23','2023-03-05 23:43:23'),(2434,1,'en','plugins/contact/contact','tables.time','Time','2023-03-05 23:43:23','2023-03-05 23:43:23'),(2435,1,'en','plugins/contact/contact','tables.address','Address','2023-03-05 23:43:23','2023-03-05 23:43:23'),(2436,1,'en','plugins/contact/contact','tables.subject','Subject','2023-03-05 23:43:23','2023-03-05 23:43:23'),(2437,1,'en','plugins/contact/contact','tables.content','Content','2023-03-05 23:43:23','2023-03-05 23:43:23'),(2438,1,'en','plugins/contact/contact','contact_information','Contact information','2023-03-05 23:43:23','2023-03-05 23:43:23'),(2439,1,'en','plugins/contact/contact','replies','Replies','2023-03-05 23:43:23','2023-03-05 23:43:23'),(2440,1,'en','plugins/contact/contact','email.header','Email','2023-03-05 23:43:23','2023-03-05 23:43:23'),(2441,1,'en','plugins/contact/contact','email.title','New contact from your site','2023-03-05 23:43:23','2023-03-05 23:43:23'),(2442,1,'en','plugins/contact/contact','form.name.required','Name is required','2023-03-05 23:43:23','2023-03-05 23:43:23'),(2443,1,'en','plugins/contact/contact','form.email.required','Email is required','2023-03-05 23:43:23','2023-03-05 23:43:23'),(2444,1,'en','plugins/contact/contact','form.email.email','The email address is not valid','2023-03-05 23:43:23','2023-03-05 23:43:23'),(2445,1,'en','plugins/contact/contact','form.content.required','Content is required','2023-03-05 23:43:23','2023-03-05 23:43:23'),(2446,1,'en','plugins/contact/contact','contact_sent_from','This contact information sent from','2023-03-05 23:43:23','2023-03-05 23:43:23'),(2447,1,'en','plugins/contact/contact','sender','Sender','2023-03-05 23:43:23','2023-03-05 23:43:23'),(2448,1,'en','plugins/contact/contact','sender_email','Email','2023-03-05 23:43:23','2023-03-05 23:43:23'),(2449,1,'en','plugins/contact/contact','sender_address','Address','2023-03-05 23:43:23','2023-03-05 23:43:23'),(2450,1,'en','plugins/contact/contact','sender_phone','Phone','2023-03-05 23:43:23','2023-03-05 23:43:23'),(2451,1,'en','plugins/contact/contact','message_content','Message content','2023-03-05 23:43:23','2023-03-05 23:43:23'),(2452,1,'en','plugins/contact/contact','sent_from','Email sent from','2023-03-05 23:43:23','2023-03-05 23:43:23'),(2453,1,'en','plugins/contact/contact','form_name','Name','2023-03-05 23:43:23','2023-03-05 23:43:23'),(2454,1,'en','plugins/contact/contact','form_email','Email','2023-03-05 23:43:23','2023-03-05 23:43:23'),(2455,1,'en','plugins/contact/contact','form_address','Address','2023-03-05 23:43:23','2023-03-05 23:43:23'),(2456,1,'en','plugins/contact/contact','form_subject','Subject','2023-03-05 23:43:23','2023-03-05 23:43:23'),(2457,1,'en','plugins/contact/contact','form_phone','Phone','2023-03-05 23:43:23','2023-03-05 23:43:23'),(2458,1,'en','plugins/contact/contact','form_message','Message','2023-03-05 23:43:23','2023-03-05 23:43:23'),(2459,1,'en','plugins/contact/contact','required_field','The field with (<span style=\"color: red\">*</span>) is required.','2023-03-05 23:43:23','2023-03-05 23:43:23'),(2460,1,'en','plugins/contact/contact','send_btn','Send message','2023-03-05 23:43:23','2023-03-05 23:43:23'),(2461,1,'en','plugins/contact/contact','new_msg_notice','You have <span class=\"bold\">:count</span> New Messages','2023-03-05 23:43:23','2023-03-05 23:43:23'),(2462,1,'en','plugins/contact/contact','view_all','View all','2023-03-05 23:43:23','2023-03-05 23:43:23'),(2463,1,'en','plugins/contact/contact','statuses.read','Read','2023-03-05 23:43:23','2023-03-05 23:43:23'),(2464,1,'en','plugins/contact/contact','statuses.unread','Unread','2023-03-05 23:43:23','2023-03-05 23:43:23'),(2465,1,'en','plugins/contact/contact','phone','Phone','2023-03-05 23:43:23','2023-03-05 23:43:23'),(2466,1,'en','plugins/contact/contact','address','Address','2023-03-05 23:43:23','2023-03-05 23:43:23'),(2467,1,'en','plugins/contact/contact','message','Message','2023-03-05 23:43:23','2023-03-05 23:43:23'),(2468,1,'en','plugins/contact/contact','settings.email.title','Contact','2023-03-05 23:43:23','2023-03-05 23:43:23'),(2469,1,'en','plugins/contact/contact','settings.email.description','Contact email configuration','2023-03-05 23:43:23','2023-03-05 23:43:23'),(2470,1,'en','plugins/contact/contact','settings.email.templates.notice_title','Send notice to administrator','2023-03-05 23:43:24','2023-03-05 23:43:24'),(2471,1,'en','plugins/contact/contact','settings.email.templates.notice_description','Email template to send notice to administrator when system get new contact','2023-03-05 23:43:24','2023-03-05 23:43:24'),(2472,1,'en','plugins/contact/contact','settings.title','Contact','2023-03-05 23:43:24','2023-03-05 23:43:24'),(2473,1,'en','plugins/contact/contact','settings.description','Settings for contact plugin','2023-03-05 23:43:24','2023-03-05 23:43:24'),(2474,1,'en','plugins/contact/contact','settings.blacklist_keywords','Blacklist keywords','2023-03-05 23:43:24','2023-03-05 23:43:24'),(2475,1,'en','plugins/contact/contact','settings.blacklist_keywords_placeholder','keywords...','2023-03-05 23:43:24','2023-03-05 23:43:24'),(2476,1,'en','plugins/contact/contact','settings.blacklist_keywords_helper','Blacklist contact requests if it includes those keywords in the content field (separate by comma).','2023-03-05 23:43:24','2023-03-05 23:43:24'),(2477,1,'en','plugins/contact/contact','settings.blacklist_email_domains','Blacklist email domains','2023-03-05 23:43:24','2023-03-05 23:43:24'),(2478,1,'en','plugins/contact/contact','settings.blacklist_email_domains_placeholder','domain...','2023-03-05 23:43:24','2023-03-05 23:43:24'),(2479,1,'en','plugins/contact/contact','settings.blacklist_email_domains_helper','Blacklist contact requests if the email domain is in blacklist domains (separate by comma).','2023-03-05 23:43:24','2023-03-05 23:43:24'),(2480,1,'en','plugins/contact/contact','settings.enable_math_captcha','Enable math captcha?','2023-03-05 23:43:24','2023-03-05 23:43:24'),(2481,1,'en','plugins/contact/contact','no_reply','No reply yet!','2023-03-05 23:43:24','2023-03-05 23:43:24'),(2482,1,'en','plugins/contact/contact','reply','Reply','2023-03-05 23:43:24','2023-03-05 23:43:24'),(2483,1,'en','plugins/contact/contact','send','Send','2023-03-05 23:43:24','2023-03-05 23:43:24'),(2484,1,'en','plugins/contact/contact','shortcode_name','Contact form','2023-03-05 23:43:24','2023-03-05 23:43:24'),(2485,1,'en','plugins/contact/contact','shortcode_description','Add a contact form','2023-03-05 23:43:24','2023-03-05 23:43:24'),(2486,1,'en','plugins/contact/contact','shortcode_content_description','Add shortcode [contact-form][/contact-form] to editor?','2023-03-05 23:43:24','2023-03-05 23:43:24'),(2487,1,'en','plugins/contact/contact','message_sent_success','Message sent successfully!','2023-03-05 23:43:24','2023-03-05 23:43:24'),(2531,1,'en','plugins/cookie-consent/cookie-consent','theme_options.name','Cookie Consent','2023-03-05 23:43:24','2023-03-05 23:43:24'),(2532,1,'en','plugins/cookie-consent/cookie-consent','theme_options.description','Cookie consent settings','2023-03-05 23:43:24','2023-03-05 23:43:24'),(2533,1,'en','plugins/cookie-consent/cookie-consent','theme_options.enable','Enable cookie consent?','2023-03-05 23:43:24','2023-03-05 23:43:24'),(2534,1,'en','plugins/cookie-consent/cookie-consent','theme_options.message','Message','2023-03-05 23:43:24','2023-03-05 23:43:24'),(2535,1,'en','plugins/cookie-consent/cookie-consent','theme_options.button_text','Button text','2023-03-05 23:43:24','2023-03-05 23:43:24'),(2536,1,'en','plugins/cookie-consent/cookie-consent','theme_options.max_width','Max width (px)','2023-03-05 23:43:24','2023-03-05 23:43:24'),(2537,1,'en','plugins/cookie-consent/cookie-consent','theme_options.background_color','Background color','2023-03-05 23:43:24','2023-03-05 23:43:24'),(2538,1,'en','plugins/cookie-consent/cookie-consent','theme_options.text_color','Text color','2023-03-05 23:43:24','2023-03-05 23:43:24'),(2539,1,'en','plugins/cookie-consent/cookie-consent','theme_options.learn_more_url','Learn more URL','2023-03-05 23:43:24','2023-03-05 23:43:24'),(2540,1,'en','plugins/cookie-consent/cookie-consent','theme_options.learn_more_text','Learn more text','2023-03-05 23:43:24','2023-03-05 23:43:24'),(2541,1,'en','plugins/cookie-consent/cookie-consent','theme_options.style','Style','2023-03-05 23:43:24','2023-03-05 23:43:24'),(2542,1,'en','plugins/cookie-consent/cookie-consent','theme_options.full_width','Full width','2023-03-05 23:43:24','2023-03-05 23:43:24'),(2543,1,'en','plugins/cookie-consent/cookie-consent','theme_options.minimal','Minimal','2023-03-05 23:43:24','2023-03-05 23:43:24'),(2544,1,'en','plugins/cookie-consent/cookie-consent','message','Your experience on this site will be improved by allowing cookies.','2023-03-05 23:43:24','2023-03-05 23:43:24'),(2545,1,'en','plugins/cookie-consent/cookie-consent','button_text','Allow cookies','2023-03-05 23:43:24','2023-03-05 23:43:24'),(2546,1,'en','plugins/ecommerce/addresses','address','Address','2023-03-05 23:43:24','2023-03-05 23:43:24'),(2547,1,'en','plugins/ecommerce/addresses','addresses','Addresses','2023-03-05 23:43:24','2023-03-05 23:43:24'),(2548,1,'en','plugins/ecommerce/addresses','address_placeholder','Enter address','2023-03-05 23:43:24','2023-03-05 23:43:24'),(2549,1,'en','plugins/ecommerce/addresses','zip','Zip code','2023-03-05 23:43:24','2023-03-05 23:43:24'),(2550,1,'en','plugins/ecommerce/addresses','zip_placeholder','Enter zip code','2023-03-05 23:43:24','2023-03-05 23:43:24'),(2551,1,'en','plugins/ecommerce/addresses','city','City','2023-03-05 23:43:24','2023-03-05 23:43:24'),(2552,1,'en','plugins/ecommerce/addresses','city_placeholder','Enter city','2023-03-05 23:43:24','2023-03-05 23:43:24'),(2553,1,'en','plugins/ecommerce/addresses','state','State','2023-03-05 23:43:24','2023-03-05 23:43:24'),(2554,1,'en','plugins/ecommerce/addresses','state_placeholder','Enter state','2023-03-05 23:43:24','2023-03-05 23:43:24'),(2555,1,'en','plugins/ecommerce/addresses','country','Country','2023-03-05 23:43:24','2023-03-05 23:43:24'),(2556,1,'en','plugins/ecommerce/addresses','use_this_address_as_default','Use this address as default','2023-03-05 23:43:24','2023-03-05 23:43:24'),(2557,1,'en','plugins/ecommerce/addresses','name','Full name','2023-03-05 23:43:24','2023-03-05 23:43:24'),(2558,1,'en','plugins/ecommerce/addresses','name_placeholder','Enter name','2023-03-05 23:43:24','2023-03-05 23:43:24'),(2559,1,'en','plugins/ecommerce/addresses','phone','Phone','2023-03-05 23:43:24','2023-03-05 23:43:24'),(2560,1,'en','plugins/ecommerce/addresses','phone_placeholder','Enter phone','2023-03-05 23:43:24','2023-03-05 23:43:24'),(2561,1,'en','plugins/ecommerce/addresses','email','Email','2023-03-05 23:43:24','2023-03-05 23:43:24'),(2562,1,'en','plugins/ecommerce/addresses','email_placeholder','Enter email','2023-03-05 23:43:24','2023-03-05 23:43:24'),(2563,1,'en','plugins/ecommerce/addresses','select_state','Select state...','2023-03-05 23:43:24','2023-03-05 23:43:24'),(2564,1,'en','plugins/ecommerce/addresses','select_city','Select city...','2023-03-05 23:43:24','2023-03-05 23:43:24'),(2565,1,'en','plugins/ecommerce/addresses','select_country','Select country...','2023-03-05 23:43:24','2023-03-05 23:43:24'),(2566,1,'en','plugins/ecommerce/addresses','add_address','Add Address','2023-03-05 23:43:24','2023-03-05 23:43:24'),(2567,1,'en','plugins/ecommerce/addresses','new_address','New address','2023-03-05 23:43:24','2023-03-05 23:43:24'),(2568,1,'en','plugins/ecommerce/addresses','edit_address','Edit address','2023-03-05 23:43:24','2023-03-05 23:43:24'),(2569,1,'en','plugins/ecommerce/addresses','action','Action','2023-03-05 23:43:24','2023-03-05 23:43:24'),(2570,1,'en','plugins/ecommerce/addresses','add','Add','2023-03-05 23:43:24','2023-03-05 23:43:24'),(2571,1,'en','plugins/ecommerce/addresses','save','Save','2023-03-05 23:43:24','2023-03-05 23:43:24'),(2572,1,'en','plugins/ecommerce/addresses','no_data','No data to display','2023-03-05 23:43:24','2023-03-05 23:43:24'),(2573,1,'en','plugins/ecommerce/addresses','no_option','No option','2023-03-05 23:43:24','2023-03-05 23:43:24'),(2574,1,'en','plugins/ecommerce/brands','name','Brands','2023-03-05 23:43:24','2023-03-05 23:43:24'),(2575,1,'en','plugins/ecommerce/brands','create','New brand','2023-03-05 23:43:24','2023-03-05 23:43:24'),(2576,1,'en','plugins/ecommerce/brands','edit','Edit brand','2023-03-05 23:43:24','2023-03-05 23:43:24'),(2577,1,'en','plugins/ecommerce/brands','form.name','Name','2023-03-05 23:43:24','2023-03-05 23:43:24'),(2578,1,'en','plugins/ecommerce/brands','form.name_placeholder','Brand\'s name (Maximum 255 characters)','2023-03-05 23:43:24','2023-03-05 23:43:24'),(2579,1,'en','plugins/ecommerce/brands','form.description','Description','2023-03-05 23:43:24','2023-03-05 23:43:24'),(2580,1,'en','plugins/ecommerce/brands','form.description_placeholder','Short description for brand (Maximum 400 characters)','2023-03-05 23:43:24','2023-03-05 23:43:24'),(2581,1,'en','plugins/ecommerce/brands','form.website','Website','2023-03-05 23:43:24','2023-03-05 23:43:24'),(2582,1,'en','plugins/ecommerce/brands','form.logo','Logo','2023-03-05 23:43:24','2023-03-05 23:43:24'),(2583,1,'en','plugins/ecommerce/brands','form.is_featured','Is featured','2023-03-05 23:43:24','2023-03-05 23:43:24'),(2584,1,'en','plugins/ecommerce/brands','logo','Logo','2023-03-05 23:43:24','2023-03-05 23:43:24'),(2585,1,'en','plugins/ecommerce/brands','website','Website','2023-03-05 23:43:24','2023-03-05 23:43:24'),(2586,1,'en','plugins/ecommerce/brands','notices.no_select','Please select at least one record to take this action!','2023-03-05 23:43:24','2023-03-05 23:43:24'),(2587,1,'en','plugins/ecommerce/brands','notices.update_success_message','Update successfully','2023-03-05 23:43:24','2023-03-05 23:43:24'),(2588,1,'en','plugins/ecommerce/brands','cannot_delete','Brand could not be deleted','2023-03-05 23:43:24','2023-03-05 23:43:24'),(2589,1,'en','plugins/ecommerce/brands','brand_deleted','Brand deleted','2023-03-05 23:43:24','2023-03-05 23:43:24'),(2590,1,'en','plugins/ecommerce/brands','menu','Brands','2023-03-05 23:43:24','2023-03-05 23:43:24'),(2591,1,'en','plugins/ecommerce/brands','no_brand','No brand','2023-03-05 23:43:24','2023-03-05 23:43:24'),(2592,1,'en','plugins/ecommerce/brands','intro.title','Manage brands','2023-03-05 23:43:24','2023-03-05 23:43:24'),(2593,1,'en','plugins/ecommerce/brands','intro.description','Manage product brands such as Nike, Adidas, Bitis ...','2023-03-05 23:43:24','2023-03-05 23:43:24'),(2594,1,'en','plugins/ecommerce/brands','intro.button_text','Create brand','2023-03-05 23:43:24','2023-03-05 23:43:24'),(2595,1,'en','plugins/ecommerce/bulk-import','name','Bulk Import','2023-03-05 23:43:24','2023-03-05 23:43:24'),(2596,1,'en','plugins/ecommerce/bulk-import','loading_text','Importing','2023-03-05 23:43:24','2023-03-05 23:43:24'),(2597,1,'en','plugins/ecommerce/bulk-import','imported_successfully','Imported successfully.','2023-03-05 23:43:24','2023-03-05 23:43:24'),(2598,1,'en','plugins/ecommerce/bulk-import','please_choose_the_file_mime','Please choose the file mime :types','2023-03-05 23:43:24','2023-03-05 23:43:24'),(2599,1,'en','plugins/ecommerce/bulk-import','please_choose_the_file','Please choose the file','2023-03-05 23:43:24','2023-03-05 23:43:24'),(2600,1,'en','plugins/ecommerce/bulk-import','start_import','Start Import','2023-03-05 23:43:24','2023-03-05 23:43:24'),(2601,1,'en','plugins/ecommerce/bulk-import','note','Note!','2023-03-05 23:43:24','2023-03-05 23:43:24'),(2602,1,'en','plugins/ecommerce/bulk-import','warning_before_importing','If this is your first time using this feature, please read the documentation or contact the Administrator for access to the correct functionality!','2023-03-05 23:43:24','2023-03-05 23:43:24'),(2603,1,'en','plugins/ecommerce/bulk-import','results','Result: :success successes, :failed failures','2023-03-05 23:43:24','2023-03-05 23:43:24'),(2604,1,'en','plugins/ecommerce/bulk-import','failures','Failures','2023-03-05 23:43:24','2023-03-05 23:43:24'),(2605,1,'en','plugins/ecommerce/bulk-import','tables.import','Import','2023-03-05 23:43:24','2023-03-05 23:43:24'),(2606,1,'en','plugins/ecommerce/bulk-import','template','Template','2023-03-05 23:43:24','2023-03-05 23:43:24'),(2607,1,'en','plugins/ecommerce/bulk-import','rules','Rules','2023-03-05 23:43:24','2023-03-05 23:43:24'),(2608,1,'en','plugins/ecommerce/bulk-import','choose_file_with_mime','Choose file with mime: (:types)','2023-03-05 23:43:24','2023-03-05 23:43:24'),(2609,1,'en','plugins/ecommerce/bulk-import','choose_file','Choose file','2023-03-05 23:43:24','2023-03-05 23:43:24'),(2610,1,'en','plugins/ecommerce/bulk-import','menu','Import products','2023-03-05 23:43:24','2023-03-05 23:43:24'),(2611,1,'en','plugins/ecommerce/bulk-import','download-csv-file','Download CSV template','2023-03-05 23:43:24','2023-03-05 23:43:24'),(2612,1,'en','plugins/ecommerce/bulk-import','download-excel-file','Download Excel template','2023-03-05 23:43:24','2023-03-05 23:43:24'),(2613,1,'en','plugins/ecommerce/bulk-import','downloading','Downloading...','2023-03-05 23:43:24','2023-03-05 23:43:24'),(2614,1,'en','plugins/ecommerce/bulk-import','export.template.input_error','Input error','2023-03-05 23:43:24','2023-03-05 23:43:24'),(2615,1,'en','plugins/ecommerce/bulk-import','export.template.number_not_allowed','Number is not allowed!','2023-03-05 23:43:24','2023-03-05 23:43:24'),(2616,1,'en','plugins/ecommerce/bulk-import','export.template.allowed_input','Allowed input','2023-03-05 23:43:24','2023-03-05 23:43:24'),(2617,1,'en','plugins/ecommerce/bulk-import','export.template.prompt_decimal','Only numbers or decimals are accepted and greater than or equal to :min.','2023-03-05 23:43:24','2023-03-05 23:43:24'),(2618,1,'en','plugins/ecommerce/bulk-import','export.template.prompt_whole_number','Only numbers are accepted and greater than or equal to :min.','2023-03-05 23:43:24','2023-03-05 23:43:24'),(2619,1,'en','plugins/ecommerce/bulk-import','export.template.prompt_list','Please pick a value from the drop-down list.','2023-03-05 23:43:24','2023-03-05 23:43:24'),(2620,1,'en','plugins/ecommerce/bulk-import','export.template.pick_from_list','Pick from list','2023-03-05 23:43:24','2023-03-05 23:43:24'),(2621,1,'en','plugins/ecommerce/bulk-import','export.template.value_not_in_list','Value is not in list.','2023-03-05 23:43:24','2023-03-05 23:43:24'),(2622,1,'en','plugins/ecommerce/bulk-import','import_failed_description','Import failed, please check the errors below!','2023-03-05 23:43:24','2023-03-05 23:43:24'),(2623,1,'en','plugins/ecommerce/bulk-import','column','Column','2023-03-05 23:43:24','2023-03-05 23:43:24'),(2624,1,'en','plugins/ecommerce/bulk-import','row','Row','2023-03-05 23:43:24','2023-03-05 23:43:24'),(2625,1,'en','plugins/ecommerce/bulk-import','attribute','Attribute','2023-03-05 23:43:24','2023-03-05 23:43:24'),(2626,1,'en','plugins/ecommerce/bulk-import','errors','Errors','2023-03-05 23:43:24','2023-03-05 23:43:24'),(2627,1,'en','plugins/ecommerce/bulk-import','import_types.name','Import type','2023-03-05 23:43:24','2023-03-05 23:43:24'),(2628,1,'en','plugins/ecommerce/bulk-import','import_types.all','All','2023-03-05 23:43:24','2023-03-05 23:43:24'),(2629,1,'en','plugins/ecommerce/bulk-import','import_types.products','Products','2023-03-05 23:43:24','2023-03-05 23:43:24'),(2630,1,'en','plugins/ecommerce/bulk-import','import_types.variations','Variations','2023-03-05 23:43:24','2023-03-05 23:43:24'),(2631,1,'en','plugins/ecommerce/currency','currencies','Currencies','2023-03-05 23:43:24','2023-03-05 23:43:24'),(2632,1,'en','plugins/ecommerce/currency','setting_description','List of currencies using on website','2023-03-05 23:43:24','2023-03-05 23:43:24'),(2633,1,'en','plugins/ecommerce/currency','name','Name','2023-03-05 23:43:24','2023-03-05 23:43:24'),(2634,1,'en','plugins/ecommerce/currency','symbol','Symbol','2023-03-05 23:43:24','2023-03-05 23:43:24'),(2635,1,'en','plugins/ecommerce/currency','number_of_decimals','Number of decimals','2023-03-05 23:43:24','2023-03-05 23:43:24'),(2636,1,'en','plugins/ecommerce/currency','exchange_rate','Exchange rate','2023-03-05 23:43:24','2023-03-05 23:43:24'),(2637,1,'en','plugins/ecommerce/currency','is_prefix_symbol','Position of symbol','2023-03-05 23:43:24','2023-03-05 23:43:24'),(2638,1,'en','plugins/ecommerce/currency','is_default','Is default?','2023-03-05 23:43:24','2023-03-05 23:43:24'),(2639,1,'en','plugins/ecommerce/currency','remove','Remove','2023-03-05 23:43:24','2023-03-05 23:43:24'),(2640,1,'en','plugins/ecommerce/currency','new_currency','Add a new currency','2023-03-05 23:43:24','2023-03-05 23:43:24'),(2641,1,'en','plugins/ecommerce/currency','save_settings','Save settings','2023-03-05 23:43:24','2023-03-05 23:43:24'),(2642,1,'en','plugins/ecommerce/currency','before_number','Before number','2023-03-05 23:43:24','2023-03-05 23:43:24'),(2643,1,'en','plugins/ecommerce/currency','after_number','After number','2023-03-05 23:43:24','2023-03-05 23:43:24'),(2644,1,'en','plugins/ecommerce/currency','require_at_least_one_currency','The system requires at least one currency!','2023-03-05 23:43:24','2023-03-05 23:43:24'),(2645,1,'en','plugins/ecommerce/currency','enable_auto_detect_visitor_currency','Enable auto-detect visitor currency?','2023-03-05 23:43:24','2023-03-05 23:43:24'),(2646,1,'en','plugins/ecommerce/currency','add_space_between_price_and_currency','Add a space between price and currency?','2023-03-05 23:43:25','2023-03-05 23:43:25'),(2647,1,'en','plugins/ecommerce/currency','invalid_currency_name','Invalid currency code, it must be in :currencies.','2023-03-05 23:43:25','2023-03-05 23:43:25'),(2648,1,'en','plugins/ecommerce/currency','instruction','Please check list currency code here: https://en.wikipedia.org/wiki/ISO_4217','2023-03-05 23:43:25','2023-03-05 23:43:25'),(2649,1,'en','plugins/ecommerce/currency','code','Code','2023-03-05 23:43:25','2023-03-05 23:43:25'),(2650,1,'en','plugins/ecommerce/customer','name','Customers','2023-03-05 23:43:25','2023-03-05 23:43:25'),(2651,1,'en','plugins/ecommerce/customer','create','Create a customer','2023-03-05 23:43:25','2023-03-05 23:43:25'),(2652,1,'en','plugins/ecommerce/customer','edit','Edit customer \":name\"','2023-03-05 23:43:25','2023-03-05 23:43:25'),(2653,1,'en','plugins/ecommerce/customer','email','Email','2023-03-05 23:43:25','2023-03-05 23:43:25'),(2654,1,'en','plugins/ecommerce/customer','email_placeholder','Ex: example@gmail.com','2023-03-05 23:43:25','2023-03-05 23:43:25'),(2655,1,'en','plugins/ecommerce/customer','password','Password','2023-03-05 23:43:25','2023-03-05 23:43:25'),(2656,1,'en','plugins/ecommerce/customer','change_password','Change password?','2023-03-05 23:43:25','2023-03-05 23:43:25'),(2657,1,'en','plugins/ecommerce/customer','password_confirmation','Password confirmation','2023-03-05 23:43:25','2023-03-05 23:43:25'),(2658,1,'en','plugins/ecommerce/customer','intro.title','Manage customers','2023-03-05 23:43:25','2023-03-05 23:43:25'),(2659,1,'en','plugins/ecommerce/customer','intro.description','When a customer buy your product(s), you will know their order histories.','2023-03-05 23:43:25','2023-03-05 23:43:25'),(2660,1,'en','plugins/ecommerce/customer','intro.button_text','Create customer','2023-03-05 23:43:25','2023-03-05 23:43:25'),(2661,1,'en','plugins/ecommerce/customer','phone','Phone','2023-03-05 23:43:25','2023-03-05 23:43:25'),(2662,1,'en','plugins/ecommerce/customer','phone_placeholder','Phone','2023-03-05 23:43:25','2023-03-05 23:43:25'),(2663,1,'en','plugins/ecommerce/customer','avatar','Avatar','2023-03-05 23:43:25','2023-03-05 23:43:25'),(2664,1,'en','plugins/ecommerce/customer','dob','Date of birth','2023-03-05 23:43:25','2023-03-05 23:43:25'),(2665,1,'en','plugins/ecommerce/customer','statuses.activated','Activated','2023-03-05 23:43:25','2023-03-05 23:43:25'),(2666,1,'en','plugins/ecommerce/customer','statuses.locked','Locked','2023-03-05 23:43:25','2023-03-05 23:43:25'),(2667,1,'en','plugins/ecommerce/customer','email_verified','Email verified?','2023-03-05 23:43:25','2023-03-05 23:43:25'),(2668,1,'en','plugins/ecommerce/customer','verify_email.confirm_heading','Verify email confirmation','2023-03-05 23:43:25','2023-03-05 23:43:25'),(2669,1,'en','plugins/ecommerce/customer','verify_email.confirm_description','Are you sure you want to verify email this customer?','2023-03-05 23:43:25','2023-03-05 23:43:25'),(2670,1,'en','plugins/ecommerce/customer','verify_email.notification','This customer is not verified email yet? :approve_link to verify email.','2023-03-05 23:43:25','2023-03-05 23:43:25'),(2671,1,'en','plugins/ecommerce/customer','verify_email.approve_here','click here','2023-03-05 23:43:25','2023-03-05 23:43:25'),(2672,1,'en','plugins/ecommerce/customer','verify_email.confirm_button','Verify','2023-03-05 23:43:25','2023-03-05 23:43:25'),(2673,1,'en','plugins/ecommerce/discount','name','Discounts','2023-03-05 23:43:25','2023-03-05 23:43:25'),(2674,1,'en','plugins/ecommerce/discount','create','Create discount','2023-03-05 23:43:25','2023-03-05 23:43:25'),(2675,1,'en','plugins/ecommerce/discount','invalid_coupon','This coupon is invalid or expired!','2023-03-05 23:43:25','2023-03-05 23:43:25'),(2676,1,'en','plugins/ecommerce/discount','cannot_use_same_time_with_other_discount_program','Cannot use this coupon in the same time with other discount program!','2023-03-05 23:43:25','2023-03-05 23:43:25'),(2677,1,'en','plugins/ecommerce/discount','not_used','This coupon is not used yet!','2023-03-05 23:43:25','2023-03-05 23:43:25'),(2678,1,'en','plugins/ecommerce/discount','detail','Detail','2023-03-05 23:43:25','2023-03-05 23:43:25'),(2679,1,'en','plugins/ecommerce/discount','used','Used','2023-03-05 23:43:25','2023-03-05 23:43:25'),(2680,1,'en','plugins/ecommerce/discount','intro.title','Manage discount/coupon code','2023-03-05 23:43:25','2023-03-05 23:43:25'),(2681,1,'en','plugins/ecommerce/discount','intro.description','Create coupon code or promotion for your products.','2023-03-05 23:43:25','2023-03-05 23:43:25'),(2682,1,'en','plugins/ecommerce/discount','intro.button_text','Create discount','2023-03-05 23:43:25','2023-03-05 23:43:25'),(2683,1,'en','plugins/ecommerce/discount','expired','Expired','2023-03-05 23:43:25','2023-03-05 23:43:25'),(2684,1,'en','plugins/ecommerce/discount','discount_promotion','Discount promotion','2023-03-05 23:43:25','2023-03-05 23:43:25'),(2685,1,'en','plugins/ecommerce/discount','can','can','2023-03-05 23:43:25','2023-03-05 23:43:25'),(2686,1,'en','plugins/ecommerce/discount','cannot','cannot','2023-03-05 23:43:25','2023-03-05 23:43:25'),(2687,1,'en','plugins/ecommerce/discount','use_with_promotion','be used with promotion','2023-03-05 23:43:25','2023-03-05 23:43:25'),(2688,1,'en','plugins/ecommerce/discount','create_discount_validate_title_required_if','Please enter the name of the promotion','2023-03-05 23:43:25','2023-03-05 23:43:25'),(2689,1,'en','plugins/ecommerce/discount','create_discount_validate_code_required_if','Please enter the promotion code','2023-03-05 23:43:25','2023-03-05 23:43:25'),(2690,1,'en','plugins/ecommerce/discount','create_discount_validate_value_required','Amount must be greater than 0','2023-03-05 23:43:25','2023-03-05 23:43:25'),(2691,1,'en','plugins/ecommerce/discount','create_discount_validate_target_required','No object selected for promotion','2023-03-05 23:43:25','2023-03-05 23:43:25'),(2692,1,'en','plugins/ecommerce/discount','enums.type-options.amount','Amount - Fixed','2023-03-05 23:43:25','2023-03-05 23:43:25'),(2693,1,'en','plugins/ecommerce/discount','enums.type-options.percentage','Discount %','2023-03-05 23:43:25','2023-03-05 23:43:25'),(2694,1,'en','plugins/ecommerce/discount','enums.type-options.shipping','Free shipping','2023-03-05 23:43:25','2023-03-05 23:43:25'),(2695,1,'en','plugins/ecommerce/discount','enums.type-options.same-price','Same price','2023-03-05 23:43:25','2023-03-05 23:43:25'),(2696,1,'en','plugins/ecommerce/discount','discount','Discount','2023-03-05 23:43:25','2023-03-05 23:43:25'),(2697,1,'en','plugins/ecommerce/discount','create_coupon_code','Create coupon code','2023-03-05 23:43:25','2023-03-05 23:43:25'),(2698,1,'en','plugins/ecommerce/discount','create_discount_promotion','Create discount promotion','2023-03-05 23:43:25','2023-03-05 23:43:25'),(2699,1,'en','plugins/ecommerce/discount','generate_coupon_code','Generate coupon code','2023-03-05 23:43:25','2023-03-05 23:43:25'),(2700,1,'en','plugins/ecommerce/discount','customers_will_enter_this_coupon_code_when_they_checkout','Customers will enter this coupon code when they checkout','2023-03-05 23:43:25','2023-03-05 23:43:25'),(2701,1,'en','plugins/ecommerce/discount','select_type_of_discount','Select type of discount','2023-03-05 23:43:25','2023-03-05 23:43:25'),(2702,1,'en','plugins/ecommerce/discount','coupon_code','Coupon code','2023-03-05 23:43:25','2023-03-05 23:43:25'),(2703,1,'en','plugins/ecommerce/discount','promotion','Promotion','2023-03-05 23:43:25','2023-03-05 23:43:25'),(2704,1,'en','plugins/ecommerce/discount','can_be_used_with_promotion','Can be used with promotion','2023-03-05 23:43:25','2023-03-05 23:43:25'),(2705,1,'en','plugins/ecommerce/discount','unlimited_coupon','Unlimited coupon','2023-03-05 23:43:25','2023-03-05 23:43:25'),(2706,1,'en','plugins/ecommerce/discount','enter_number','Enter number','2023-03-05 23:43:25','2023-03-05 23:43:25'),(2707,1,'en','plugins/ecommerce/discount','coupon_type','Coupon type','2023-03-05 23:43:25','2023-03-05 23:43:25'),(2708,1,'en','plugins/ecommerce/discount','percentage_discount','Percentage discount (%)','2023-03-05 23:43:25','2023-03-05 23:43:25'),(2709,1,'en','plugins/ecommerce/discount','free_shipping','Free shipping','2023-03-05 23:43:25','2023-03-05 23:43:25'),(2710,1,'en','plugins/ecommerce/discount','same_price','Same price','2023-03-05 23:43:25','2023-03-05 23:43:25'),(2711,1,'en','plugins/ecommerce/discount','apply_for','apply for','2023-03-05 23:43:25','2023-03-05 23:43:25'),(2712,1,'en','plugins/ecommerce/discount','all_orders','All orders','2023-03-05 23:43:25','2023-03-05 23:43:25'),(2713,1,'en','plugins/ecommerce/discount','order_amount_from','Order amount from','2023-03-05 23:43:25','2023-03-05 23:43:25'),(2714,1,'en','plugins/ecommerce/discount','product_collection','Product collection','2023-03-05 23:43:25','2023-03-05 23:43:25'),(2715,1,'en','plugins/ecommerce/discount','product','Product','2023-03-05 23:43:25','2023-03-05 23:43:25'),(2716,1,'en','plugins/ecommerce/discount','customer','Customer','2023-03-05 23:43:25','2023-03-05 23:43:25'),(2717,1,'en','plugins/ecommerce/discount','variant','Variant','2023-03-05 23:43:25','2023-03-05 23:43:25'),(2718,1,'en','plugins/ecommerce/discount','search_product','Search product','2023-03-05 23:43:25','2023-03-05 23:43:25'),(2719,1,'en','plugins/ecommerce/discount','no_products_found','No products found!','2023-03-05 23:43:25','2023-03-05 23:43:25'),(2720,1,'en','plugins/ecommerce/discount','search_customer','Search customer','2023-03-05 23:43:25','2023-03-05 23:43:25'),(2721,1,'en','plugins/ecommerce/discount','no_customer_found','No customer found!','2023-03-05 23:43:25','2023-03-05 23:43:25'),(2722,1,'en','plugins/ecommerce/discount','one_time_per_order','One time per order','2023-03-05 23:43:25','2023-03-05 23:43:25'),(2723,1,'en','plugins/ecommerce/discount','one_time_per_product_in_cart','One time per product in cart','2023-03-05 23:43:25','2023-03-05 23:43:25'),(2724,1,'en','plugins/ecommerce/discount','number_of_products','Number of products required to apply','2023-03-05 23:43:25','2023-03-05 23:43:25'),(2725,1,'en','plugins/ecommerce/discount','selected_products','Selected products','2023-03-05 23:43:25','2023-03-05 23:43:25'),(2726,1,'en','plugins/ecommerce/discount','selected_customers','Selected customers','2023-03-05 23:43:25','2023-03-05 23:43:25'),(2727,1,'en','plugins/ecommerce/discount','time','Time','2023-03-05 23:43:25','2023-03-05 23:43:25'),(2728,1,'en','plugins/ecommerce/discount','start_date','Start date','2023-03-05 23:43:25','2023-03-05 23:43:25'),(2729,1,'en','plugins/ecommerce/discount','end_date','End date','2023-03-05 23:43:25','2023-03-05 23:43:25'),(2730,1,'en','plugins/ecommerce/discount','never_expired','Never expired','2023-03-05 23:43:25','2023-03-05 23:43:25'),(2731,1,'en','plugins/ecommerce/discount','save','Save','2023-03-05 23:43:25','2023-03-05 23:43:25'),(2732,1,'en','plugins/ecommerce/discount','enter_promotion_name','Enter promotion name','2023-03-05 23:43:25','2023-03-05 23:43:25'),(2733,1,'en','plugins/ecommerce/discount','enter_coupon_name','Enter coupon name','2023-03-05 23:43:25','2023-03-05 23:43:25'),(2734,1,'en','plugins/ecommerce/discount','cancel','Cancel','2023-03-05 23:43:25','2023-03-05 23:43:25'),(2735,1,'en','plugins/ecommerce/discount','is','Is','2023-03-05 23:43:25','2023-03-05 23:43:25'),(2736,1,'en','plugins/ecommerce/discount','when_shipping_fee_less_than','when shipping fee less than','2023-03-05 23:43:25','2023-03-05 23:43:25'),(2737,1,'en','plugins/ecommerce/discount','minimum_order_amount_error','You are under :minimum_amount to apply the coupon, you must add :add_more more items to your cart','2023-03-05 23:43:25','2023-03-05 23:43:25'),(2738,1,'en','plugins/ecommerce/discount','once_per_customer','Once per customer','2023-03-05 23:43:25','2023-03-05 23:43:25'),(2739,1,'en','plugins/ecommerce/discount','you_need_login_to_use_coupon_code','You need to login to use this coupon code','2023-03-05 23:43:25','2023-03-05 23:43:25'),(2740,1,'en','plugins/ecommerce/discount','you_used_coupon_code','You have already used this coupon code','2023-03-05 23:43:25','2023-03-05 23:43:25'),(2741,1,'en','plugins/ecommerce/discount','customer_used_coupon_code','Customers who have used this discount code','2023-03-05 23:43:25','2023-03-05 23:43:25'),(2742,1,'en','plugins/ecommerce/ecommerce','settings','Settings','2023-03-05 23:43:25','2023-03-05 23:43:25'),(2743,1,'en','plugins/ecommerce/ecommerce','name','Ecommerce','2023-03-05 23:43:25','2023-03-05 23:43:25'),(2744,1,'en','plugins/ecommerce/ecommerce','setting.email.title','E-commerce','2023-03-05 23:43:25','2023-03-05 23:43:25'),(2745,1,'en','plugins/ecommerce/ecommerce','setting.email.description','Ecommerce email config','2023-03-05 23:43:25','2023-03-05 23:43:25'),(2746,1,'en','plugins/ecommerce/ecommerce','setting.email.order_confirm_subject','Subject of order confirmation email','2023-03-05 23:43:25','2023-03-05 23:43:25'),(2747,1,'en','plugins/ecommerce/ecommerce','setting.email.order_confirm_subject_placeholder','The subject of email confirmation send to the customer','2023-03-05 23:43:25','2023-03-05 23:43:25'),(2748,1,'en','plugins/ecommerce/ecommerce','setting.email.order_confirm_content','Content of order confirmation email','2023-03-05 23:43:25','2023-03-05 23:43:25'),(2749,1,'en','plugins/ecommerce/ecommerce','setting.email.order_status_change_subject','Subject of email when changing order\'s status','2023-03-05 23:43:25','2023-03-05 23:43:25'),(2750,1,'en','plugins/ecommerce/ecommerce','setting.email.order_status_change_subject_placeholder','Subject of email when changing order\'s status send to customer','2023-03-05 23:43:25','2023-03-05 23:43:25'),(2751,1,'en','plugins/ecommerce/ecommerce','setting.email.order_status_change_content','Content of email when changing order\'s status','2023-03-05 23:43:25','2023-03-05 23:43:25'),(2752,1,'en','plugins/ecommerce/ecommerce','setting.email.from_email','Email from','2023-03-05 23:43:25','2023-03-05 23:43:25'),(2753,1,'en','plugins/ecommerce/ecommerce','setting.email.from_email_placeholder','Email from address to display in mail. Ex: example@gmail.com','2023-03-05 23:43:25','2023-03-05 23:43:25'),(2754,1,'en','plugins/ecommerce/ecommerce','setting.title','Basic information','2023-03-05 23:43:25','2023-03-05 23:43:25'),(2755,1,'en','plugins/ecommerce/ecommerce','setting.state','State','2023-03-05 23:43:25','2023-03-05 23:43:25'),(2756,1,'en','plugins/ecommerce/ecommerce','setting.city','City','2023-03-05 23:43:25','2023-03-05 23:43:25'),(2757,1,'en','plugins/ecommerce/ecommerce','setting.country','Country','2023-03-05 23:43:25','2023-03-05 23:43:25'),(2758,1,'en','plugins/ecommerce/ecommerce','setting.weight_unit_gram','Gram (g)','2023-03-05 23:43:25','2023-03-05 23:43:25'),(2759,1,'en','plugins/ecommerce/ecommerce','setting.weight_unit_kilogram','Kilogram (kg)','2023-03-05 23:43:25','2023-03-05 23:43:25'),(2760,1,'en','plugins/ecommerce/ecommerce','setting.weight_unit_lb','Pound (lb)','2023-03-05 23:43:25','2023-03-05 23:43:25'),(2761,1,'en','plugins/ecommerce/ecommerce','setting.weight_unit_oz','Ounce (oz)','2023-03-05 23:43:25','2023-03-05 23:43:25'),(2762,1,'en','plugins/ecommerce/ecommerce','setting.height_unit_cm','Centimeter (cm)','2023-03-05 23:43:25','2023-03-05 23:43:25'),(2763,1,'en','plugins/ecommerce/ecommerce','setting.height_unit_m','Meter (m)','2023-03-05 23:43:25','2023-03-05 23:43:25'),(2764,1,'en','plugins/ecommerce/ecommerce','setting.height_unit_inch','Inch','2023-03-05 23:43:25','2023-03-05 23:43:25'),(2765,1,'en','plugins/ecommerce/ecommerce','setting.store_locator_title','Store locators','2023-03-05 23:43:25','2023-03-05 23:43:25'),(2766,1,'en','plugins/ecommerce/ecommerce','setting.store_locator_description','All the lists of your chains, main stores, branches, etc. The locations can be used to track sales and to help us configure tax rates to charge when selling products.','2023-03-05 23:43:25','2023-03-05 23:43:25'),(2767,1,'en','plugins/ecommerce/ecommerce','setting.phone','Phone','2023-03-05 23:43:25','2023-03-05 23:43:25'),(2768,1,'en','plugins/ecommerce/ecommerce','setting.address','Address','2023-03-05 23:43:25','2023-03-05 23:43:25'),(2769,1,'en','plugins/ecommerce/ecommerce','setting.is_primary','Primary?','2023-03-05 23:43:25','2023-03-05 23:43:25'),(2770,1,'en','plugins/ecommerce/ecommerce','setting.add_new','Add new','2023-03-05 23:43:25','2023-03-05 23:43:25'),(2771,1,'en','plugins/ecommerce/ecommerce','setting.or','Or','2023-03-05 23:43:25','2023-03-05 23:43:25'),(2772,1,'en','plugins/ecommerce/ecommerce','setting.change_primary_store','change default store locator','2023-03-05 23:43:25','2023-03-05 23:43:25'),(2773,1,'en','plugins/ecommerce/ecommerce','setting.other_settings','Other settings','2023-03-05 23:43:25','2023-03-05 23:43:25'),(2774,1,'en','plugins/ecommerce/ecommerce','setting.other_settings_description','Settings for cart, review...','2023-03-05 23:43:25','2023-03-05 23:43:25'),(2775,1,'en','plugins/ecommerce/ecommerce','setting.enable_cart','Enable shopping cart?','2023-03-05 23:43:25','2023-03-05 23:43:25'),(2776,1,'en','plugins/ecommerce/ecommerce','setting.enable_tax','Enable tax?','2023-03-05 23:43:25','2023-03-05 23:43:25'),(2777,1,'en','plugins/ecommerce/ecommerce','setting.display_product_price_including_taxes','Display product price including taxes?','2023-03-05 23:43:25','2023-03-05 23:43:25'),(2778,1,'en','plugins/ecommerce/ecommerce','setting.enable_review','Enable review?','2023-03-05 23:43:25','2023-03-05 23:43:25'),(2779,1,'en','plugins/ecommerce/ecommerce','setting.enable_quick_buy_button','Enable quick buy button?','2023-03-05 23:43:25','2023-03-05 23:43:25'),(2780,1,'en','plugins/ecommerce/ecommerce','setting.quick_buy_target','Quick buy target page?','2023-03-05 23:43:25','2023-03-05 23:43:25'),(2781,1,'en','plugins/ecommerce/ecommerce','setting.checkout_page','Checkout page','2023-03-05 23:43:25','2023-03-05 23:43:25'),(2782,1,'en','plugins/ecommerce/ecommerce','setting.cart_page','Cart page','2023-03-05 23:43:25','2023-03-05 23:43:25'),(2783,1,'en','plugins/ecommerce/ecommerce','setting.add_location','Add location','2023-03-05 23:43:25','2023-03-05 23:43:25'),(2784,1,'en','plugins/ecommerce/ecommerce','setting.edit_location','Edit location','2023-03-05 23:43:25','2023-03-05 23:43:25'),(2785,1,'en','plugins/ecommerce/ecommerce','setting.delete_location','Delete location','2023-03-05 23:43:25','2023-03-05 23:43:25'),(2786,1,'en','plugins/ecommerce/ecommerce','setting.change_primary_location','Change primary location','2023-03-05 23:43:25','2023-03-05 23:43:25'),(2787,1,'en','plugins/ecommerce/ecommerce','setting.delete_location_confirmation','Are you sure you want to delete this location? This action cannot be undo.','2023-03-05 23:43:25','2023-03-05 23:43:25'),(2788,1,'en','plugins/ecommerce/ecommerce','setting.save_location','Save location','2023-03-05 23:43:25','2023-03-05 23:43:25'),(2789,1,'en','plugins/ecommerce/ecommerce','setting.accept','Accept','2023-03-05 23:43:25','2023-03-05 23:43:25'),(2790,1,'en','plugins/ecommerce/ecommerce','setting.select_country','Select country...','2023-03-05 23:43:25','2023-03-05 23:43:25'),(2791,1,'en','plugins/ecommerce/ecommerce','setting.zip_code_enabled','Enable Zip Code?','2023-03-05 23:43:25','2023-03-05 23:43:25'),(2792,1,'en','plugins/ecommerce/ecommerce','setting.thousands_separator','Thousands separator','2023-03-05 23:43:25','2023-03-05 23:43:25'),(2793,1,'en','plugins/ecommerce/ecommerce','setting.decimal_separator','Decimal separator','2023-03-05 23:43:25','2023-03-05 23:43:25'),(2794,1,'en','plugins/ecommerce/ecommerce','setting.separator_period','Period (.)','2023-03-05 23:43:25','2023-03-05 23:43:25'),(2795,1,'en','plugins/ecommerce/ecommerce','setting.separator_comma','Comma (,)','2023-03-05 23:43:25','2023-03-05 23:43:25'),(2796,1,'en','plugins/ecommerce/ecommerce','setting.separator_space','Space ( )','2023-03-05 23:43:25','2023-03-05 23:43:25'),(2797,1,'en','plugins/ecommerce/ecommerce','setting.available_countries','Available countries','2023-03-05 23:43:25','2023-03-05 23:43:25'),(2798,1,'en','plugins/ecommerce/ecommerce','setting.all','All','2023-03-05 23:43:25','2023-03-05 23:43:25'),(2799,1,'en','plugins/ecommerce/ecommerce','setting.verify_customer_email','Verify customer\'s email?','2023-03-05 23:43:25','2023-03-05 23:43:25'),(2800,1,'en','plugins/ecommerce/ecommerce','setting.minimum_order_amount','Minimum order amount to place an order (:currency).','2023-03-05 23:43:25','2023-03-05 23:43:25'),(2801,1,'en','plugins/ecommerce/ecommerce','setting.enable_guest_checkout','Enable guest checkout?','2023-03-05 23:43:25','2023-03-05 23:43:25'),(2802,1,'en','plugins/ecommerce/ecommerce','setting.show_number_of_products','Show number of products in the product single','2023-03-05 23:43:25','2023-03-05 23:43:25'),(2803,1,'en','plugins/ecommerce/ecommerce','setting.payment_method_cod_minimum_amount','Minimum order amount - :currency (Optional)','2023-03-05 23:43:25','2023-03-05 23:43:25'),(2804,1,'en','plugins/ecommerce/ecommerce','setting.review.max_file_size','Review max file size (MB)','2023-03-05 23:43:25','2023-03-05 23:43:25'),(2805,1,'en','plugins/ecommerce/ecommerce','setting.review.max_file_number','Review max file number','2023-03-05 23:43:25','2023-03-05 23:43:25'),(2806,1,'en','plugins/ecommerce/ecommerce','setting.using_custom_font_for_invoice','Using custom font for invoice?','2023-03-05 23:43:25','2023-03-05 23:43:25'),(2807,1,'en','plugins/ecommerce/ecommerce','setting.invoice_font_family','Invoice font family (Only work for Latin language)','2023-03-05 23:43:25','2023-03-05 23:43:25'),(2808,1,'en','plugins/ecommerce/ecommerce','setting.enable_invoice_stamp','Enable invoice stamp?','2023-03-05 23:43:25','2023-03-05 23:43:25'),(2809,1,'en','plugins/ecommerce/ecommerce','setting.invoice_support_arabic_language','Support Arabic language in invoice?','2023-03-05 23:43:25','2023-03-05 23:43:25'),(2810,1,'en','plugins/ecommerce/ecommerce','setting.make_phone_field_at_the_checkout_optional','Make phone field at the checkout optional?','2023-03-05 23:43:25','2023-03-05 23:43:25'),(2811,1,'en','plugins/ecommerce/ecommerce','setting.disable_order_invoice_until_order_confirmed','Disable order invoice until order confirmed?','2023-03-05 23:43:25','2023-03-05 23:43:25'),(2812,1,'en','plugins/ecommerce/ecommerce','setting.vat_number','VAT number','2023-03-05 23:43:25','2023-03-05 23:43:25'),(2813,1,'en','plugins/ecommerce/ecommerce','setting.tax_id','Tax ID','2023-03-05 23:43:25','2023-03-05 23:43:25'),(2814,1,'en','plugins/ecommerce/ecommerce','setting.enable_recaptcha_in_register_page','Enable Recaptcha in the registration page?','2023-03-05 23:43:25','2023-03-05 23:43:25'),(2815,1,'en','plugins/ecommerce/ecommerce','setting.enable_recaptcha_in_register_page_description','Need to setup Captcha in Admin -> Settings -> General first.','2023-03-05 23:43:25','2023-03-05 23:43:25'),(2816,1,'en','plugins/ecommerce/ecommerce','setting.show_out_of_stock_products','Show out of stock products?','2023-03-05 23:43:25','2023-03-05 23:43:25'),(2817,1,'en','plugins/ecommerce/ecommerce','setting.default_tax_rate','Default tax rate','2023-03-05 23:43:25','2023-03-05 23:43:25'),(2818,1,'en','plugins/ecommerce/ecommerce','setting.default_tax_rate_description','Important: it will be applied if no tax selected in product.','2023-03-05 23:43:25','2023-03-05 23:43:25'),(2819,1,'en','plugins/ecommerce/ecommerce','setting.how_to_display_product_variation_images','How to display product variation images?','2023-03-05 23:43:25','2023-03-05 23:43:25'),(2820,1,'en','plugins/ecommerce/ecommerce','setting.only_variation_images','Only variation images','2023-03-05 23:43:25','2023-03-05 23:43:25'),(2821,1,'en','plugins/ecommerce/ecommerce','setting.variation_images_and_main_product_images','Variation images + main product images','2023-03-05 23:43:25','2023-03-05 23:43:25'),(2822,1,'en','plugins/ecommerce/ecommerce','setting.load_countries_states_cities_from_location_plugin','Load countries, states, cities from plugin location?','2023-03-05 23:43:26','2023-03-05 23:43:26'),(2823,1,'en','plugins/ecommerce/ecommerce','setting.enable_wishlist','Enable wishlist?','2023-03-05 23:43:26','2023-03-05 23:43:26'),(2824,1,'en','plugins/ecommerce/ecommerce','setting.enable_compare','Enable compare?','2023-03-05 23:43:26','2023-03-05 23:43:26'),(2825,1,'en','plugins/ecommerce/ecommerce','setting.enable_order_tracking','Enable order tracking?','2023-03-05 23:43:26','2023-03-05 23:43:26'),(2826,1,'en','plugins/ecommerce/ecommerce','setting.recently_viewed.enable','Enable customer recently viewed products?','2023-03-05 23:43:26','2023-03-05 23:43:26'),(2827,1,'en','plugins/ecommerce/ecommerce','setting.recently_viewed.max','Maximum number of customer recently viewed products','2023-03-05 23:43:26','2023-03-05 23:43:26'),(2828,1,'en','plugins/ecommerce/ecommerce','setting.recently_viewed.max_helper','If you set 0, it will save all products.','2023-03-05 23:43:26','2023-03-05 23:43:26'),(2829,1,'en','plugins/ecommerce/ecommerce','setting.search_products','Search products','2023-03-05 23:43:26','2023-03-05 23:43:26'),(2830,1,'en','plugins/ecommerce/ecommerce','setting.search_products_description','Config rules to search products','2023-03-05 23:43:26','2023-03-05 23:43:26'),(2831,1,'en','plugins/ecommerce/ecommerce','setting.search_for_an_exact_phrase','Search for an exact phrase?','2023-03-05 23:43:26','2023-03-05 23:43:26'),(2832,1,'en','plugins/ecommerce/ecommerce','setting.search_products_by','Search products by:','2023-03-05 23:43:26','2023-03-05 23:43:26'),(2833,1,'en','plugins/ecommerce/ecommerce','setting.tracking_settings','Tracking settings','2023-03-05 23:43:26','2023-03-05 23:43:26'),(2834,1,'en','plugins/ecommerce/ecommerce','setting.tracking_settings_description','Manage tracking: UTM, Facebook, Google Tag Manager...','2023-03-05 23:43:26','2023-03-05 23:43:26'),(2835,1,'en','plugins/ecommerce/ecommerce','setting.enable_facebook_pixel','Enable Facebook Pixel (Meta Pixel)?','2023-03-05 23:43:26','2023-03-05 23:43:26'),(2836,1,'en','plugins/ecommerce/ecommerce','setting.facebook_pixel_id','Facebook Pixel ID','2023-03-05 23:43:26','2023-03-05 23:43:26'),(2837,1,'en','plugins/ecommerce/ecommerce','setting.facebook_pixel_helper','Go to https://developers.facebook.com/docs/meta-pixel to create Facebook Pixel.','2023-03-05 23:43:26','2023-03-05 23:43:26'),(2838,1,'en','plugins/ecommerce/ecommerce','setting.enable_google_tag_manager','Enable Google Tag Manager?','2023-03-05 23:43:26','2023-03-05 23:43:26'),(2839,1,'en','plugins/ecommerce/ecommerce','setting.google_tag_manager_code','Google Tag Mana\n        ger code','2023-03-05 23:43:26','2023-03-05 23:43:26'),(2840,1,'en','plugins/ecommerce/ecommerce','setting.google_tag_manager_helper','Go to https://ads.google.com/aw/conversions to create Google Ads Conversions.','2023-03-05 23:43:26','2023-03-05 23:43:26'),(2841,1,'en','plugins/ecommerce/ecommerce','setting.webhook','Webhook','2023-03-05 23:43:26','2023-03-05 23:43:26'),(2842,1,'en','plugins/ecommerce/ecommerce','setting.webhook_description','Send webhook when order placed.','2023-03-05 23:43:26','2023-03-05 23:43:26'),(2843,1,'en','plugins/ecommerce/ecommerce','setting.shipping','Shipping','2023-03-05 23:43:26','2023-03-05 23:43:26'),(2844,1,'en','plugins/ecommerce/ecommerce','setting.shipping_description','Settings for shipping','2023-03-05 23:43:26','2023-03-05 23:43:26'),(2845,1,'en','plugins/ecommerce/ecommerce','setting.hide_other_shipping_options_if_it_has_free_shipping','Hide other shipping options if it has free shipping in the list?','2023-03-05 23:43:26','2023-03-05 23:43:26'),(2846,1,'en','plugins/ecommerce/ecommerce','setting.order_placed_webhook_url','Order placed webhook URL (method: POST)','2023-03-05 23:43:26','2023-03-05 23:43:26'),(2847,1,'en','plugins/ecommerce/ecommerce','setting.return_request','Return Request','2023-03-05 23:43:26','2023-03-05 23:43:26'),(2848,1,'en','plugins/ecommerce/ecommerce','setting.return_request_description','Number of days a customer can request a return after the order is completed.','2023-03-05 23:43:26','2023-03-05 23:43:26'),(2849,1,'en','plugins/ecommerce/ecommerce','setting.returnable_days','Refundable days','2023-03-05 23:43:26','2023-03-05 23:43:26'),(2850,1,'en','plugins/ecommerce/ecommerce','setting.billing_address_enabled','Enable billing address?','2023-03-05 23:43:26','2023-03-05 23:43:26'),(2851,1,'en','plugins/ecommerce/ecommerce','setting.activate_custom_return_product_quantity','Activate custom return product quantity?','2023-03-05 23:43:26','2023-03-05 23:43:26'),(2852,1,'en','plugins/ecommerce/ecommerce','setting.allow_partial_return','Allow partial return?','2023-03-05 23:43:26','2023-03-05 23:43:26'),(2853,1,'en','plugins/ecommerce/ecommerce','setting.allow_partial_return_description','Customer can return a few products, do not need to return all products in an order.','2023-03-05 23:43:26','2023-03-05 23:43:26'),(2854,1,'en','plugins/ecommerce/ecommerce','setting.activate_custom_return_product_quantity_description','Allow customer to change the quantity of the product they want to return.','2023-03-05 23:43:26','2023-03-05 23:43:26'),(2855,1,'en','plugins/ecommerce/ecommerce','setting.digital_product','Digital product','2023-03-05 23:43:26','2023-03-05 23:43:26'),(2856,1,'en','plugins/ecommerce/ecommerce','setting.digital_product_title','Is enabled to support the digital products?','2023-03-05 23:43:26','2023-03-05 23:43:26'),(2857,1,'en','plugins/ecommerce/ecommerce','setting.allow_guest_checkout_for_digital_products','Allow guest checkout for digital products?','2023-03-05 23:43:26','2023-03-05 23:43:26'),(2858,1,'en','plugins/ecommerce/ecommerce','setting.company_settings','Company settings','2023-03-05 23:43:26','2023-03-05 23:43:26'),(2859,1,'en','plugins/ecommerce/ecommerce','setting.company_settings_description','Settings Company information for invoicing','2023-03-05 23:43:26','2023-03-05 23:43:26'),(2860,1,'en','plugins/ecommerce/ecommerce','setting.company_name','Company name','2023-03-05 23:43:26','2023-03-05 23:43:26'),(2861,1,'en','plugins/ecommerce/ecommerce','setting.company_address','Company address','2023-03-05 23:43:26','2023-03-05 23:43:26'),(2862,1,'en','plugins/ecommerce/ecommerce','setting.company_zipcode','Company zipcode','2023-03-05 23:43:26','2023-03-05 23:43:26'),(2863,1,'en','plugins/ecommerce/ecommerce','setting.company_email','Company email','2023-03-05 23:43:26','2023-03-05 23:43:26'),(2864,1,'en','plugins/ecommerce/ecommerce','setting.company_phone','Company phone','2023-03-05 23:43:26','2023-03-05 23:43:26'),(2865,1,'en','plugins/ecommerce/ecommerce','setting.company_logo','Company logo','2023-03-05 23:43:26','2023-03-05 23:43:26'),(2866,1,'en','plugins/ecommerce/ecommerce','setting.company_tax_id','Company tax ID','2023-03-05 23:43:26','2023-03-05 23:43:26'),(2867,1,'en','plugins/ecommerce/ecommerce','setting.invoice_code_prefix','Invoice code prefix','2023-03-05 23:43:26','2023-03-05 23:43:26'),(2868,1,'en','plugins/ecommerce/ecommerce','setting.only_allow_customers_purchased_to_review','Only customers who have purchased the product can review the product?','2023-03-05 23:43:26','2023-03-05 23:43:26'),(2869,1,'en','plugins/ecommerce/ecommerce','setting.enable_order_auto_confirmed','Auto confirm order?','2023-03-05 23:43:26','2023-03-05 23:43:26'),(2870,1,'en','plugins/ecommerce/ecommerce','store_address','Store address','2023-03-05 23:43:26','2023-03-05 23:43:26'),(2871,1,'en','plugins/ecommerce/ecommerce','store_phone','Store phone','2023-03-05 23:43:26','2023-03-05 23:43:26'),(2872,1,'en','plugins/ecommerce/ecommerce','order_id','Order ID','2023-03-05 23:43:26','2023-03-05 23:43:26'),(2873,1,'en','plugins/ecommerce/ecommerce','order_token','Order token','2023-03-05 23:43:26','2023-03-05 23:43:26'),(2874,1,'en','plugins/ecommerce/ecommerce','customer_name','Customer name','2023-03-05 23:43:26','2023-03-05 23:43:26'),(2875,1,'en','plugins/ecommerce/ecommerce','customer_email','Customer email','2023-03-05 23:43:26','2023-03-05 23:43:26'),(2876,1,'en','plugins/ecommerce/ecommerce','customer_phone','Customer phone','2023-03-05 23:43:26','2023-03-05 23:43:26'),(2877,1,'en','plugins/ecommerce/ecommerce','customer_address','Customer address','2023-03-05 23:43:26','2023-03-05 23:43:26'),(2878,1,'en','plugins/ecommerce/ecommerce','product_list','List products in order','2023-03-05 23:43:26','2023-03-05 23:43:26'),(2879,1,'en','plugins/ecommerce/ecommerce','order_note','Order note','2023-03-05 23:43:26','2023-03-05 23:43:26'),(2880,1,'en','plugins/ecommerce/ecommerce','payment_detail','Payment detail','2023-03-05 23:43:26','2023-03-05 23:43:26'),(2881,1,'en','plugins/ecommerce/ecommerce','shipping_method','Shipping method','2023-03-05 23:43:26','2023-03-05 23:43:26'),(2882,1,'en','plugins/ecommerce/ecommerce','payment_method','Payment method','2023-03-05 23:43:26','2023-03-05 23:43:26'),(2883,1,'en','plugins/ecommerce/ecommerce','standard_and_format','Standard & Format','2023-03-05 23:43:26','2023-03-05 23:43:26'),(2884,1,'en','plugins/ecommerce/ecommerce','standard_and_format_description','Standards and formats are used to calculate things like product prices, shipping weights, and order times.','2023-03-05 23:43:26','2023-03-05 23:43:26'),(2885,1,'en','plugins/ecommerce/ecommerce','change_order_format','Edit order code format (optional)','2023-03-05 23:43:26','2023-03-05 23:43:26'),(2886,1,'en','plugins/ecommerce/ecommerce','change_order_format_description','The default order code starts at: number. You can change the start or end string to create the order code you want, for example \"DH-: number\" or \": number-A\"','2023-03-05 23:43:26','2023-03-05 23:43:26'),(2887,1,'en','plugins/ecommerce/ecommerce','start_with','Start with','2023-03-05 23:43:26','2023-03-05 23:43:26'),(2888,1,'en','plugins/ecommerce/ecommerce','end_with','End with','2023-03-05 23:43:26','2023-03-05 23:43:26'),(2889,1,'en','plugins/ecommerce/ecommerce','order_will_be_shown','Your order code will be shown','2023-03-05 23:43:26','2023-03-05 23:43:26'),(2890,1,'en','plugins/ecommerce/ecommerce','weight_unit','Unit of weight','2023-03-05 23:43:26','2023-03-05 23:43:26'),(2891,1,'en','plugins/ecommerce/ecommerce','height_unit','Unit length / height','2023-03-05 23:43:26','2023-03-05 23:43:26'),(2892,1,'en','plugins/ecommerce/ecommerce','theme_options.name','Ecommerce','2023-03-05 23:43:26','2023-03-05 23:43:26'),(2893,1,'en','plugins/ecommerce/ecommerce','theme_options.description','Theme options for Ecommerce','2023-03-05 23:43:26','2023-03-05 23:43:26'),(2894,1,'en','plugins/ecommerce/ecommerce','theme_options.number_products_per_page','Number of products per page','2023-03-05 23:43:26','2023-03-05 23:43:26'),(2895,1,'en','plugins/ecommerce/ecommerce','theme_options.number_of_cross_sale_product','Number of cross sale products in product detail page','2023-03-05 23:43:26','2023-03-05 23:43:26'),(2896,1,'en','plugins/ecommerce/ecommerce','theme_options.max_price_filter','Maximum price to filter','2023-03-05 23:43:26','2023-03-05 23:43:26'),(2897,1,'en','plugins/ecommerce/ecommerce','theme_options.logo_in_the_checkout_page','Logo in the checkout page (Default is the main logo)','2023-03-05 23:43:26','2023-03-05 23:43:26'),(2898,1,'en','plugins/ecommerce/ecommerce','basic_settings','Basic settings','2023-03-05 23:43:26','2023-03-05 23:43:26'),(2899,1,'en','plugins/ecommerce/ecommerce','advanced_settings','Advanced settings','2023-03-05 23:43:26','2023-03-05 23:43:26'),(2900,1,'en','plugins/ecommerce/ecommerce','product_review_list','Product review list','2023-03-05 23:43:26','2023-03-05 23:43:26'),(2901,1,'en','plugins/ecommerce/email','customer_new_order_title','Order confirmation','2023-03-05 23:43:26','2023-03-05 23:43:26'),(2902,1,'en','plugins/ecommerce/email','customer_new_order_description','Send email confirmation to customer when an order placed','2023-03-05 23:43:26','2023-03-05 23:43:26'),(2903,1,'en','plugins/ecommerce/email','order_cancellation_title','Order cancellation','2023-03-05 23:43:26','2023-03-05 23:43:26'),(2904,1,'en','plugins/ecommerce/email','order_cancellation_description','Send to custom when they cancelled order','2023-03-05 23:43:26','2023-03-05 23:43:26'),(2905,1,'en','plugins/ecommerce/email','delivery_confirmation_title','Delivering confirmation','2023-03-05 23:43:26','2023-03-05 23:43:26'),(2906,1,'en','plugins/ecommerce/email','delivery_confirmation_description','Send to customer when order is delivering','2023-03-05 23:43:26','2023-03-05 23:43:26'),(2907,1,'en','plugins/ecommerce/email','admin_new_order_title','Notice about new order','2023-03-05 23:43:26','2023-03-05 23:43:26'),(2908,1,'en','plugins/ecommerce/email','admin_new_order_description','Send to administrators when an order placed','2023-03-05 23:43:26','2023-03-05 23:43:26'),(2909,1,'en','plugins/ecommerce/email','order_confirmation_title','Order confirmation','2023-03-05 23:43:26','2023-03-05 23:43:26'),(2910,1,'en','plugins/ecommerce/email','order_confirmation_description','Send to customer when they order was confirmed by admins','2023-03-05 23:43:26','2023-03-05 23:43:26'),(2911,1,'en','plugins/ecommerce/email','payment_confirmation_title','Payment confirmation','2023-03-05 23:43:26','2023-03-05 23:43:26'),(2912,1,'en','plugins/ecommerce/email','payment_confirmation_description','Send to customer when their payment was confirmed','2023-03-05 23:43:26','2023-03-05 23:43:26'),(2913,1,'en','plugins/ecommerce/email','order_recover_title','Incomplete order','2023-03-05 23:43:26','2023-03-05 23:43:26'),(2914,1,'en','plugins/ecommerce/email','order_recover_description','Send to custom to remind them about incomplete orders','2023-03-05 23:43:26','2023-03-05 23:43:26'),(2915,1,'en','plugins/ecommerce/email','view_order','View order','2023-03-05 23:43:26','2023-03-05 23:43:26'),(2916,1,'en','plugins/ecommerce/email','link_go_to_our_shop','or <a href=\":link\">Go to our shop</a>','2023-03-05 23:43:26','2023-03-05 23:43:26'),(2917,1,'en','plugins/ecommerce/email','order_number','Order number: <strong>:order_id</strong>','2023-03-05 23:43:26','2023-03-05 23:43:26'),(2918,1,'en','plugins/ecommerce/email','order_information','Order information:','2023-03-05 23:43:26','2023-03-05 23:43:26'),(2919,1,'en','plugins/ecommerce/email','order_return_request_title','Order return request','2023-03-05 23:43:26','2023-03-05 23:43:26'),(2920,1,'en','plugins/ecommerce/email','order_return_request_description','Send to customer when they return order','2023-03-05 23:43:26','2023-03-05 23:43:26'),(2921,1,'en','plugins/ecommerce/export','products.name','Export products','2023-03-05 23:43:26','2023-03-05 23:43:26'),(2922,1,'en','plugins/ecommerce/export','products.title','Export Products (CSV)','2023-03-05 23:43:26','2023-03-05 23:43:26'),(2923,1,'en','plugins/ecommerce/export','products.total_products','Total products','2023-03-05 23:43:26','2023-03-05 23:43:26'),(2924,1,'en','plugins/ecommerce/export','products.total_variations','Total variations','2023-03-05 23:43:26','2023-03-05 23:43:26'),(2925,1,'en','plugins/ecommerce/export','start_export','Start export','2023-03-05 23:43:26','2023-03-05 23:43:26'),(2926,1,'en','plugins/ecommerce/export','exporting','Exporting...','2023-03-05 23:43:26','2023-03-05 23:43:26'),(2927,1,'en','plugins/ecommerce/export','export','Export','2023-03-05 23:43:26','2023-03-05 23:43:26'),(2928,1,'en','plugins/ecommerce/flash-sale','name','Flash sales','2023-03-05 23:43:26','2023-03-05 23:43:26'),(2929,1,'en','plugins/ecommerce/flash-sale','create','New flash sale','2023-03-05 23:43:26','2023-03-05 23:43:26'),(2930,1,'en','plugins/ecommerce/flash-sale','edit','Edit flash sale','2023-03-05 23:43:26','2023-03-05 23:43:26'),(2931,1,'en','plugins/ecommerce/flash-sale','products','Products','2023-03-05 23:43:26','2023-03-05 23:43:26'),(2932,1,'en','plugins/ecommerce/invoice-template','name','Invoice template','2023-03-05 23:43:26','2023-03-05 23:43:26'),(2933,1,'en','plugins/ecommerce/invoice-template','setting','Invoice Settings','2023-03-05 23:43:26','2023-03-05 23:43:26'),(2934,1,'en','plugins/ecommerce/invoice-template','setting_description','Settings for Invoice template','2023-03-05 23:43:26','2023-03-05 23:43:26'),(2935,1,'en','plugins/ecommerce/invoice-template','setting_content','Content','2023-03-05 23:43:26','2023-03-05 23:43:26'),(2936,1,'en','plugins/ecommerce/invoice-template','preview','Preview','2023-03-05 23:43:26','2023-03-05 23:43:26'),(2937,1,'en','plugins/ecommerce/invoice-template','preview_heading','Preview Invoice template','2023-03-05 23:43:26','2023-03-05 23:43:26'),(2938,1,'en','plugins/ecommerce/invoice','name','Invoices','2023-03-05 23:43:26','2023-03-05 23:43:26'),(2939,1,'en','plugins/ecommerce/invoice','create','New invoice','2023-03-05 23:43:26','2023-03-05 23:43:26'),(2940,1,'en','plugins/ecommerce/invoice','edit','Edit invoice','2023-03-05 23:43:26','2023-03-05 23:43:26'),(2941,1,'en','plugins/ecommerce/invoice','print','Print Invoice','2023-03-05 23:43:26','2023-03-05 23:43:26'),(2942,1,'en','plugins/ecommerce/invoice','download','Download Invoice','2023-03-05 23:43:26','2023-03-05 23:43:26'),(2943,1,'en','plugins/ecommerce/invoice','heading','Invoice','2023-03-05 23:43:26','2023-03-05 23:43:26'),(2944,1,'en','plugins/ecommerce/invoice','invoice_for_job','','2023-03-05 23:43:26','2023-03-05 23:43:26'),(2945,1,'en','plugins/ecommerce/invoice','table.code','Code','2023-03-05 23:43:26','2023-03-05 23:43:26'),(2946,1,'en','plugins/ecommerce/invoice','table.amount','Amount','2023-03-05 23:43:26','2023-03-05 23:43:26'),(2947,1,'en','plugins/ecommerce/invoice','detail.invoice_for','Invoice For','2023-03-05 23:43:26','2023-03-05 23:43:26'),(2948,1,'en','plugins/ecommerce/invoice','detail.invoice_to','Invoice To','2023-03-05 23:43:26','2023-03-05 23:43:26'),(2949,1,'en','plugins/ecommerce/invoice','detail.tax_id','Tax ID','2023-03-05 23:43:26','2023-03-05 23:43:26'),(2950,1,'en','plugins/ecommerce/invoice','detail.code','Invoice Code','2023-03-05 23:43:26','2023-03-05 23:43:26'),(2951,1,'en','plugins/ecommerce/invoice','detail.issue_at','Issue At','2023-03-05 23:43:26','2023-03-05 23:43:26'),(2952,1,'en','plugins/ecommerce/invoice','detail.description','Description','2023-03-05 23:43:26','2023-03-05 23:43:26'),(2953,1,'en','plugins/ecommerce/invoice','detail.qty','Qty','2023-03-05 23:43:26','2023-03-05 23:43:26'),(2954,1,'en','plugins/ecommerce/invoice','detail.amount','Amount','2023-03-05 23:43:26','2023-03-05 23:43:26'),(2955,1,'en','plugins/ecommerce/invoice','detail.discount','Discount','2023-03-05 23:43:26','2023-03-05 23:43:26'),(2956,1,'en','plugins/ecommerce/invoice','detail.grand_total','Grand Total','2023-03-05 23:43:26','2023-03-05 23:43:26'),(2957,1,'en','plugins/ecommerce/invoice','detail.shipping_fee','Shipping Fee','2023-03-05 23:43:26','2023-03-05 23:43:26'),(2958,1,'en','plugins/ecommerce/invoice','detail.sub_total','Sub Total','2023-03-05 23:43:26','2023-03-05 23:43:26'),(2959,1,'en','plugins/ecommerce/invoice','detail.tax','Tax','2023-03-05 23:43:26','2023-03-05 23:43:26'),(2960,1,'en','plugins/ecommerce/invoice','detail.total','Total','2023-03-05 23:43:26','2023-03-05 23:43:26'),(2961,1,'en','plugins/ecommerce/invoice','total_amount','Total Amount','2023-03-05 23:43:26','2023-03-05 23:43:26'),(2962,1,'en','plugins/ecommerce/invoice','payment_info','Payment Info','2023-03-05 23:43:26','2023-03-05 23:43:26'),(2963,1,'en','plugins/ecommerce/invoice','payment_method','Payment Method','2023-03-05 23:43:26','2023-03-05 23:43:26'),(2964,1,'en','plugins/ecommerce/invoice','payment_status','Payment Status','2023-03-05 23:43:26','2023-03-05 23:43:26'),(2965,1,'en','plugins/ecommerce/order','statuses.pending','Pending','2023-03-05 23:43:26','2023-03-05 23:43:26'),(2966,1,'en','plugins/ecommerce/order','statuses.processing','Processing','2023-03-05 23:43:26','2023-03-05 23:43:26'),(2967,1,'en','plugins/ecommerce/order','statuses.completed','Completed','2023-03-05 23:43:26','2023-03-05 23:43:26'),(2968,1,'en','plugins/ecommerce/order','statuses.canceled','Canceled','2023-03-05 23:43:26','2023-03-05 23:43:26'),(2969,1,'en','plugins/ecommerce/order','statuses.partial_returned','Partial returned','2023-03-05 23:43:26','2023-03-05 23:43:26'),(2970,1,'en','plugins/ecommerce/order','statuses.returned','Returned','2023-03-05 23:43:26','2023-03-05 23:43:26'),(2971,1,'en','plugins/ecommerce/order','return_statuses.pending','Pending','2023-03-05 23:43:26','2023-03-05 23:43:26'),(2972,1,'en','plugins/ecommerce/order','return_statuses.processing','Processing','2023-03-05 23:43:26','2023-03-05 23:43:26'),(2973,1,'en','plugins/ecommerce/order','return_statuses.completed','Completed','2023-03-05 23:43:26','2023-03-05 23:43:26'),(2974,1,'en','plugins/ecommerce/order','return_statuses.canceled','Canceled','2023-03-05 23:43:26','2023-03-05 23:43:26'),(2975,1,'en','plugins/ecommerce/order','menu','Orders','2023-03-05 23:43:26','2023-03-05 23:43:26'),(2976,1,'en','plugins/ecommerce/order','create','Create an order','2023-03-05 23:43:26','2023-03-05 23:43:26'),(2977,1,'en','plugins/ecommerce/order','cancel_error','The order is delivering or not completed','2023-03-05 23:43:26','2023-03-05 23:43:26'),(2978,1,'en','plugins/ecommerce/order','cancel_success','You do cancel the order successful','2023-03-05 23:43:26','2023-03-05 23:43:26'),(2979,1,'en','plugins/ecommerce/order','return_error','The order is delivering or not completed','2023-03-05 23:43:26','2023-03-05 23:43:26'),(2980,1,'en','plugins/ecommerce/order','return_success','Requested product(s) return successfully!','2023-03-05 23:43:26','2023-03-05 23:43:26'),(2981,1,'en','plugins/ecommerce/order','incomplete_order','Incomplete orders','2023-03-05 23:43:27','2023-03-05 23:43:27'),(2982,1,'en','plugins/ecommerce/order','order_id','Order ID','2023-03-05 23:43:27','2023-03-05 23:43:27'),(2983,1,'en','plugins/ecommerce/order','product_id','Product ID','2023-03-05 23:43:27','2023-03-05 23:43:27'),(2984,1,'en','plugins/ecommerce/order','customer_label','Customer','2023-03-05 23:43:27','2023-03-05 23:43:27'),(2985,1,'en','plugins/ecommerce/order','tax_amount','Tax Amount','2023-03-05 23:43:27','2023-03-05 23:43:27'),(2986,1,'en','plugins/ecommerce/order','shipping_amount','Shipping amount','2023-03-05 23:43:27','2023-03-05 23:43:27'),(2987,1,'en','plugins/ecommerce/order','payment_method','Payment method','2023-03-05 23:43:27','2023-03-05 23:43:27'),(2988,1,'en','plugins/ecommerce/order','payment_status_label','Payment status','2023-03-05 23:43:27','2023-03-05 23:43:27'),(2989,1,'en','plugins/ecommerce/order','manage_orders','Manage orders','2023-03-05 23:43:27','2023-03-05 23:43:27'),(2990,1,'en','plugins/ecommerce/order','order_intro_description','Once your store has orders, this is where you will process and track those orders.','2023-03-05 23:43:27','2023-03-05 23:43:27'),(2991,1,'en','plugins/ecommerce/order','create_new_order','Create a new order','2023-03-05 23:43:27','2023-03-05 23:43:27'),(2992,1,'en','plugins/ecommerce/order','manage_incomplete_orders','Manage incomplete orders','2023-03-05 23:43:27','2023-03-05 23:43:27'),(2993,1,'en','plugins/ecommerce/order','incomplete_orders_intro_description','Incomplete order is an order created when a customer adds a product to the cart, proceeds to fill out the purchase information but does not complete the checkout process.','2023-03-05 23:43:27','2023-03-05 23:43:27'),(2994,1,'en','plugins/ecommerce/order','invoice_for_order','Invoice for order','2023-03-05 23:43:27','2023-03-05 23:43:27'),(2995,1,'en','plugins/ecommerce/order','created','Created','2023-03-05 23:43:27','2023-03-05 23:43:27'),(2996,1,'en','plugins/ecommerce/order','invoice','Invoice','2023-03-05 23:43:27','2023-03-05 23:43:27'),(2997,1,'en','plugins/ecommerce/order','return','Order Return Request','2023-03-05 23:43:27','2023-03-05 23:43:27'),(2998,1,'en','plugins/ecommerce/order','is_return','Return checkbox','2023-03-05 23:43:27','2023-03-05 23:43:27'),(2999,1,'en','plugins/ecommerce/order','total_refund_amount','Total refund amount','2023-03-05 23:43:27','2023-03-05 23:43:27'),(3000,1,'en','plugins/ecommerce/order','total_amount_can_be_refunded','Total amount can be refunded','2023-03-05 23:43:27','2023-03-05 23:43:27'),(3001,1,'en','plugins/ecommerce/order','refund_reason','Refund reason','2023-03-05 23:43:27','2023-03-05 23:43:27'),(3002,1,'en','plugins/ecommerce/order','products','product(s)','2023-03-05 23:43:27','2023-03-05 23:43:27'),(3003,1,'en','plugins/ecommerce/order','default','Default','2023-03-05 23:43:27','2023-03-05 23:43:27'),(3004,1,'en','plugins/ecommerce/order','system','System','2023-03-05 23:43:27','2023-03-05 23:43:27'),(3005,1,'en','plugins/ecommerce/order','new_order_from','New order :order_id from :customer','2023-03-05 23:43:27','2023-03-05 23:43:27'),(3006,1,'en','plugins/ecommerce/order','confirmation_email_was_sent_to_customer','The email confirmation was sent to customer','2023-03-05 23:43:27','2023-03-05 23:43:27'),(3007,1,'en','plugins/ecommerce/order','address_name_required','The name field is required.','2023-03-05 23:43:27','2023-03-05 23:43:27'),(3008,1,'en','plugins/ecommerce/order','address_phone_required','The phone field is required.','2023-03-05 23:43:27','2023-03-05 23:43:27'),(3009,1,'en','plugins/ecommerce/order','address_email_required','The email field is required.','2023-03-05 23:43:27','2023-03-05 23:43:27'),(3010,1,'en','plugins/ecommerce/order','address_email_unique','The customer with that email is existed, please choose other email or login with this email!','2023-03-05 23:43:27','2023-03-05 23:43:27'),(3011,1,'en','plugins/ecommerce/order','address_state_required','The state field is required.','2023-03-05 23:43:27','2023-03-05 23:43:27'),(3012,1,'en','plugins/ecommerce/order','address_city_required','The city field is required.','2023-03-05 23:43:27','2023-03-05 23:43:27'),(3013,1,'en','plugins/ecommerce/order','address_country_required','The country field is required.','2023-03-05 23:43:27','2023-03-05 23:43:27'),(3014,1,'en','plugins/ecommerce/order','address_address_required','The address field is required.','2023-03-05 23:43:27','2023-03-05 23:43:27'),(3015,1,'en','plugins/ecommerce/order','address_zipcode_required','The zipcode field is required.','2023-03-05 23:43:27','2023-03-05 23:43:27'),(3016,1,'en','plugins/ecommerce/order','create_order_from_payment_page','Order was created from checkout page','2023-03-05 23:43:27','2023-03-05 23:43:27'),(3017,1,'en','plugins/ecommerce/order','order_was_verified_by','Order was verified by %user_name%','2023-03-05 23:43:27','2023-03-05 23:43:27'),(3018,1,'en','plugins/ecommerce/order','new_order','New order :order_id','2023-03-05 23:43:27','2023-03-05 23:43:27'),(3019,1,'en','plugins/ecommerce/order','payment_was_confirmed_by','Payment was confirmed (amount :money) by %user_name%','2023-03-05 23:43:27','2023-03-05 23:43:27'),(3020,1,'en','plugins/ecommerce/order','edit_order','Edit order :code','2023-03-05 23:43:27','2023-03-05 23:43:27'),(3021,1,'en','plugins/ecommerce/order','confirm_order_success','Confirm order successfully!','2023-03-05 23:43:27','2023-03-05 23:43:27'),(3022,1,'en','plugins/ecommerce/order','error_when_sending_email','There is an error when sending email','2023-03-05 23:43:27','2023-03-05 23:43:27'),(3023,1,'en','plugins/ecommerce/order','sent_confirmation_email_success','Sent confirmation email successfully!','2023-03-05 23:43:27','2023-03-05 23:43:27'),(3024,1,'en','plugins/ecommerce/order','order_was_sent_to_shipping_team','Order was sent to shipping team','2023-03-05 23:43:27','2023-03-05 23:43:27'),(3025,1,'en','plugins/ecommerce/order','by_username','by %user_name%','2023-03-05 23:43:27','2023-03-05 23:43:27'),(3026,1,'en','plugins/ecommerce/order','shipping_was_created_from','Shipping was created from order %order_id%','2023-03-05 23:43:27','2023-03-05 23:43:27'),(3027,1,'en','plugins/ecommerce/order','shipping_was_canceled_success','Shipping was cancelled successfully!','2023-03-05 23:43:27','2023-03-05 23:43:27'),(3028,1,'en','plugins/ecommerce/order','shipping_was_canceled_by','Shipping was cancelled by %user_name%','2023-03-05 23:43:27','2023-03-05 23:43:27'),(3029,1,'en','plugins/ecommerce/order','update_shipping_address_success','Update shipping address successfully!','2023-03-05 23:43:27','2023-03-05 23:43:27'),(3030,1,'en','plugins/ecommerce/order','order_was_canceled_by','Order was cancelled by %user_name%','2023-03-05 23:43:27','2023-03-05 23:43:27'),(3031,1,'en','plugins/ecommerce/order','order_was_returned_by','Order was returned by %user_name%','2023-03-05 23:43:27','2023-03-05 23:43:27'),(3032,1,'en','plugins/ecommerce/order','confirm_payment_success','Confirm payment successfully!','2023-03-05 23:43:27','2023-03-05 23:43:27'),(3033,1,'en','plugins/ecommerce/order','refund_amount_invalid','Refund amount must be lower or equal :price','2023-03-05 23:43:27','2023-03-05 23:43:27'),(3034,1,'en','plugins/ecommerce/order','number_of_products_invalid','Number of products refund is not valid!','2023-03-05 23:43:27','2023-03-05 23:43:27'),(3035,1,'en','plugins/ecommerce/order','cannot_found_payment_for_this_order','Cannot found payment for this order!','2023-03-05 23:43:27','2023-03-05 23:43:27'),(3036,1,'en','plugins/ecommerce/order','refund_success_with_price','Refund success :price','2023-03-05 23:43:27','2023-03-05 23:43:27'),(3037,1,'en','plugins/ecommerce/order','refund_success','Refund successfully!','2023-03-05 23:43:27','2023-03-05 23:43:27'),(3038,1,'en','plugins/ecommerce/order','order_is_not_existed','Order is not existed!','2023-03-05 23:43:27','2023-03-05 23:43:27'),(3039,1,'en','plugins/ecommerce/order','reorder','Reorder','2023-03-05 23:43:27','2023-03-05 23:43:27'),(3040,1,'en','plugins/ecommerce/order','sent_email_incomplete_order_success','Sent email to remind about incomplete order successfully!','2023-03-05 23:43:27','2023-03-05 23:43:27'),(3041,1,'en','plugins/ecommerce/order','applied_coupon_success','Applied coupon \":code\" successfully!','2023-03-05 23:43:27','2023-03-05 23:43:27'),(3042,1,'en','plugins/ecommerce/order','new_order_notice','You have <span class=\"bold\">:count</span> New Order(s)','2023-03-05 23:43:27','2023-03-05 23:43:27'),(3043,1,'en','plugins/ecommerce/order','view_all','View all','2023-03-05 23:43:27','2023-03-05 23:43:27'),(3044,1,'en','plugins/ecommerce/order','cancel_order','Cancel order','2023-03-05 23:43:27','2023-03-05 23:43:27'),(3045,1,'en','plugins/ecommerce/order','order_canceled','Order canceled','2023-03-05 23:43:27','2023-03-05 23:43:27'),(3046,1,'en','plugins/ecommerce/order','order_was_canceled_at','Order was canceled at','2023-03-05 23:43:27','2023-03-05 23:43:27'),(3047,1,'en','plugins/ecommerce/order','return_order','Return order','2023-03-05 23:43:27','2023-03-05 23:43:27'),(3048,1,'en','plugins/ecommerce/order','order_returned','Order returned','2023-03-05 23:43:27','2023-03-05 23:43:27'),(3049,1,'en','plugins/ecommerce/order','order_was_returned_at','Order was returned at','2023-03-05 23:43:27','2023-03-05 23:43:27'),(3050,1,'en','plugins/ecommerce/order','completed','Completed','2023-03-05 23:43:27','2023-03-05 23:43:27'),(3051,1,'en','plugins/ecommerce/order','uncompleted','Uncompleted','2023-03-05 23:43:27','2023-03-05 23:43:27'),(3052,1,'en','plugins/ecommerce/order','sku','SKU','2023-03-05 23:43:27','2023-03-05 23:43:27'),(3053,1,'en','plugins/ecommerce/order','warehouse','Warehouse','2023-03-05 23:43:27','2023-03-05 23:43:27'),(3054,1,'en','plugins/ecommerce/order','sub_amount','Sub amount','2023-03-05 23:43:27','2023-03-05 23:43:27'),(3055,1,'en','plugins/ecommerce/order','coupon_code','Coupon code: \":code\"','2023-03-05 23:43:27','2023-03-05 23:43:27'),(3056,1,'en','plugins/ecommerce/order','shipping_fee','Shipping fee','2023-03-05 23:43:27','2023-03-05 23:43:27'),(3057,1,'en','plugins/ecommerce/order','tax','Tax','2023-03-05 23:43:27','2023-03-05 23:43:27'),(3058,1,'en','plugins/ecommerce/order','refunded_amount','Refunded amount','2023-03-05 23:43:27','2023-03-05 23:43:27'),(3059,1,'en','plugins/ecommerce/order','amount_received','The amount actually received','2023-03-05 23:43:27','2023-03-05 23:43:27'),(3060,1,'en','plugins/ecommerce/order','download_invoice','Download invoice','2023-03-05 23:43:27','2023-03-05 23:43:27'),(3061,1,'en','plugins/ecommerce/order','print_invoice','Print invoice','2023-03-05 23:43:27','2023-03-05 23:43:27'),(3062,1,'en','plugins/ecommerce/order','add_note','Add note...','2023-03-05 23:43:27','2023-03-05 23:43:27'),(3063,1,'en','plugins/ecommerce/order','order_was_confirmed','Order was confirmed','2023-03-05 23:43:27','2023-03-05 23:43:27'),(3064,1,'en','plugins/ecommerce/order','confirm_order','Confirm order','2023-03-05 23:43:27','2023-03-05 23:43:27'),(3065,1,'en','plugins/ecommerce/order','confirm','Confirm','2023-03-05 23:43:27','2023-03-05 23:43:27'),(3066,1,'en','plugins/ecommerce/order','order_was_canceled','Order was canceled','2023-03-05 23:43:27','2023-03-05 23:43:27'),(3067,1,'en','plugins/ecommerce/order','order_was_returned','Order was returned','2023-03-05 23:43:27','2023-03-05 23:43:27'),(3068,1,'en','plugins/ecommerce/order','pending_payment','Pending payment','2023-03-05 23:43:27','2023-03-05 23:43:27'),(3069,1,'en','plugins/ecommerce/order','payment_was_accepted','Payment :money was accepted','2023-03-05 23:43:27','2023-03-05 23:43:27'),(3070,1,'en','plugins/ecommerce/order','payment_was_refunded','Payment was refunded','2023-03-05 23:43:27','2023-03-05 23:43:27'),(3071,1,'en','plugins/ecommerce/order','confirm_payment','Confirm payment','2023-03-05 23:43:27','2023-03-05 23:43:27'),(3072,1,'en','plugins/ecommerce/order','refund','Refund','2023-03-05 23:43:27','2023-03-05 23:43:27'),(3073,1,'en','plugins/ecommerce/order','all_products_are_not_delivered','All products are not delivered','2023-03-05 23:43:27','2023-03-05 23:43:27'),(3074,1,'en','plugins/ecommerce/order','delivery','Delivery','2023-03-05 23:43:27','2023-03-05 23:43:27'),(3075,1,'en','plugins/ecommerce/order','history','History','2023-03-05 23:43:27','2023-03-05 23:43:27'),(3076,1,'en','plugins/ecommerce/order','order_number','Order number','2023-03-05 23:43:27','2023-03-05 23:43:27'),(3077,1,'en','plugins/ecommerce/order','from','from','2023-03-05 23:43:27','2023-03-05 23:43:27'),(3078,1,'en','plugins/ecommerce/order','status','Status','2023-03-05 23:43:27','2023-03-05 23:43:27'),(3079,1,'en','plugins/ecommerce/order','successfully','Successfully','2023-03-05 23:43:27','2023-03-05 23:43:27'),(3080,1,'en','plugins/ecommerce/order','transaction_type','Transaction\'s type','2023-03-05 23:43:27','2023-03-05 23:43:27'),(3081,1,'en','plugins/ecommerce/order','staff','Staff','2023-03-05 23:43:27','2023-03-05 23:43:27'),(3082,1,'en','plugins/ecommerce/order','refund_date','Refund date','2023-03-05 23:43:27','2023-03-05 23:43:27'),(3083,1,'en','plugins/ecommerce/order','n_a','N\\A','2023-03-05 23:43:27','2023-03-05 23:43:27'),(3084,1,'en','plugins/ecommerce/order','payment_date','Payment date','2023-03-05 23:43:27','2023-03-05 23:43:27'),(3085,1,'en','plugins/ecommerce/order','payment_gateway','Payment gateway','2023-03-05 23:43:27','2023-03-05 23:43:27'),(3086,1,'en','plugins/ecommerce/order','transaction_amount','Transaction amount','2023-03-05 23:43:27','2023-03-05 23:43:27'),(3087,1,'en','plugins/ecommerce/order','resend','Resend','2023-03-05 23:43:27','2023-03-05 23:43:27'),(3088,1,'en','plugins/ecommerce/order','default_store','Default store','2023-03-05 23:43:27','2023-03-05 23:43:27'),(3089,1,'en','plugins/ecommerce/order','update_address','Update address','2023-03-05 23:43:27','2023-03-05 23:43:27'),(3090,1,'en','plugins/ecommerce/order','have_an_account_already','Have an account already','2023-03-05 23:43:27','2023-03-05 23:43:27'),(3091,1,'en','plugins/ecommerce/order','dont_have_an_account_yet','Don\'t have an account yet','2023-03-05 23:43:27','2023-03-05 23:43:27'),(3092,1,'en','plugins/ecommerce/order','mark_payment_as_confirmed','Mark <span>:method</span> as confirmed','2023-03-05 23:43:27','2023-03-05 23:43:27'),(3093,1,'en','plugins/ecommerce/order','resend_order_confirmation','Resend order confirmation','2023-03-05 23:43:27','2023-03-05 23:43:27'),(3094,1,'en','plugins/ecommerce/order','resend_order_confirmation_description','Confirmation email will be sent to <strong>:email</strong>?','2023-03-05 23:43:27','2023-03-05 23:43:27'),(3095,1,'en','plugins/ecommerce/order','send','Send','2023-03-05 23:43:27','2023-03-05 23:43:27'),(3096,1,'en','plugins/ecommerce/order','update','Update','2023-03-05 23:43:27','2023-03-05 23:43:27'),(3097,1,'en','plugins/ecommerce/order','cancel_shipping_confirmation','Cancel shipping confirmation?','2023-03-05 23:43:27','2023-03-05 23:43:27'),(3098,1,'en','plugins/ecommerce/order','cancel_shipping_confirmation_description','Cancel shipping confirmation?','2023-03-05 23:43:27','2023-03-05 23:43:27'),(3099,1,'en','plugins/ecommerce/order','cancel_order_confirmation','Cancel order confirmation?','2023-03-05 23:43:27','2023-03-05 23:43:27'),(3100,1,'en','plugins/ecommerce/order','cancel_order_confirmation_description','Are you sure you want to cancel this order? This action cannot rollback','2023-03-05 23:43:27','2023-03-05 23:43:27'),(3101,1,'en','plugins/ecommerce/order','return_order_confirmation','Return order confirmation?','2023-03-05 23:43:27','2023-03-05 23:43:27'),(3102,1,'en','plugins/ecommerce/order','return_order_confirmation_description','Are you sure you want to return this order? This action cannot rollback','2023-03-05 23:43:27','2023-03-05 23:43:27'),(3103,1,'en','plugins/ecommerce/order','confirm_payment_confirmation_description','Processed by <strong>:method</strong>. Did you receive payment outside the system? This payment won\'t be saved into system and cannot be refunded','2023-03-05 23:43:27','2023-03-05 23:43:27'),(3104,1,'en','plugins/ecommerce/order','save_note','Save note','2023-03-05 23:43:27','2023-03-05 23:43:27'),(3105,1,'en','plugins/ecommerce/order','order_note','Order note','2023-03-05 23:43:27','2023-03-05 23:43:27'),(3106,1,'en','plugins/ecommerce/order','order_note_placeholder','Note about order, ex: time or shipping instruction.','2023-03-05 23:43:27','2023-03-05 23:43:27'),(3107,1,'en','plugins/ecommerce/order','order_amount','Order amount','2023-03-05 23:43:27','2023-03-05 23:43:27'),(3108,1,'en','plugins/ecommerce/order','additional_information','Additional information','2023-03-05 23:43:27','2023-03-05 23:43:27'),(3109,1,'en','plugins/ecommerce/order','notice_about_incomplete_order','Notice about incomplete order','2023-03-05 23:43:27','2023-03-05 23:43:27'),(3110,1,'en','plugins/ecommerce/order','notice_about_incomplete_order_description','Remind email about uncompleted order will be send to <strong>:email</strong>?','2023-03-05 23:43:27','2023-03-05 23:43:27'),(3111,1,'en','plugins/ecommerce/order','incomplete_order_description_1','An incomplete order is when a potential customer places items in their shopping cart, and goes all the way through to the payment page, but then doesn\'t complete the transaction.','2023-03-05 23:43:27','2023-03-05 23:43:27'),(3112,1,'en','plugins/ecommerce/order','incomplete_order_description_2','If you have contacted customers and they want to continue buying, you can help them complete their order by following the link:','2023-03-05 23:43:27','2023-03-05 23:43:27'),(3113,1,'en','plugins/ecommerce/order','send_an_email_to_recover_this_order','Send an email to customer to recover this order','2023-03-05 23:43:27','2023-03-05 23:43:27'),(3114,1,'en','plugins/ecommerce/order','see_maps','See maps','2023-03-05 23:43:27','2023-03-05 23:43:27'),(3115,1,'en','plugins/ecommerce/order','one_or_more_products_dont_have_enough_quantity','One or more products don\'t have enough quantity!','2023-03-05 23:43:27','2023-03-05 23:43:27'),(3116,1,'en','plugins/ecommerce/order','cannot_send_order_recover_to_mail','The email could not be found so it can\'t send a recovery email to the customer.','2023-03-05 23:43:27','2023-03-05 23:43:27'),(3117,1,'en','plugins/ecommerce/order','payment_info','Payment Info','2023-03-05 23:43:27','2023-03-05 23:43:27'),(3118,1,'en','plugins/ecommerce/order','payment_method_refund_automatic','Your customer will be refunded using :method automatically.','2023-03-05 23:43:27','2023-03-05 23:43:27'),(3119,1,'en','plugins/ecommerce/order','order','Order','2023-03-05 23:43:27','2023-03-05 23:43:27'),(3120,1,'en','plugins/ecommerce/order','order_information','Order information','2023-03-05 23:43:27','2023-03-05 23:43:27'),(3121,1,'en','plugins/ecommerce/order','create_a_new_product','Create a new product','2023-03-05 23:43:27','2023-03-05 23:43:27'),(3122,1,'en','plugins/ecommerce/order','out_of_stock','Out of stock','2023-03-05 23:43:27','2023-03-05 23:43:27'),(3123,1,'en','plugins/ecommerce/order','products_available','product(s) available','2023-03-05 23:43:27','2023-03-05 23:43:27'),(3124,1,'en','plugins/ecommerce/order','no_products_found','No products found!','2023-03-05 23:43:27','2023-03-05 23:43:27'),(3125,1,'en','plugins/ecommerce/order','note','Note','2023-03-05 23:43:27','2023-03-05 23:43:27'),(3126,1,'en','plugins/ecommerce/order','note_for_order','Note for order...','2023-03-05 23:43:27','2023-03-05 23:43:27'),(3127,1,'en','plugins/ecommerce/order','amount','Amount','2023-03-05 23:43:27','2023-03-05 23:43:27'),(3128,1,'en','plugins/ecommerce/order','add_discount','Add discount','2023-03-05 23:43:27','2023-03-05 23:43:27'),(3129,1,'en','plugins/ecommerce/order','discount','Discount','2023-03-05 23:43:27','2023-03-05 23:43:27'),(3130,1,'en','plugins/ecommerce/order','add_shipping_fee','Add shipping fee','2023-03-05 23:43:27','2023-03-05 23:43:27'),(3131,1,'en','plugins/ecommerce/order','shipping','Shipping','2023-03-05 23:43:27','2023-03-05 23:43:27'),(3132,1,'en','plugins/ecommerce/order','total_amount','Total amount','2023-03-05 23:43:27','2023-03-05 23:43:27'),(3133,1,'en','plugins/ecommerce/order','confirm_payment_and_create_order','Confirm payment and create order','2023-03-05 23:43:27','2023-03-05 23:43:27'),(3134,1,'en','plugins/ecommerce/order','paid','Paid','2023-03-05 23:43:27','2023-03-05 23:43:27'),(3135,1,'en','plugins/ecommerce/order','pay_later','Pay later','2023-03-05 23:43:27','2023-03-05 23:43:27'),(3136,1,'en','plugins/ecommerce/order','customer_information','Customer information','2023-03-05 23:43:27','2023-03-05 23:43:27'),(3137,1,'en','plugins/ecommerce/order','create_new_customer','Create new customer','2023-03-05 23:43:27','2023-03-05 23:43:27'),(3138,1,'en','plugins/ecommerce/order','no_customer_found','No customer found!','2023-03-05 23:43:27','2023-03-05 23:43:27'),(3139,1,'en','plugins/ecommerce/order','customer','Customer','2023-03-05 23:43:27','2023-03-05 23:43:27'),(3140,1,'en','plugins/ecommerce/order','orders','order(s)','2023-03-05 23:43:27','2023-03-05 23:43:27'),(3141,1,'en','plugins/ecommerce/order','shipping_address','Shipping Address','2023-03-05 23:43:27','2023-03-05 23:43:27'),(3142,1,'en','plugins/ecommerce/order','billing_address','Billing Address','2023-03-05 23:43:27','2023-03-05 23:43:27'),(3143,1,'en','plugins/ecommerce/order','see_on_maps','See on maps','2023-03-05 23:43:27','2023-03-05 23:43:27'),(3144,1,'en','plugins/ecommerce/order','name','Name','2023-03-05 23:43:27','2023-03-05 23:43:27'),(3145,1,'en','plugins/ecommerce/order','price','Price','2023-03-05 23:43:27','2023-03-05 23:43:27'),(3146,1,'en','plugins/ecommerce/order','sku_optional','SKU (optional)','2023-03-05 23:43:27','2023-03-05 23:43:27'),(3147,1,'en','plugins/ecommerce/order','with_storehouse_management','With storehouse management?','2023-03-05 23:43:27','2023-03-05 23:43:27'),(3148,1,'en','plugins/ecommerce/order','quantity','Quantity','2023-03-05 23:43:27','2023-03-05 23:43:27'),(3149,1,'en','plugins/ecommerce/order','allow_customer_checkout_when_this_product_out_of_stock','Allow customer checkout when this product out of stock?','2023-03-05 23:43:27','2023-03-05 23:43:27'),(3150,1,'en','plugins/ecommerce/order','address','Address','2023-03-05 23:43:27','2023-03-05 23:43:27'),(3151,1,'en','plugins/ecommerce/order','phone','Phone','2023-03-05 23:43:27','2023-03-05 23:43:27'),(3152,1,'en','plugins/ecommerce/order','country','Country','2023-03-05 23:43:27','2023-03-05 23:43:27'),(3153,1,'en','plugins/ecommerce/order','state','State','2023-03-05 23:43:27','2023-03-05 23:43:27'),(3154,1,'en','plugins/ecommerce/order','city','City','2023-03-05 23:43:27','2023-03-05 23:43:27'),(3155,1,'en','plugins/ecommerce/order','zip_code','Zip code','2023-03-05 23:43:27','2023-03-05 23:43:27'),(3156,1,'en','plugins/ecommerce/order','discount_based_on','Discount based on','2023-03-05 23:43:27','2023-03-05 23:43:27'),(3157,1,'en','plugins/ecommerce/order','or_coupon_code','Or coupon code','2023-03-05 23:43:27','2023-03-05 23:43:27'),(3158,1,'en','plugins/ecommerce/order','description','Description','2023-03-05 23:43:27','2023-03-05 23:43:27'),(3159,1,'en','plugins/ecommerce/order','how_to_select_configured_shipping','How to select configured shipping?','2023-03-05 23:43:27','2023-03-05 23:43:27'),(3160,1,'en','plugins/ecommerce/order','please_add_customer_information_with_the_complete_shipping_address_to_see_the_configured_shipping_rates','Please add customer information with the complete shipping address to see the configured shipping rates','2023-03-05 23:43:27','2023-03-05 23:43:27'),(3161,1,'en','plugins/ecommerce/order','free_shipping','Free shipping','2023-03-05 23:43:27','2023-03-05 23:43:27'),(3162,1,'en','plugins/ecommerce/order','custom','Custom','2023-03-05 23:43:28','2023-03-05 23:43:28'),(3163,1,'en','plugins/ecommerce/order','email','Email','2023-03-05 23:43:28','2023-03-05 23:43:28'),(3164,1,'en','plugins/ecommerce/order','create_order','Create order','2023-03-05 23:43:28','2023-03-05 23:43:28'),(3165,1,'en','plugins/ecommerce/order','close','Close','2023-03-05 23:43:28','2023-03-05 23:43:28'),(3166,1,'en','plugins/ecommerce/order','confirm_payment_is_paid_for_this_order','Confirm payment is paid for this order','2023-03-05 23:43:28','2023-03-05 23:43:28'),(3167,1,'en','plugins/ecommerce/order','payment_status_of_the_order_is_paid_once_the_order_has_been_created_you_cannot_change_the_payment_method_or_status','Payment status of the order is Paid. Once the order has been created, you cannot change the payment method or status','2023-03-05 23:43:28','2023-03-05 23:43:28'),(3168,1,'en','plugins/ecommerce/order','select_payment_method','Select payment method','2023-03-05 23:43:28','2023-03-05 23:43:28'),(3169,1,'en','plugins/ecommerce/order','cash_on_delivery_cod','Cash on delivery (COD)','2023-03-05 23:43:28','2023-03-05 23:43:28'),(3170,1,'en','plugins/ecommerce/order','bank_transfer','Bank transfer','2023-03-05 23:43:28','2023-03-05 23:43:28'),(3171,1,'en','plugins/ecommerce/order','paid_amount','Paid amount','2023-03-05 23:43:28','2023-03-05 23:43:28'),(3172,1,'en','plugins/ecommerce/order','confirm_that_payment_for_this_order_will_be_paid_later','Confirm that payment for this order will be paid later','2023-03-05 23:43:28','2023-03-05 23:43:28'),(3173,1,'en','plugins/ecommerce/order','payment_status_of_the_order_is_pending_once_the_order_has_been_created_you_cannot_change_the_payment_method_or_status','Payment status of the order is Pending. Once the order has been created, you cannot change the payment method or status','2023-03-05 23:43:28','2023-03-05 23:43:28'),(3174,1,'en','plugins/ecommerce/order','pending_amount','Pending amount','2023-03-05 23:43:28','2023-03-05 23:43:28'),(3175,1,'en','plugins/ecommerce/order','update_email','Update email','2023-03-05 23:43:28','2023-03-05 23:43:28'),(3176,1,'en','plugins/ecommerce/order','save','Save','2023-03-05 23:43:28','2023-03-05 23:43:28'),(3177,1,'en','plugins/ecommerce/order','cancel','Cancel','2023-03-05 23:43:28','2023-03-05 23:43:28'),(3178,1,'en','plugins/ecommerce/order','create_a_new_order','Create a new order','2023-03-05 23:43:28','2023-03-05 23:43:28'),(3179,1,'en','plugins/ecommerce/order','search_or_create_new_product','Search or create a new product','2023-03-05 23:43:28','2023-03-05 23:43:28'),(3180,1,'en','plugins/ecommerce/order','search_or_create_new_customer','Search or create a new customer','2023-03-05 23:43:28','2023-03-05 23:43:28'),(3181,1,'en','plugins/ecommerce/order','discount_description','Discount description','2023-03-05 23:43:28','2023-03-05 23:43:28'),(3182,1,'en','plugins/ecommerce/order','cant_select_out_of_stock_product','Cannot select out of stock product!','2023-03-05 23:43:28','2023-03-05 23:43:28'),(3183,1,'en','plugins/ecommerce/order','referral','Referral','2023-03-05 23:43:28','2023-03-05 23:43:28'),(3184,1,'en','plugins/ecommerce/order','return_order_unique','Same :attribute already exists in a previous return request.','2023-03-05 23:43:28','2023-03-05 23:43:28'),(3185,1,'en','plugins/ecommerce/order','total_return_amount','Total return amount','2023-03-05 23:43:28','2023-03-05 23:43:28'),(3186,1,'en','plugins/ecommerce/order','change_return_order_status','Change return order status','2023-03-05 23:43:28','2023-03-05 23:43:28'),(3187,1,'en','plugins/ecommerce/order','return_reason','Return reason','2023-03-05 23:43:28','2023-03-05 23:43:28'),(3188,1,'en','plugins/ecommerce/order','referral_data.ip','IP','2023-03-05 23:43:28','2023-03-05 23:43:28'),(3189,1,'en','plugins/ecommerce/order','referral_data.landing_domain','Landing domain','2023-03-05 23:43:28','2023-03-05 23:43:28'),(3190,1,'en','plugins/ecommerce/order','referral_data.landing_page','Landing page','2023-03-05 23:43:28','2023-03-05 23:43:28'),(3191,1,'en','plugins/ecommerce/order','referral_data.landing_params','Landing params','2023-03-05 23:43:28','2023-03-05 23:43:28'),(3192,1,'en','plugins/ecommerce/order','referral_data.gclid','Gclid','2023-03-05 23:43:28','2023-03-05 23:43:28'),(3193,1,'en','plugins/ecommerce/order','referral_data.fclid','Fclid','2023-03-05 23:43:28','2023-03-05 23:43:28'),(3194,1,'en','plugins/ecommerce/order','referral_data.utm_source','UTM source','2023-03-05 23:43:28','2023-03-05 23:43:28'),(3195,1,'en','plugins/ecommerce/order','referral_data.utm_campaign','UTM campaign','2023-03-05 23:43:28','2023-03-05 23:43:28'),(3196,1,'en','plugins/ecommerce/order','referral_data.utm_medium','UTM medium','2023-03-05 23:43:28','2023-03-05 23:43:28'),(3197,1,'en','plugins/ecommerce/order','referral_data.utm_term','UTM term','2023-03-05 23:43:28','2023-03-05 23:43:28'),(3198,1,'en','plugins/ecommerce/order','referral_data.utm_content','UTM content','2023-03-05 23:43:28','2023-03-05 23:43:28'),(3199,1,'en','plugins/ecommerce/order','referral_data.referral','Referral','2023-03-05 23:43:28','2023-03-05 23:43:28'),(3200,1,'en','plugins/ecommerce/order','referral_data.referrer_url','Referral URL','2023-03-05 23:43:28','2023-03-05 23:43:28'),(3201,1,'en','plugins/ecommerce/order','referral_data.referrer_domain','Referral domain','2023-03-05 23:43:28','2023-03-05 23:43:28'),(3202,1,'en','plugins/ecommerce/order','order_address_types.shipping_address','Shipping address','2023-03-05 23:43:28','2023-03-05 23:43:28'),(3203,1,'en','plugins/ecommerce/order','order_address_types.billing_address','Billing address','2023-03-05 23:43:28','2023-03-05 23:43:28'),(3204,1,'en','plugins/ecommerce/order','order_return_reasons.damaged','Damaged product','2023-03-05 23:43:28','2023-03-05 23:43:28'),(3205,1,'en','plugins/ecommerce/order','order_return_reasons.defective','Defective','2023-03-05 23:43:28','2023-03-05 23:43:28'),(3206,1,'en','plugins/ecommerce/order','order_return_reasons.incorrect_item','Incorrect item','2023-03-05 23:43:28','2023-03-05 23:43:28'),(3207,1,'en','plugins/ecommerce/order','order_return_reasons.arrived_late','Arrived late','2023-03-05 23:43:28','2023-03-05 23:43:28'),(3208,1,'en','plugins/ecommerce/order','order_return_reasons.not_as_described','Not as described','2023-03-05 23:43:28','2023-03-05 23:43:28'),(3209,1,'en','plugins/ecommerce/order','order_return_reasons.no_longer_want','No longer want','2023-03-05 23:43:28','2023-03-05 23:43:28'),(3210,1,'en','plugins/ecommerce/order','order_return_reasons.other','Other','2023-03-05 23:43:28','2023-03-05 23:43:28'),(3211,1,'en','plugins/ecommerce/order','order_return_reason','Return reason','2023-03-05 23:43:28','2023-03-05 23:43:28'),(3212,1,'en','plugins/ecommerce/order','notices.update_return_order_status_error','Cannot update return order status! Maybe the return order status is not valid.','2023-03-05 23:43:28','2023-03-05 23:43:28'),(3213,1,'en','plugins/ecommerce/order','notices.update_return_order_status_success','Update return order status successfully!','2023-03-05 23:43:28','2023-03-05 23:43:28'),(3214,1,'en','plugins/ecommerce/order','order_return','Order returns','2023-03-05 23:43:28','2023-03-05 23:43:28'),(3215,1,'en','plugins/ecommerce/order','edit_order_return','Edit order return :code','2023-03-05 23:43:28','2023-03-05 23:43:28'),(3216,1,'en','plugins/ecommerce/order','order_return_items_count','Product item(s)','2023-03-05 23:43:28','2023-03-05 23:43:28'),(3217,1,'en','plugins/ecommerce/order','new_order_notifications.new_order','New order','2023-03-05 23:43:28','2023-03-05 23:43:28'),(3218,1,'en','plugins/ecommerce/order','new_order_notifications.view','View','2023-03-05 23:43:28','2023-03-05 23:43:28'),(3219,1,'en','plugins/ecommerce/order','new_order_notifications.description',':customer ordered :quantity :product','2023-03-05 23:43:28','2023-03-05 23:43:28'),(3220,1,'en','plugins/ecommerce/order','confirm_payment_notifications.confirm_payment','Confirm payment','2023-03-05 23:43:28','2023-03-05 23:43:28'),(3221,1,'en','plugins/ecommerce/order','confirm_payment_notifications.description','Order :order Payment was confirmed (amount :amount) by :by','2023-03-05 23:43:28','2023-03-05 23:43:28'),(3222,1,'en','plugins/ecommerce/order','update_shipping_status_notifications.update_shipping_status','Update shipping status','2023-03-05 23:43:28','2023-03-05 23:43:28'),(3223,1,'en','plugins/ecommerce/order','update_shipping_status_notifications.description','Order :order had changed shipping status :description','2023-03-05 23:43:28','2023-03-05 23:43:28'),(3224,1,'en','plugins/ecommerce/order','cancel_order_notifications.cancel_order','Cancel order','2023-03-05 23:43:28','2023-03-05 23:43:28'),(3225,1,'en','plugins/ecommerce/order','cancel_order_notifications.description','Order :order was cancelled by custom :customer','2023-03-05 23:43:28','2023-03-05 23:43:28'),(3226,1,'en','plugins/ecommerce/order','return_order_notifications.return_order','Return order','2023-03-05 23:43:28','2023-03-05 23:43:28'),(3227,1,'en','plugins/ecommerce/order','return_order_notifications.description',':customer has requested return product(s)','2023-03-05 23:43:28','2023-03-05 23:43:28'),(3228,1,'en','plugins/ecommerce/order','order_completed_notifications.order_completed','Order Completed','2023-03-05 23:43:28','2023-03-05 23:43:28'),(3229,1,'en','plugins/ecommerce/order','order_completed_notifications.description','Order :order has been completed','2023-03-05 23:43:28','2023-03-05 23:43:28'),(3230,1,'en','plugins/ecommerce/payment','name','Payments','2023-03-05 23:43:28','2023-03-05 23:43:28'),(3231,1,'en','plugins/ecommerce/payment','payment_method','Payment methods','2023-03-05 23:43:28','2023-03-05 23:43:28'),(3232,1,'en','plugins/ecommerce/payment','view_payment','View payment #','2023-03-05 23:43:28','2023-03-05 23:43:28'),(3233,1,'en','plugins/ecommerce/payment','charge_id','Charge ID','2023-03-05 23:43:28','2023-03-05 23:43:28'),(3234,1,'en','plugins/ecommerce/payment','amount','Amount','2023-03-05 23:43:28','2023-03-05 23:43:28'),(3235,1,'en','plugins/ecommerce/payment','currency','Currency','2023-03-05 23:43:28','2023-03-05 23:43:28'),(3236,1,'en','plugins/ecommerce/payment','user','User','2023-03-05 23:43:28','2023-03-05 23:43:28'),(3237,1,'en','plugins/ecommerce/payment','paypal_name_required','PayPal\'s name is required!','2023-03-05 23:43:28','2023-03-05 23:43:28'),(3238,1,'en','plugins/ecommerce/payment','paypal_name_max','PayPal\'s name is too long!','2023-03-05 23:43:28','2023-03-05 23:43:28'),(3239,1,'en','plugins/ecommerce/payment','status','Status','2023-03-05 23:43:28','2023-03-05 23:43:28'),(3240,1,'en','plugins/ecommerce/payment','enabled','Enabled','2023-03-05 23:43:28','2023-03-05 23:43:28'),(3241,1,'en','plugins/ecommerce/payment','disabled','Disabled','2023-03-05 23:43:28','2023-03-05 23:43:28'),(3242,1,'en','plugins/ecommerce/payment','client_id','Client ID','2023-03-05 23:43:28','2023-03-05 23:43:28'),(3243,1,'en','plugins/ecommerce/payment','client_secret','Client Secret','2023-03-05 23:43:28','2023-03-05 23:43:28'),(3244,1,'en','plugins/ecommerce/payment','mode','Mode','2023-03-05 23:43:28','2023-03-05 23:43:28'),(3245,1,'en','plugins/ecommerce/payment','sandbox','Sandbox','2023-03-05 23:43:28','2023-03-05 23:43:28'),(3246,1,'en','plugins/ecommerce/payment','live','Live','2023-03-05 23:43:28','2023-03-05 23:43:28'),(3247,1,'en','plugins/ecommerce/payment','enable_payment_log','Enable Payment Log','2023-03-05 23:43:28','2023-03-05 23:43:28'),(3248,1,'en','plugins/ecommerce/payment','yes','Yes','2023-03-05 23:43:28','2023-03-05 23:43:28'),(3249,1,'en','plugins/ecommerce/payment','no','No','2023-03-05 23:43:28','2023-03-05 23:43:28'),(3250,1,'en','plugins/ecommerce/payment','client_key','Client Key','2023-03-05 23:43:28','2023-03-05 23:43:28'),(3251,1,'en','plugins/ecommerce/payment','paypal','PayPal','2023-03-05 23:43:28','2023-03-05 23:43:28'),(3252,1,'en','plugins/ecommerce/payment','action','Action','2023-03-05 23:43:28','2023-03-05 23:43:28'),(3253,1,'en','plugins/ecommerce/payment','go_back','Go back','2023-03-05 23:43:28','2023-03-05 23:43:28'),(3254,1,'en','plugins/ecommerce/payment','view','View','2023-03-05 23:43:28','2023-03-05 23:43:28'),(3255,1,'en','plugins/ecommerce/payment','cash_on_delivery','Cash on delivery (COD)','2023-03-05 23:43:28','2023-03-05 23:43:28'),(3256,1,'en','plugins/ecommerce/payment','via_bank_transfer','Via bank transfer','2023-03-05 23:43:28','2023-03-05 23:43:28'),(3257,1,'en','plugins/ecommerce/payment','payment_via_cart','Payment via card','2023-03-05 23:43:28','2023-03-05 23:43:28'),(3258,1,'en','plugins/ecommerce/payment','card_number','Card number','2023-03-05 23:43:28','2023-03-05 23:43:28'),(3259,1,'en','plugins/ecommerce/payment','full_name','Full name','2023-03-05 23:43:28','2023-03-05 23:43:28'),(3260,1,'en','plugins/ecommerce/payment','payment_via_paypal','Payment via PayPal','2023-03-05 23:43:28','2023-03-05 23:43:28'),(3261,1,'en','plugins/ecommerce/payment','mm_yy','MM/YY','2023-03-05 23:43:28','2023-03-05 23:43:28'),(3262,1,'en','plugins/ecommerce/payment','cvc','CVC','2023-03-05 23:43:28','2023-03-05 23:43:28'),(3263,1,'en','plugins/ecommerce/payment','details','Details','2023-03-05 23:43:28','2023-03-05 23:43:28'),(3264,1,'en','plugins/ecommerce/payment','payer_name','Payer Name','2023-03-05 23:43:28','2023-03-05 23:43:28'),(3265,1,'en','plugins/ecommerce/payment','email','Email','2023-03-05 23:43:28','2023-03-05 23:43:28'),(3266,1,'en','plugins/ecommerce/payment','phone','Phone','2023-03-05 23:43:28','2023-03-05 23:43:28'),(3267,1,'en','plugins/ecommerce/payment','country','Country','2023-03-05 23:43:28','2023-03-05 23:43:28'),(3268,1,'en','plugins/ecommerce/payment','shipping_address','Shipping Address','2023-03-05 23:43:28','2023-03-05 23:43:28'),(3269,1,'en','plugins/ecommerce/payment','payment_details','Payment Details','2023-03-05 23:43:28','2023-03-05 23:43:28'),(3270,1,'en','plugins/ecommerce/payment','card','Card','2023-03-05 23:43:28','2023-03-05 23:43:28'),(3271,1,'en','plugins/ecommerce/payment','address','Address','2023-03-05 23:43:28','2023-03-05 23:43:28'),(3272,1,'en','plugins/ecommerce/payment','new_payment','Payment for order :id','2023-03-05 23:43:28','2023-03-05 23:43:28'),(3273,1,'en','plugins/ecommerce/payment','payment_id','Payment ID','2023-03-05 23:43:28','2023-03-05 23:43:28'),(3274,1,'en','plugins/ecommerce/payment','order','Order','2023-03-05 23:43:28','2023-03-05 23:43:28'),(3275,1,'en','plugins/ecommerce/payment','add_payment','Add payment','2023-03-05 23:43:28','2023-03-05 23:43:28'),(3276,1,'en','plugins/ecommerce/payment','add_new_payment','New payment','2023-03-05 23:43:28','2023-03-05 23:43:28'),(3277,1,'en','plugins/ecommerce/payment','add','Add','2023-03-05 23:43:28','2023-03-05 23:43:28'),(3278,1,'en','plugins/ecommerce/payment','no_data','No data to display','2023-03-05 23:43:28','2023-03-05 23:43:28'),(3279,1,'en','plugins/ecommerce/payment','no_option','No option','2023-03-05 23:43:28','2023-03-05 23:43:28'),(3280,1,'en','plugins/ecommerce/payment','edit_payment','Edit payment','2023-03-05 23:43:28','2023-03-05 23:43:28'),(3281,1,'en','plugins/ecommerce/payment','save','Save','2023-03-05 23:43:28','2023-03-05 23:43:28'),(3282,1,'en','plugins/ecommerce/prices','name','Price','2023-03-05 23:43:28','2023-03-05 23:43:28'),(3283,1,'en','plugins/ecommerce/prices','create','New price','2023-03-05 23:43:28','2023-03-05 23:43:28'),(3284,1,'en','plugins/ecommerce/prices','edit','Edit price','2023-03-05 23:43:28','2023-03-05 23:43:28'),(3285,1,'en','plugins/ecommerce/prices','list','List price','2023-03-05 23:43:28','2023-03-05 23:43:28'),(3286,1,'en','plugins/ecommerce/product-attribute-sets','name','Product attribute sets','2023-03-05 23:43:28','2023-03-05 23:43:28'),(3287,1,'en','plugins/ecommerce/product-attribute-sets','create','New product attribute set','2023-03-05 23:43:28','2023-03-05 23:43:28'),(3288,1,'en','plugins/ecommerce/product-attribute-sets','edit','Edit product attribute set','2023-03-05 23:43:28','2023-03-05 23:43:28'),(3289,1,'en','plugins/ecommerce/product-attribute-sets','visible_in_categories','Visible in categories','2023-03-05 23:43:28','2023-03-05 23:43:28'),(3290,1,'en','plugins/ecommerce/product-attribute-sets','product_with_more_version','Product with more version','2023-03-05 23:43:28','2023-03-05 23:43:28'),(3291,1,'en','plugins/ecommerce/product-attribute-sets','create_a_version','Create a version','2023-03-05 23:43:28','2023-03-05 23:43:28'),(3292,1,'en','plugins/ecommerce/product-attribute-sets','enabled','Enabled','2023-03-05 23:43:28','2023-03-05 23:43:28'),(3293,1,'en','plugins/ecommerce/product-attribute-sets','attributes','Attributes','2023-03-05 23:43:28','2023-03-05 23:43:28'),(3294,1,'en','plugins/ecommerce/product-attribute-sets','price','Price','2023-03-05 23:43:28','2023-03-05 23:43:28'),(3295,1,'en','plugins/ecommerce/product-attribute-sets','edit_btn','Edit','2023-03-05 23:43:28','2023-03-05 23:43:28'),(3296,1,'en','plugins/ecommerce/product-attribute-sets','remove_btn','Remove','2023-03-05 23:43:28','2023-03-05 23:43:28'),(3297,1,'en','plugins/ecommerce/product-attribute-sets','product','Product','2023-03-05 23:43:28','2023-03-05 23:43:28'),(3298,1,'en','plugins/ecommerce/product-attribute-sets','back_to_product','Back to product','2023-03-05 23:43:28','2023-03-05 23:43:28'),(3299,1,'en','plugins/ecommerce/product-attribute-sets','save','Save','2023-03-05 23:43:28','2023-03-05 23:43:28'),(3300,1,'en','plugins/ecommerce/product-attribute-sets','other_existing_versions','Other existing versions','2023-03-05 23:43:28','2023-03-05 23:43:28'),(3301,1,'en','plugins/ecommerce/product-attribute-sets','version_information','Version information','2023-03-05 23:43:28','2023-03-05 23:43:28'),(3302,1,'en','plugins/ecommerce/product-attribute-sets','add_rule','Add rule','2023-03-05 23:43:28','2023-03-05 23:43:28'),(3303,1,'en','plugins/ecommerce/product-attribute-sets','rules','Rules','2023-03-05 23:43:28','2023-03-05 23:43:28'),(3304,1,'en','plugins/ecommerce/product-attribute-sets','pricing','Pricing','2023-03-05 23:43:28','2023-03-05 23:43:28'),(3305,1,'en','plugins/ecommerce/product-attribute-sets','sale_price','Sale price','2023-03-05 23:43:28','2023-03-05 23:43:28'),(3306,1,'en','plugins/ecommerce/product-attribute-sets','sale_type','Sale type','2023-03-05 23:43:28','2023-03-05 23:43:28'),(3307,1,'en','plugins/ecommerce/product-attribute-sets','no_sale_price','No sale price','2023-03-05 23:43:28','2023-03-05 23:43:28'),(3308,1,'en','plugins/ecommerce/product-attribute-sets','always_on_sale','Always on sale','2023-03-05 23:43:28','2023-03-05 23:43:28'),(3309,1,'en','plugins/ecommerce/product-attribute-sets','limited_time','Limited time','2023-03-05 23:43:28','2023-03-05 23:43:28'),(3310,1,'en','plugins/ecommerce/product-attribute-sets','from','From','2023-03-05 23:43:28','2023-03-05 23:43:28'),(3311,1,'en','plugins/ecommerce/product-attribute-sets','to','To','2023-03-05 23:43:28','2023-03-05 23:43:28'),(3312,1,'en','plugins/ecommerce/product-attribute-sets','storehouse','Storehouse','2023-03-05 23:43:28','2023-03-05 23:43:28'),(3313,1,'en','plugins/ecommerce/product-attribute-sets','no_storehouse_management','No storehouse management','2023-03-05 23:43:28','2023-03-05 23:43:28'),(3314,1,'en','plugins/ecommerce/product-attribute-sets','with_storehouse_management','With storehouse management','2023-03-05 23:43:28','2023-03-05 23:43:28'),(3315,1,'en','plugins/ecommerce/product-attribute-sets','quantity','Quantity','2023-03-05 23:43:28','2023-03-05 23:43:28'),(3316,1,'en','plugins/ecommerce/product-attribute-sets','allow_customer_checkout_out_of_stock','Allow customer checkout when this product out of stock','2023-03-05 23:43:28','2023-03-05 23:43:28'),(3317,1,'en','plugins/ecommerce/product-attribute-sets','shipping','Shipping','2023-03-05 23:43:28','2023-03-05 23:43:28'),(3318,1,'en','plugins/ecommerce/product-attribute-sets','length','Length','2023-03-05 23:43:28','2023-03-05 23:43:28'),(3319,1,'en','plugins/ecommerce/product-attribute-sets','wide','Wide','2023-03-05 23:43:28','2023-03-05 23:43:28'),(3320,1,'en','plugins/ecommerce/product-attribute-sets','height','Height','2023-03-05 23:43:28','2023-03-05 23:43:28'),(3321,1,'en','plugins/ecommerce/product-attribute-sets','weight','Weight','2023-03-05 23:43:28','2023-03-05 23:43:28'),(3322,1,'en','plugins/ecommerce/product-attribute-sets','version_images','Version images','2023-03-05 23:43:28','2023-03-05 23:43:28'),(3323,1,'en','plugins/ecommerce/product-attribute-sets','add_new_image','Add new image','2023-03-05 23:43:28','2023-03-05 23:43:28'),(3324,1,'en','plugins/ecommerce/product-attribute-sets','attribute_set','Attribute set','2023-03-05 23:43:28','2023-03-05 23:43:28'),(3325,1,'en','plugins/ecommerce/product-attribute-sets','value','Value','2023-03-05 23:43:28','2023-03-05 23:43:28'),(3326,1,'en','plugins/ecommerce/product-attribute-sets','dropdown_swatch','Dropdown Swatch','2023-03-05 23:43:28','2023-03-05 23:43:28'),(3327,1,'en','plugins/ecommerce/product-attribute-sets','visual_swatch','Visual Swatch','2023-03-05 23:43:28','2023-03-05 23:43:28'),(3328,1,'en','plugins/ecommerce/product-attribute-sets','text_swatch','Text Swatch','2023-03-05 23:43:28','2023-03-05 23:43:28'),(3329,1,'en','plugins/ecommerce/product-attribute-sets','display_layout','Display Layout','2023-03-05 23:43:28','2023-03-05 23:43:28'),(3330,1,'en','plugins/ecommerce/product-attribute-sets','searchable','Searchable','2023-03-05 23:43:28','2023-03-05 23:43:28'),(3331,1,'en','plugins/ecommerce/product-attribute-sets','comparable','Comparable','2023-03-05 23:43:28','2023-03-05 23:43:28'),(3332,1,'en','plugins/ecommerce/product-attribute-sets','use_in_product_listing','Used in product listing','2023-03-05 23:43:28','2023-03-05 23:43:28'),(3333,1,'en','plugins/ecommerce/product-attribute-sets','attributes_list','Attributes list','2023-03-05 23:43:28','2023-03-05 23:43:28'),(3334,1,'en','plugins/ecommerce/product-attribute-sets','is_default','Is default?','2023-03-05 23:43:28','2023-03-05 23:43:28'),(3335,1,'en','plugins/ecommerce/product-attribute-sets','title','Title','2023-03-05 23:43:28','2023-03-05 23:43:28'),(3336,1,'en','plugins/ecommerce/product-attribute-sets','slug','Slug','2023-03-05 23:43:29','2023-03-05 23:43:29'),(3337,1,'en','plugins/ecommerce/product-attribute-sets','color','Color','2023-03-05 23:43:29','2023-03-05 23:43:29'),(3338,1,'en','plugins/ecommerce/product-attribute-sets','image','Image','2023-03-05 23:43:29','2023-03-05 23:43:29'),(3339,1,'en','plugins/ecommerce/product-attribute-sets','remove','Remove','2023-03-05 23:43:29','2023-03-05 23:43:29'),(3340,1,'en','plugins/ecommerce/product-attribute-sets','add_new_attribute','Add new attribute','2023-03-05 23:43:29','2023-03-05 23:43:29'),(3341,1,'en','plugins/ecommerce/product-attribute-sets','use_image_from_product_variation','Use image from product variation (for Visual Swatch only)','2023-03-05 23:43:29','2023-03-05 23:43:29'),(3342,1,'en','plugins/ecommerce/product-attributes','name','Product attributes','2023-03-05 23:43:29','2023-03-05 23:43:29'),(3343,1,'en','plugins/ecommerce/product-attributes','create','New product attribute','2023-03-05 23:43:29','2023-03-05 23:43:29'),(3344,1,'en','plugins/ecommerce/product-attributes','edit','Edit product attribute','2023-03-05 23:43:29','2023-03-05 23:43:29'),(3345,1,'en','plugins/ecommerce/product-attributes','intro.title','Manage product attributes','2023-03-05 23:43:29','2023-03-05 23:43:29'),(3346,1,'en','plugins/ecommerce/product-attributes','intro.description','Product attribute such as color, width, height ...','2023-03-05 23:43:29','2023-03-05 23:43:29'),(3347,1,'en','plugins/ecommerce/product-attributes','intro.button_text','Create product attribute','2023-03-05 23:43:29','2023-03-05 23:43:29'),(3348,1,'en','plugins/ecommerce/product-categories','name','Product categories','2023-03-05 23:43:29','2023-03-05 23:43:29'),(3349,1,'en','plugins/ecommerce/product-categories','create','Create new product category','2023-03-05 23:43:29','2023-03-05 23:43:29'),(3350,1,'en','plugins/ecommerce/product-categories','edit','Edit product category','2023-03-05 23:43:29','2023-03-05 23:43:29'),(3351,1,'en','plugins/ecommerce/product-categories','list','List product categories','2023-03-05 23:43:29','2023-03-05 23:43:29'),(3352,1,'en','plugins/ecommerce/product-categories','none','None','2023-03-05 23:43:29','2023-03-05 23:43:29'),(3353,1,'en','plugins/ecommerce/product-categories','menu','Product categories','2023-03-05 23:43:29','2023-03-05 23:43:29'),(3354,1,'en','plugins/ecommerce/product-categories','intro.title','Manage product categories','2023-03-05 23:43:29','2023-03-05 23:43:29'),(3355,1,'en','plugins/ecommerce/product-categories','intro.description','Such as clothes, shoes, bags, jewelry ...','2023-03-05 23:43:29','2023-03-05 23:43:29'),(3356,1,'en','plugins/ecommerce/product-categories','intro.button_text','Create product category','2023-03-05 23:43:29','2023-03-05 23:43:29'),(3357,1,'en','plugins/ecommerce/product-categories','total_products','Total products: :total','2023-03-05 23:43:29','2023-03-05 23:43:29'),(3358,1,'en','plugins/ecommerce/product-collections','name','Product collections','2023-03-05 23:43:29','2023-03-05 23:43:29'),(3359,1,'en','plugins/ecommerce/product-collections','create','New product collection','2023-03-05 23:43:29','2023-03-05 23:43:29'),(3360,1,'en','plugins/ecommerce/product-collections','edit','Edit product collection','2023-03-05 23:43:29','2023-03-05 23:43:29'),(3361,1,'en','plugins/ecommerce/product-collections','slug_help_block','Label key: <code>:slug</code>. We will use this key for filter.','2023-03-05 23:43:29','2023-03-05 23:43:29'),(3362,1,'en','plugins/ecommerce/product-collections','intro.title','Manage product collections','2023-03-05 23:43:29','2023-03-05 23:43:29'),(3363,1,'en','plugins/ecommerce/product-collections','intro.description','Group your products into collections to make it easier for customers to find them by category.','2023-03-05 23:43:29','2023-03-05 23:43:29'),(3364,1,'en','plugins/ecommerce/product-collections','intro.button_text','Create product collection','2023-03-05 23:43:29','2023-03-05 23:43:29'),(3365,1,'en','plugins/ecommerce/product-label','name','Product labels','2023-03-05 23:43:29','2023-03-05 23:43:29'),(3366,1,'en','plugins/ecommerce/product-label','create','New product label','2023-03-05 23:43:29','2023-03-05 23:43:29'),(3367,1,'en','plugins/ecommerce/product-label','edit','Edit product label','2023-03-05 23:43:29','2023-03-05 23:43:29'),(3368,1,'en','plugins/ecommerce/product-label','color','Color','2023-03-05 23:43:29','2023-03-05 23:43:29'),(3369,1,'en','plugins/ecommerce/product-label','color_placeholder','Example: #f0f0f0','2023-03-05 23:43:29','2023-03-05 23:43:29'),(3370,1,'en','plugins/ecommerce/product-option','name','Product options','2023-03-05 23:43:29','2023-03-05 23:43:29'),(3371,1,'en','plugins/ecommerce/product-option','options','Options','2023-03-05 23:43:29','2023-03-05 23:43:29'),(3372,1,'en','plugins/ecommerce/product-option','create','New option','2023-03-05 23:43:29','2023-03-05 23:43:29'),(3373,1,'en','plugins/ecommerce/product-option','edit','Edit option :name','2023-03-05 23:43:29','2023-03-05 23:43:29'),(3374,1,'en','plugins/ecommerce/product-option','required','Is required?','2023-03-05 23:43:29','2023-03-05 23:43:29'),(3375,1,'en','plugins/ecommerce/product-option','option_value','Option value','2023-03-05 23:43:29','2023-03-05 23:43:29'),(3376,1,'en','plugins/ecommerce/product-option','option_type','Type','2023-03-05 23:43:29','2023-03-05 23:43:29'),(3377,1,'en','plugins/ecommerce/product-option','label','Label','2023-03-05 23:43:29','2023-03-05 23:43:29'),(3378,1,'en','plugins/ecommerce/product-option','price','Price','2023-03-05 23:43:29','2023-03-05 23:43:29'),(3379,1,'en','plugins/ecommerce/product-option','price_type','Price Type','2023-03-05 23:43:29','2023-03-05 23:43:29'),(3380,1,'en','plugins/ecommerce/product-option','percent','Percent','2023-03-05 23:43:29','2023-03-05 23:43:29'),(3381,1,'en','plugins/ecommerce/product-option','fixed','Fixed','2023-03-05 23:43:29','2023-03-05 23:43:29'),(3382,1,'en','plugins/ecommerce/product-option','label_placeholder','Please fill label','2023-03-05 23:43:29','2023-03-05 23:43:29'),(3383,1,'en','plugins/ecommerce/product-option','affect_price_label','Please fill affect price','2023-03-05 23:43:29','2023-03-05 23:43:29'),(3384,1,'en','plugins/ecommerce/product-option','add_new_row','Add new row','2023-03-05 23:43:29','2023-03-05 23:43:29'),(3385,1,'en','plugins/ecommerce/product-option','add_new_option','Add new option','2023-03-05 23:43:29','2023-03-05 23:43:29'),(3386,1,'en','plugins/ecommerce/product-option','select_global_option','Select Global Option','2023-03-05 23:43:29','2023-03-05 23:43:29'),(3387,1,'en','plugins/ecommerce/product-option','add_global_option','Add Global Option','2023-03-05 23:43:29','2023-03-05 23:43:29'),(3388,1,'en','plugins/ecommerce/product-option','please_select_option','Please select option','2023-03-05 23:43:29','2023-03-05 23:43:29'),(3389,1,'en','plugins/ecommerce/product-option','add_to_cart_value_required','Option :value is required','2023-03-05 23:43:29','2023-03-05 23:43:29'),(3390,1,'en','plugins/ecommerce/product-option','option_value_attribute','value :item of :value_key on option #:option_key','2023-03-05 23:43:29','2023-03-05 23:43:29'),(3391,1,'en','plugins/ecommerce/product-option','option_name_attribute','Option :key','2023-03-05 23:43:29','2023-03-05 23:43:29'),(3392,1,'en','plugins/ecommerce/product-option','option_type_attribute','Type of option :key','2023-03-05 23:43:29','2023-03-05 23:43:29'),(3393,1,'en','plugins/ecommerce/product-option','option_value_name_attribute','Values of option :key','2023-03-05 23:43:29','2023-03-05 23:43:29'),(3394,1,'en','plugins/ecommerce/product-option','please_choose_option_type','Please choose option type!','2023-03-05 23:43:29','2023-03-05 23:43:29'),(3395,1,'en','plugins/ecommerce/product-tag','name','Product tags','2023-03-05 23:43:29','2023-03-05 23:43:29'),(3396,1,'en','plugins/ecommerce/product-tag','create','New product tag','2023-03-05 23:43:29','2023-03-05 23:43:29'),(3397,1,'en','plugins/ecommerce/product-tag','edit','Edit product tag','2023-03-05 23:43:29','2023-03-05 23:43:29'),(3398,1,'en','plugins/ecommerce/products','name','Products','2023-03-05 23:43:29','2023-03-05 23:43:29'),(3399,1,'en','plugins/ecommerce/products','create','New product','2023-03-05 23:43:29','2023-03-05 23:43:29'),(3400,1,'en','plugins/ecommerce/products','create_product_type.physical','New physical product','2023-03-05 23:43:29','2023-03-05 23:43:29'),(3401,1,'en','plugins/ecommerce/products','create_product_type.digital','New digital product','2023-03-05 23:43:29','2023-03-05 23:43:29'),(3402,1,'en','plugins/ecommerce/products','edit','Edit product - :name','2023-03-05 23:43:29','2023-03-05 23:43:29'),(3403,1,'en','plugins/ecommerce/products','form.name','Name','2023-03-05 23:43:29','2023-03-05 23:43:29'),(3404,1,'en','plugins/ecommerce/products','form.name_placeholder','Product\'s name (Maximum 120 characters)','2023-03-05 23:43:29','2023-03-05 23:43:29'),(3405,1,'en','plugins/ecommerce/products','form.description','Description','2023-03-05 23:43:29','2023-03-05 23:43:29'),(3406,1,'en','plugins/ecommerce/products','form.description_placeholder','Short description for product (Maximum 400 characters)','2023-03-05 23:43:29','2023-03-05 23:43:29'),(3407,1,'en','plugins/ecommerce/products','form.categories','Categories','2023-03-05 23:43:29','2023-03-05 23:43:29'),(3408,1,'en','plugins/ecommerce/products','form.content','Content','2023-03-05 23:43:29','2023-03-05 23:43:29'),(3409,1,'en','plugins/ecommerce/products','form.price','Price','2023-03-05 23:43:29','2023-03-05 23:43:29'),(3410,1,'en','plugins/ecommerce/products','form.quantity','Quantity','2023-03-05 23:43:29','2023-03-05 23:43:29'),(3411,1,'en','plugins/ecommerce/products','form.brand','Brand','2023-03-05 23:43:29','2023-03-05 23:43:29'),(3412,1,'en','plugins/ecommerce/products','form.width','Width','2023-03-05 23:43:29','2023-03-05 23:43:29'),(3413,1,'en','plugins/ecommerce/products','form.height','Height','2023-03-05 23:43:29','2023-03-05 23:43:29'),(3414,1,'en','plugins/ecommerce/products','form.weight','Weight','2023-03-05 23:43:29','2023-03-05 23:43:29'),(3415,1,'en','plugins/ecommerce/products','form.date.start','From date','2023-03-05 23:43:29','2023-03-05 23:43:29'),(3416,1,'en','plugins/ecommerce/products','form.date.end','To date','2023-03-05 23:43:29','2023-03-05 23:43:29'),(3417,1,'en','plugins/ecommerce/products','form.image','Images','2023-03-05 23:43:29','2023-03-05 23:43:29'),(3418,1,'en','plugins/ecommerce/products','form.collections','Product collections','2023-03-05 23:43:29','2023-03-05 23:43:29'),(3419,1,'en','plugins/ecommerce/products','form.labels','Labels','2023-03-05 23:43:29','2023-03-05 23:43:29'),(3420,1,'en','plugins/ecommerce/products','form.price_sale','Price sale','2023-03-05 23:43:29','2023-03-05 23:43:29'),(3421,1,'en','plugins/ecommerce/products','form.product_type.title','Product type','2023-03-05 23:43:29','2023-03-05 23:43:29'),(3422,1,'en','plugins/ecommerce/products','form.product','Product','2023-03-05 23:43:29','2023-03-05 23:43:29'),(3423,1,'en','plugins/ecommerce/products','form.total','Total','2023-03-05 23:43:29','2023-03-05 23:43:29'),(3424,1,'en','plugins/ecommerce/products','form.sub_total','Subtotal','2023-03-05 23:43:29','2023-03-05 23:43:29'),(3425,1,'en','plugins/ecommerce/products','form.shipping_fee','Shipping fee','2023-03-05 23:43:29','2023-03-05 23:43:29'),(3426,1,'en','plugins/ecommerce/products','form.discount','Discount','2023-03-05 23:43:29','2023-03-05 23:43:29'),(3427,1,'en','plugins/ecommerce/products','form.options','Options','2023-03-05 23:43:29','2023-03-05 23:43:29'),(3428,1,'en','plugins/ecommerce/products','form.shipping.height','Height','2023-03-05 23:43:29','2023-03-05 23:43:29'),(3429,1,'en','plugins/ecommerce/products','form.shipping.length','Length','2023-03-05 23:43:29','2023-03-05 23:43:29'),(3430,1,'en','plugins/ecommerce/products','form.shipping.title','Shipping','2023-03-05 23:43:29','2023-03-05 23:43:29'),(3431,1,'en','plugins/ecommerce/products','form.shipping.weight','Weight','2023-03-05 23:43:29','2023-03-05 23:43:29'),(3432,1,'en','plugins/ecommerce/products','form.shipping.wide','Wide','2023-03-05 23:43:29','2023-03-05 23:43:29'),(3433,1,'en','plugins/ecommerce/products','form.barcode','Barcode (ISBN, UPC, GTIN, etc.) ','2023-03-05 23:43:29','2023-03-05 23:43:29'),(3434,1,'en','plugins/ecommerce/products','form.barcode_placeholder','Enter barcode','2023-03-05 23:43:29','2023-03-05 23:43:29'),(3435,1,'en','plugins/ecommerce/products','form.cost_per_item','Cost per item','2023-03-05 23:43:29','2023-03-05 23:43:29'),(3436,1,'en','plugins/ecommerce/products','form.cost_per_item_placeholder','Enter cost per item','2023-03-05 23:43:29','2023-03-05 23:43:29'),(3437,1,'en','plugins/ecommerce/products','form.cost_per_item_helper','Customers won\'t see this price.','2023-03-05 23:43:29','2023-03-05 23:43:29'),(3438,1,'en','plugins/ecommerce/products','form.stock.allow_order_when_out','Allow customer checkout when this product out of stock','2023-03-05 23:43:29','2023-03-05 23:43:29'),(3439,1,'en','plugins/ecommerce/products','form.stock.in_stock','In stock','2023-03-05 23:43:29','2023-03-05 23:43:29'),(3440,1,'en','plugins/ecommerce/products','form.stock.out_stock','Out stock','2023-03-05 23:43:29','2023-03-05 23:43:29'),(3441,1,'en','plugins/ecommerce/products','form.stock.title','Stock status','2023-03-05 23:43:29','2023-03-05 23:43:29'),(3442,1,'en','plugins/ecommerce/products','form.storehouse.no_storehouse','No storehouse management','2023-03-05 23:43:29','2023-03-05 23:43:29'),(3443,1,'en','plugins/ecommerce/products','form.storehouse.storehouse','With storehouse management','2023-03-05 23:43:29','2023-03-05 23:43:29'),(3444,1,'en','plugins/ecommerce/products','form.storehouse.title','Storehouse','2023-03-05 23:43:29','2023-03-05 23:43:29'),(3445,1,'en','plugins/ecommerce/products','form.storehouse.quantity','Quantity','2023-03-05 23:43:29','2023-03-05 23:43:29'),(3446,1,'en','plugins/ecommerce/products','form.tax','Tax','2023-03-05 23:43:29','2023-03-05 23:43:29'),(3447,1,'en','plugins/ecommerce/products','form.taxes','Taxes','2023-03-05 23:43:29','2023-03-05 23:43:29'),(3448,1,'en','plugins/ecommerce/products','form.is_default','Is default','2023-03-05 23:43:29','2023-03-05 23:43:29'),(3449,1,'en','plugins/ecommerce/products','form.action','Action','2023-03-05 23:43:29','2023-03-05 23:43:29'),(3450,1,'en','plugins/ecommerce/products','form.restock_quantity','Restock quantity','2023-03-05 23:43:29','2023-03-05 23:43:29'),(3451,1,'en','plugins/ecommerce/products','form.remain','Remain','2023-03-05 23:43:29','2023-03-05 23:43:29'),(3452,1,'en','plugins/ecommerce/products','form.choose_discount_period','Choose Discount Period','2023-03-05 23:43:29','2023-03-05 23:43:29'),(3453,1,'en','plugins/ecommerce/products','form.cancel','Cancel','2023-03-05 23:43:29','2023-03-05 23:43:29'),(3454,1,'en','plugins/ecommerce/products','form.no_results','No results!','2023-03-05 23:43:29','2023-03-05 23:43:29'),(3455,1,'en','plugins/ecommerce/products','form.value','Value','2023-03-05 23:43:29','2023-03-05 23:43:29'),(3456,1,'en','plugins/ecommerce/products','form.attribute_name','Attribute name','2023-03-05 23:43:29','2023-03-05 23:43:29'),(3457,1,'en','plugins/ecommerce/products','form.add_more_attribute','Add more attribute','2023-03-05 23:43:29','2023-03-05 23:43:29'),(3458,1,'en','plugins/ecommerce/products','form.continue','Continue','2023-03-05 23:43:29','2023-03-05 23:43:29'),(3459,1,'en','plugins/ecommerce/products','form.add_new_attributes','Add new attributes','2023-03-05 23:43:29','2023-03-05 23:43:29'),(3460,1,'en','plugins/ecommerce/products','form.add_new_attributes_description','Adding new attributes helps the product to have many options, such as size or color.','2023-03-05 23:43:29','2023-03-05 23:43:29'),(3461,1,'en','plugins/ecommerce/products','form.create_product_variations',':link to create product variations!','2023-03-05 23:43:29','2023-03-05 23:43:29'),(3462,1,'en','plugins/ecommerce/products','form.tags','Tags','2023-03-05 23:43:29','2023-03-05 23:43:29'),(3463,1,'en','plugins/ecommerce/products','form.write_some_tags','Write some tags','2023-03-05 23:43:29','2023-03-05 23:43:29'),(3464,1,'en','plugins/ecommerce/products','form.variation_existed','This variation is existed.','2023-03-05 23:43:29','2023-03-05 23:43:29'),(3465,1,'en','plugins/ecommerce/products','form.no_attributes_selected','No attributes selected!','2023-03-05 23:43:29','2023-03-05 23:43:29'),(3466,1,'en','plugins/ecommerce/products','form.added_variation_success','Added variation successfully!','2023-03-05 23:43:29','2023-03-05 23:43:29'),(3467,1,'en','plugins/ecommerce/products','form.updated_variation_success','Updated variation successfully!','2023-03-05 23:43:29','2023-03-05 23:43:29'),(3468,1,'en','plugins/ecommerce/products','form.created_all_variation_success','Created all variations successfully!','2023-03-05 23:43:29','2023-03-05 23:43:29'),(3469,1,'en','plugins/ecommerce/products','form.updated_product_attributes_success','Updated product attributes successfully!','2023-03-05 23:43:29','2023-03-05 23:43:29'),(3470,1,'en','plugins/ecommerce/products','form.stock_status','Stock status','2023-03-05 23:43:29','2023-03-05 23:43:29'),(3471,1,'en','plugins/ecommerce/products','form.auto_generate_sku','Auto generate SKU?','2023-03-05 23:43:29','2023-03-05 23:43:29'),(3472,1,'en','plugins/ecommerce/products','form.featured_image','Featured image (optional)','2023-03-05 23:43:29','2023-03-05 23:43:29'),(3473,1,'en','plugins/ecommerce/products','form.product_id','Product ID','2023-03-05 23:43:29','2023-03-05 23:43:29'),(3474,1,'en','plugins/ecommerce/products','price','Price','2023-03-05 23:43:29','2023-03-05 23:43:29'),(3475,1,'en','plugins/ecommerce/products','quantity','Quantity','2023-03-05 23:43:29','2023-03-05 23:43:29'),(3476,1,'en','plugins/ecommerce/products','type','Type','2023-03-05 23:43:29','2023-03-05 23:43:29'),(3477,1,'en','plugins/ecommerce/products','image','Thumbnail','2023-03-05 23:43:29','2023-03-05 23:43:29'),(3478,1,'en','plugins/ecommerce/products','sku','SKU (Stock Keeping Unit)','2023-03-05 23:43:29','2023-03-05 23:43:29'),(3479,1,'en','plugins/ecommerce/products','variation_sku','Variation SKU','2023-03-05 23:43:29','2023-03-05 23:43:29'),(3480,1,'en','plugins/ecommerce/products','brand','Brand','2023-03-05 23:43:29','2023-03-05 23:43:29'),(3481,1,'en','plugins/ecommerce/products','cannot_delete','Product could not be deleted','2023-03-05 23:43:29','2023-03-05 23:43:29'),(3482,1,'en','plugins/ecommerce/products','product_deleted','Product deleted','2023-03-05 23:43:29','2023-03-05 23:43:29'),(3483,1,'en','plugins/ecommerce/products','product_collections','Product collections','2023-03-05 23:43:29','2023-03-05 23:43:29'),(3484,1,'en','plugins/ecommerce/products','products','Products','2023-03-05 23:43:29','2023-03-05 23:43:29'),(3485,1,'en','plugins/ecommerce/products','menu','Products','2023-03-05 23:43:29','2023-03-05 23:43:29'),(3486,1,'en','plugins/ecommerce/products','control.button_add_image','Add image','2023-03-05 23:43:29','2023-03-05 23:43:29'),(3487,1,'en','plugins/ecommerce/products','price_sale','Sale price','2023-03-05 23:43:29','2023-03-05 23:43:29'),(3488,1,'en','plugins/ecommerce/products','price_group_title','Manager product price','2023-03-05 23:43:29','2023-03-05 23:43:29'),(3489,1,'en','plugins/ecommerce/products','store_house_group_title','Manager store house','2023-03-05 23:43:29','2023-03-05 23:43:29'),(3490,1,'en','plugins/ecommerce/products','shipping_group_title','Manager shipping','2023-03-05 23:43:29','2023-03-05 23:43:29'),(3491,1,'en','plugins/ecommerce/products','overview','Overview','2023-03-05 23:43:29','2023-03-05 23:43:29'),(3492,1,'en','plugins/ecommerce/products','attributes','Attributes','2023-03-05 23:43:29','2023-03-05 23:43:29'),(3493,1,'en','plugins/ecommerce/products','product_has_variations','Product has variations','2023-03-05 23:43:29','2023-03-05 23:43:29'),(3494,1,'en','plugins/ecommerce/products','manage_products','Manage products','2023-03-05 23:43:29','2023-03-05 23:43:29'),(3495,1,'en','plugins/ecommerce/products','add_new_product','Add a new product','2023-03-05 23:43:29','2023-03-05 23:43:29'),(3496,1,'en','plugins/ecommerce/products','start_by_adding_new_product','Start by adding new products.','2023-03-05 23:43:30','2023-03-05 23:43:30'),(3497,1,'en','plugins/ecommerce/products','edit_this_product','Edit this product','2023-03-05 23:43:30','2023-03-05 23:43:30'),(3498,1,'en','plugins/ecommerce/products','delete','Delete','2023-03-05 23:43:30','2023-03-05 23:43:30'),(3499,1,'en','plugins/ecommerce/products','related_products','Related products','2023-03-05 23:43:30','2023-03-05 23:43:30'),(3500,1,'en','plugins/ecommerce/products','cross_selling_products','Cross-selling products','2023-03-05 23:43:30','2023-03-05 23:43:30'),(3501,1,'en','plugins/ecommerce/products','up_selling_products','Up-selling products','2023-03-05 23:43:30','2023-03-05 23:43:30'),(3502,1,'en','plugins/ecommerce/products','grouped_products','Grouped products','2023-03-05 23:43:30','2023-03-05 23:43:30'),(3503,1,'en','plugins/ecommerce/products','search_products','Search products','2023-03-05 23:43:30','2023-03-05 23:43:30'),(3504,1,'en','plugins/ecommerce/products','selected_products','Selected products','2023-03-05 23:43:30','2023-03-05 23:43:30'),(3505,1,'en','plugins/ecommerce/products','edit_variation_item','Edit','2023-03-05 23:43:30','2023-03-05 23:43:30'),(3506,1,'en','plugins/ecommerce/products','variations_box_description','Click on \"Edit attribute\" to add/remove attributes of variation or click on \"Add new variation\" to add variation.','2023-03-05 23:43:30','2023-03-05 23:43:30'),(3507,1,'en','plugins/ecommerce/products','save_changes','Save changes','2023-03-05 23:43:30','2023-03-05 23:43:30'),(3508,1,'en','plugins/ecommerce/products','continue','Continue','2023-03-05 23:43:30','2023-03-05 23:43:30'),(3509,1,'en','plugins/ecommerce/products','edit_attribute','Edit attribute','2023-03-05 23:43:30','2023-03-05 23:43:30'),(3510,1,'en','plugins/ecommerce/products','select_attribute','Select attribute','2023-03-05 23:43:30','2023-03-05 23:43:30'),(3511,1,'en','plugins/ecommerce/products','add_new_variation','Add new variation','2023-03-05 23:43:30','2023-03-05 23:43:30'),(3512,1,'en','plugins/ecommerce/products','edit_variation','Edit variation','2023-03-05 23:43:30','2023-03-05 23:43:30'),(3513,1,'en','plugins/ecommerce/products','generate_all_variations','Generate all variations','2023-03-05 23:43:30','2023-03-05 23:43:30'),(3514,1,'en','plugins/ecommerce/products','generate_all_variations_confirmation','Are you sure you want to generate all variations for this product?','2023-03-05 23:43:30','2023-03-05 23:43:30'),(3515,1,'en','plugins/ecommerce/products','delete_variation','Delete variation?','2023-03-05 23:43:30','2023-03-05 23:43:30'),(3516,1,'en','plugins/ecommerce/products','delete_variation_confirmation','Are you sure you want to delete this variation? This action cannot be undo.','2023-03-05 23:43:30','2023-03-05 23:43:30'),(3517,1,'en','plugins/ecommerce/products','delete_variations_confirmation','Are you sure you want to delete those variations? This action cannot be undo.','2023-03-05 23:43:30','2023-03-05 23:43:30'),(3518,1,'en','plugins/ecommerce/products','product_create_validate_name_required','Please enter product\'s name','2023-03-05 23:43:30','2023-03-05 23:43:30'),(3519,1,'en','plugins/ecommerce/products','product_create_validate_sale_price_max','The discount must be less than the original price','2023-03-05 23:43:30','2023-03-05 23:43:30'),(3520,1,'en','plugins/ecommerce/products','product_create_validate_cost_per_item_max','The cost per item must be less than the original price','2023-03-05 23:43:30','2023-03-05 23:43:30'),(3521,1,'en','plugins/ecommerce/products','product_create_validate_sale_price_required_if','Must enter a discount when you want to schedule a promotion','2023-03-05 23:43:30','2023-03-05 23:43:30'),(3522,1,'en','plugins/ecommerce/products','product_create_validate_end_date_after','End date must be after start date','2023-03-05 23:43:30','2023-03-05 23:43:30'),(3523,1,'en','plugins/ecommerce/products','product_create_validate_start_date_required_if','Discount start date cannot be left blank when scheduling is selected','2023-03-05 23:43:30','2023-03-05 23:43:30'),(3524,1,'en','plugins/ecommerce/products','product_create_validate_sale_price','Discounts cannot be left blank when scheduling is selected','2023-03-05 23:43:30','2023-03-05 23:43:30'),(3525,1,'en','plugins/ecommerce/products','stock_statuses.in_stock','In stock','2023-03-05 23:43:30','2023-03-05 23:43:30'),(3526,1,'en','plugins/ecommerce/products','stock_statuses.out_of_stock','Out of stock','2023-03-05 23:43:30','2023-03-05 23:43:30'),(3527,1,'en','plugins/ecommerce/products','stock_statuses.on_backorder','On backorder','2023-03-05 23:43:30','2023-03-05 23:43:30'),(3528,1,'en','plugins/ecommerce/products','stock_status','Stock status','2023-03-05 23:43:30','2023-03-05 23:43:30'),(3529,1,'en','plugins/ecommerce/products','processing','Processing...','2023-03-05 23:43:30','2023-03-05 23:43:30'),(3530,1,'en','plugins/ecommerce/products','delete_selected_variations','Delete selected variations','2023-03-05 23:43:30','2023-03-05 23:43:30'),(3531,1,'en','plugins/ecommerce/products','delete_variations','Delete variations','2023-03-05 23:43:30','2023-03-05 23:43:30'),(3532,1,'en','plugins/ecommerce/products','category','Category','2023-03-05 23:43:30','2023-03-05 23:43:30'),(3533,1,'en','plugins/ecommerce/products','product_price_flash_sale_warning','This product is in flash sale <strong>:name</strong> so its price is <strong>:price</strong>.','2023-03-05 23:43:30','2023-03-05 23:43:30'),(3534,1,'en','plugins/ecommerce/products','product_price_discount_warning','This product is in discount <strong>:name</strong> so its price is <strong>:price</strong>.','2023-03-05 23:43:30','2023-03-05 23:43:30'),(3535,1,'en','plugins/ecommerce/products','product_image','Product image','2023-03-05 23:43:30','2023-03-05 23:43:30'),(3536,1,'en','plugins/ecommerce/products','product_name','Product name','2023-03-05 23:43:30','2023-03-05 23:43:30'),(3537,1,'en','plugins/ecommerce/products','types.physical','Physical','2023-03-05 23:43:30','2023-03-05 23:43:30'),(3538,1,'en','plugins/ecommerce/products','types.digital','Digital','2023-03-05 23:43:30','2023-03-05 23:43:30'),(3539,1,'en','plugins/ecommerce/products','digital_attachments.title','Digital attachments','2023-03-05 23:43:30','2023-03-05 23:43:30'),(3540,1,'en','plugins/ecommerce/products','digital_attachments.add','Add Attachment','2023-03-05 23:43:30','2023-03-05 23:43:30'),(3541,1,'en','plugins/ecommerce/products','digital_attachments.file_name','File name','2023-03-05 23:43:30','2023-03-05 23:43:30'),(3542,1,'en','plugins/ecommerce/products','digital_attachments.file_size','File size','2023-03-05 23:43:30','2023-03-05 23:43:30'),(3543,1,'en','plugins/ecommerce/products','digital_attachments.unsaved','Unsaved','2023-03-05 23:43:30','2023-03-05 23:43:30'),(3544,1,'en','plugins/ecommerce/reports','name','Report','2023-03-05 23:43:30','2023-03-05 23:43:30'),(3545,1,'en','plugins/ecommerce/reports','widget.order.title','Orders','2023-03-05 23:43:30','2023-03-05 23:43:30'),(3546,1,'en','plugins/ecommerce/reports','count.revenue','Today revenue','2023-03-05 23:43:30','2023-03-05 23:43:30'),(3547,1,'en','plugins/ecommerce/reports','count.orders','Today orders','2023-03-05 23:43:30','2023-03-05 23:43:30'),(3548,1,'en','plugins/ecommerce/reports','count.products','Total products','2023-03-05 23:43:30','2023-03-05 23:43:30'),(3549,1,'en','plugins/ecommerce/reports','count.customers','Total customers','2023-03-05 23:43:30','2023-03-05 23:43:30'),(3550,1,'en','plugins/ecommerce/reports','product_name','Product name','2023-03-05 23:43:30','2023-03-05 23:43:30'),(3551,1,'en','plugins/ecommerce/reports','quantity','Quantity','2023-03-05 23:43:30','2023-03-05 23:43:30'),(3552,1,'en','plugins/ecommerce/reports','revenue_statistics','Revenue statistics','2023-03-05 23:43:30','2023-03-05 23:43:30'),(3553,1,'en','plugins/ecommerce/reports','top_selling_products','Top Selling Products','2023-03-05 23:43:30','2023-03-05 23:43:30'),(3554,1,'en','plugins/ecommerce/reports','ranges.today','Today','2023-03-05 23:43:30','2023-03-05 23:43:30'),(3555,1,'en','plugins/ecommerce/reports','ranges.this_week','This week','2023-03-05 23:43:30','2023-03-05 23:43:30'),(3556,1,'en','plugins/ecommerce/reports','ranges.last_7_days','Last 7 days','2023-03-05 23:43:30','2023-03-05 23:43:30'),(3557,1,'en','plugins/ecommerce/reports','ranges.last_30_days','Last 30 days','2023-03-05 23:43:30','2023-03-05 23:43:30'),(3558,1,'en','plugins/ecommerce/reports','ranges.this_month','This month','2023-03-05 23:43:30','2023-03-05 23:43:30'),(3559,1,'en','plugins/ecommerce/reports','ranges.this_year','This year','2023-03-05 23:43:30','2023-03-05 23:43:30'),(3560,1,'en','plugins/ecommerce/reports','revenue_this_month','Revenue this month','2023-03-05 23:43:30','2023-03-05 23:43:30'),(3561,1,'en','plugins/ecommerce/reports','order_processing_this_month','order(s) processing in this month','2023-03-05 23:43:30','2023-03-05 23:43:30'),(3562,1,'en','plugins/ecommerce/reports','order_completed_this_month','order(s) completed in this month','2023-03-05 23:43:30','2023-03-05 23:43:30'),(3563,1,'en','plugins/ecommerce/reports','product_will_be_out_of_stock','product(s) will be out of stock soon','2023-03-05 23:43:30','2023-03-05 23:43:30'),(3564,1,'en','plugins/ecommerce/reports','product_out_of_stock','product(s) out of stock','2023-03-05 23:43:30','2023-03-05 23:43:30'),(3565,1,'en','plugins/ecommerce/reports','sales_reports','Sales Reports','2023-03-05 23:43:30','2023-03-05 23:43:30'),(3566,1,'en','plugins/ecommerce/reports','total_earnings','Total Earnings','2023-03-05 23:43:30','2023-03-05 23:43:30'),(3567,1,'en','plugins/ecommerce/reports','recent_orders','Recent Orders','2023-03-05 23:43:30','2023-03-05 23:43:30'),(3568,1,'en','plugins/ecommerce/reports','trending_products','Trending Products','2023-03-05 23:43:30','2023-03-05 23:43:30'),(3569,1,'en','plugins/ecommerce/reports','statistics','Statistics','2023-03-05 23:43:30','2023-03-05 23:43:30'),(3570,1,'en','plugins/ecommerce/reports','items_earning_sales','Items Earning Sales: :value','2023-03-05 23:43:30','2023-03-05 23:43:30'),(3571,1,'en','plugins/ecommerce/reports','revenue','Revenue','2023-03-05 23:43:30','2023-03-05 23:43:30'),(3572,1,'en','plugins/ecommerce/reports','orders','Orders','2023-03-05 23:43:30','2023-03-05 23:43:30'),(3573,1,'en','plugins/ecommerce/reports','products','Products','2023-03-05 23:43:30','2023-03-05 23:43:30'),(3574,1,'en','plugins/ecommerce/reports','customers','Customers','2023-03-05 23:43:30','2023-03-05 23:43:30'),(3575,1,'en','plugins/ecommerce/reports','earnings','Earnings','2023-03-05 23:43:30','2023-03-05 23:43:30'),(3576,1,'en','plugins/ecommerce/reports','views','Views','2023-03-05 23:43:30','2023-03-05 23:43:30'),(3577,1,'en','plugins/ecommerce/reports','date_range_format_value','From :from to :to','2023-03-05 23:43:30','2023-03-05 23:43:30'),(3578,1,'en','plugins/ecommerce/reports','select_range','Select Range','2023-03-05 23:43:30','2023-03-05 23:43:30'),(3579,1,'en','plugins/ecommerce/reports','customers_chart','Customers','2023-03-05 23:43:30','2023-03-05 23:43:30'),(3580,1,'en','plugins/ecommerce/reports','orders_chart','Orders','2023-03-05 23:43:30','2023-03-05 23:43:30'),(3581,1,'en','plugins/ecommerce/reports','number_of_orders','Number of orders','2023-03-05 23:43:30','2023-03-05 23:43:30'),(3582,1,'en','plugins/ecommerce/reports','number_of_customers','Number of customers','2023-03-05 23:43:30','2023-03-05 23:43:30'),(3583,1,'en','plugins/ecommerce/review','name','Reviews','2023-03-05 23:43:30','2023-03-05 23:43:30'),(3584,1,'en','plugins/ecommerce/review','add_review','Add review','2023-03-05 23:43:30','2023-03-05 23:43:30'),(3585,1,'en','plugins/ecommerce/review','delete_review','Delete review','2023-03-05 23:43:30','2023-03-05 23:43:30'),(3586,1,'en','plugins/ecommerce/review','create_review','Create Review','2023-03-05 23:43:30','2023-03-05 23:43:30'),(3587,1,'en','plugins/ecommerce/review','please_select_rating','Please select rating','2023-03-05 23:43:30','2023-03-05 23:43:30'),(3588,1,'en','plugins/ecommerce/review','comment','Comment','2023-03-05 23:43:30','2023-03-05 23:43:30'),(3589,1,'en','plugins/ecommerce/review','approve','Approve','2023-03-05 23:43:30','2023-03-05 23:43:30'),(3590,1,'en','plugins/ecommerce/review','approved','Approved','2023-03-05 23:43:30','2023-03-05 23:43:30'),(3591,1,'en','plugins/ecommerce/review','disapprove','Disapprove','2023-03-05 23:43:30','2023-03-05 23:43:30'),(3592,1,'en','plugins/ecommerce/review','disapproved','Disapproved','2023-03-05 23:43:30','2023-03-05 23:43:30'),(3593,1,'en','plugins/ecommerce/review','product','Product','2023-03-05 23:43:30','2023-03-05 23:43:30'),(3594,1,'en','plugins/ecommerce/review','user','User','2023-03-05 23:43:30','2023-03-05 23:43:30'),(3595,1,'en','plugins/ecommerce/review','star','Star','2023-03-05 23:43:30','2023-03-05 23:43:30'),(3596,1,'en','plugins/ecommerce/review','status','Status','2023-03-05 23:43:30','2023-03-05 23:43:30'),(3597,1,'en','plugins/ecommerce/review','list_review','Customer reviews','2023-03-05 23:43:30','2023-03-05 23:43:30'),(3598,1,'en','plugins/ecommerce/review','intro.title','Manage customer reviews','2023-03-05 23:43:30','2023-03-05 23:43:30'),(3599,1,'en','plugins/ecommerce/review','intro.description','Customer reviews will be shown here and you can manage it to show/hide in product detail page.','2023-03-05 23:43:30','2023-03-05 23:43:30'),(3600,1,'en','plugins/ecommerce/review','images','Images','2023-03-05 23:43:30','2023-03-05 23:43:30'),(3601,1,'en','plugins/ecommerce/shipping','name','Shipping Rules','2023-03-05 23:43:30','2023-03-05 23:43:30'),(3602,1,'en','plugins/ecommerce/shipping','shipping','Shipping','2023-03-05 23:43:30','2023-03-05 23:43:30'),(3603,1,'en','plugins/ecommerce/shipping','title','Title','2023-03-05 23:43:30','2023-03-05 23:43:30'),(3604,1,'en','plugins/ecommerce/shipping','amount','Amount','2023-03-05 23:43:30','2023-03-05 23:43:30'),(3605,1,'en','plugins/ecommerce/shipping','enable','Enable','2023-03-05 23:43:30','2023-03-05 23:43:30'),(3606,1,'en','plugins/ecommerce/shipping','enabled','Enabled','2023-03-05 23:43:30','2023-03-05 23:43:30'),(3607,1,'en','plugins/ecommerce/shipping','disable','Disable','2023-03-05 23:43:30','2023-03-05 23:43:30'),(3608,1,'en','plugins/ecommerce/shipping','disabled','Disabled','2023-03-05 23:43:30','2023-03-05 23:43:30'),(3609,1,'en','plugins/ecommerce/shipping','create_shipping','Create a shipping','2023-03-05 23:43:30','2023-03-05 23:43:30'),(3610,1,'en','plugins/ecommerce/shipping','edit_shipping','Edit shipping :code','2023-03-05 23:43:30','2023-03-05 23:43:30'),(3611,1,'en','plugins/ecommerce/shipping','status','Status','2023-03-05 23:43:30','2023-03-05 23:43:30'),(3612,1,'en','plugins/ecommerce/shipping','shipping_methods','Shipping methods','2023-03-05 23:43:30','2023-03-05 23:43:30'),(3613,1,'en','plugins/ecommerce/shipping','create_shipping_method','Create shipping method','2023-03-05 23:43:30','2023-03-05 23:43:30'),(3614,1,'en','plugins/ecommerce/shipping','edit_shipping_method','Edit shipping method','2023-03-05 23:43:30','2023-03-05 23:43:30'),(3615,1,'en','plugins/ecommerce/shipping','add_shipping_region','Add shipping region','2023-03-05 23:43:30','2023-03-05 23:43:30'),(3616,1,'en','plugins/ecommerce/shipping','country','Country','2023-03-05 23:43:30','2023-03-05 23:43:30'),(3617,1,'en','plugins/ecommerce/shipping','state','State','2023-03-05 23:43:30','2023-03-05 23:43:30'),(3618,1,'en','plugins/ecommerce/shipping','city','City','2023-03-05 23:43:30','2023-03-05 23:43:30'),(3619,1,'en','plugins/ecommerce/shipping','address','Address','2023-03-05 23:43:30','2023-03-05 23:43:30'),(3620,1,'en','plugins/ecommerce/shipping','phone','Phone','2023-03-05 23:43:30','2023-03-05 23:43:30'),(3621,1,'en','plugins/ecommerce/shipping','email','Email','2023-03-05 23:43:30','2023-03-05 23:43:30'),(3622,1,'en','plugins/ecommerce/shipping','zip_code','Zip code','2023-03-05 23:43:30','2023-03-05 23:43:30'),(3623,1,'en','plugins/ecommerce/shipping','methods.default','Default','2023-03-05 23:43:30','2023-03-05 23:43:30'),(3624,1,'en','plugins/ecommerce/shipping','statuses.not_approved','Not approved','2023-03-05 23:43:30','2023-03-05 23:43:30'),(3625,1,'en','plugins/ecommerce/shipping','statuses.approved','Approved','2023-03-05 23:43:30','2023-03-05 23:43:30'),(3626,1,'en','plugins/ecommerce/shipping','statuses.pending','Pending','2023-03-05 23:43:30','2023-03-05 23:43:30'),(3627,1,'en','plugins/ecommerce/shipping','statuses.arrange_shipment','Arrange shipment','2023-03-05 23:43:30','2023-03-05 23:43:30'),(3628,1,'en','plugins/ecommerce/shipping','statuses.ready_to_be_shipped_out','Ready to be shipped out','2023-03-05 23:43:30','2023-03-05 23:43:30'),(3629,1,'en','plugins/ecommerce/shipping','statuses.picking','Picking','2023-03-05 23:43:30','2023-03-05 23:43:30'),(3630,1,'en','plugins/ecommerce/shipping','statuses.delay_picking','Delay picking','2023-03-05 23:43:30','2023-03-05 23:43:30'),(3631,1,'en','plugins/ecommerce/shipping','statuses.picked','Picked','2023-03-05 23:43:30','2023-03-05 23:43:30'),(3632,1,'en','plugins/ecommerce/shipping','statuses.not_picked','Not picked','2023-03-05 23:43:30','2023-03-05 23:43:30'),(3633,1,'en','plugins/ecommerce/shipping','statuses.delivering','Delivering','2023-03-05 23:43:30','2023-03-05 23:43:30'),(3634,1,'en','plugins/ecommerce/shipping','statuses.delivered','Delivered','2023-03-05 23:43:30','2023-03-05 23:43:30'),(3635,1,'en','plugins/ecommerce/shipping','statuses.not_delivered','Not delivered','2023-03-05 23:43:30','2023-03-05 23:43:30'),(3636,1,'en','plugins/ecommerce/shipping','statuses.audited','Audited','2023-03-05 23:43:30','2023-03-05 23:43:30'),(3637,1,'en','plugins/ecommerce/shipping','statuses.canceled','Canceled','2023-03-05 23:43:30','2023-03-05 23:43:30'),(3638,1,'en','plugins/ecommerce/shipping','cod_statuses.pending','Pending','2023-03-05 23:43:30','2023-03-05 23:43:30'),(3639,1,'en','plugins/ecommerce/shipping','cod_statuses.completed','Completed','2023-03-05 23:43:30','2023-03-05 23:43:30'),(3640,1,'en','plugins/ecommerce/shipping','delete','Delete','2023-03-05 23:43:30','2023-03-05 23:43:30'),(3641,1,'en','plugins/ecommerce/shipping','shipping_rules','Shipping Rules','2023-03-05 23:43:30','2023-03-05 23:43:30'),(3642,1,'en','plugins/ecommerce/shipping','shipping_rules_description','Rules to calculate shipping fee.','2023-03-05 23:43:30','2023-03-05 23:43:30'),(3643,1,'en','plugins/ecommerce/shipping','select_country','Select country','2023-03-05 23:43:30','2023-03-05 23:43:30'),(3644,1,'en','plugins/ecommerce/shipping','add_shipping_rule','Add shipping rule','2023-03-05 23:43:30','2023-03-05 23:43:30'),(3645,1,'en','plugins/ecommerce/shipping','delete_shipping_rate','Delete shipping rate for area','2023-03-05 23:43:30','2023-03-05 23:43:30'),(3646,1,'en','plugins/ecommerce/shipping','delete_shipping_rate_confirmation','Are you sure you want to delete <strong class=\"region-price-item-label\"></strong> from this shipping area?','2023-03-05 23:43:30','2023-03-05 23:43:30'),(3647,1,'en','plugins/ecommerce/shipping','delete_shipping_area','Delete shipping area','2023-03-05 23:43:30','2023-03-05 23:43:30'),(3648,1,'en','plugins/ecommerce/shipping','delete_shipping_area_confirmation','Are you sure you want to delete shipping area <strong class=\"region-item-label\"></strong>?','2023-03-05 23:43:30','2023-03-05 23:43:30'),(3649,1,'en','plugins/ecommerce/shipping','add_shipping_fee_for_area','Add shipping fee for area','2023-03-05 23:43:30','2023-03-05 23:43:30'),(3650,1,'en','plugins/ecommerce/shipping','confirm','Confirm','2023-03-05 23:43:30','2023-03-05 23:43:30'),(3651,1,'en','plugins/ecommerce/shipping','save','Save','2023-03-05 23:43:30','2023-03-05 23:43:30'),(3652,1,'en','plugins/ecommerce/shipping','greater_than','Greater than','2023-03-05 23:43:30','2023-03-05 23:43:30'),(3653,1,'en','plugins/ecommerce/shipping','type','Type','2023-03-05 23:43:30','2023-03-05 23:43:30'),(3654,1,'en','plugins/ecommerce/shipping','shipping_rule_name','Name of shipping rule','2023-03-05 23:43:31','2023-03-05 23:43:31'),(3655,1,'en','plugins/ecommerce/shipping','shipping_fee','Shipping fee','2023-03-05 23:43:31','2023-03-05 23:43:31'),(3656,1,'en','plugins/ecommerce/shipping','cancel','Cancel','2023-03-05 23:43:31','2023-03-05 23:43:31'),(3657,1,'en','plugins/ecommerce/shipping','based_on_weight','Based on product\'s weight (:unit)','2023-03-05 23:43:31','2023-03-05 23:43:31'),(3658,1,'en','plugins/ecommerce/shipping','based_on_price','Based on product\'s price','2023-03-05 23:43:31','2023-03-05 23:43:31'),(3659,1,'en','plugins/ecommerce/shipping','shipment_canceled','Shipment was canceled','2023-03-05 23:43:31','2023-03-05 23:43:31'),(3660,1,'en','plugins/ecommerce/shipping','at','At','2023-03-05 23:43:31','2023-03-05 23:43:31'),(3661,1,'en','plugins/ecommerce/shipping','cash_on_delivery','Cash on delivery (COD)','2023-03-05 23:43:31','2023-03-05 23:43:31'),(3662,1,'en','plugins/ecommerce/shipping','update_shipping_status','Update shipping status','2023-03-05 23:43:31','2023-03-05 23:43:31'),(3663,1,'en','plugins/ecommerce/shipping','update_cod_status','Update COD status','2023-03-05 23:43:31','2023-03-05 23:43:31'),(3664,1,'en','plugins/ecommerce/shipping','history','History','2023-03-05 23:43:31','2023-03-05 23:43:31'),(3665,1,'en','plugins/ecommerce/shipping','shipment_information','Shipment information','2023-03-05 23:43:31','2023-03-05 23:43:31'),(3666,1,'en','plugins/ecommerce/shipping','order_number','Order number','2023-03-05 23:43:31','2023-03-05 23:43:31'),(3667,1,'en','plugins/ecommerce/shipping','shipping_method','Shipping method','2023-03-05 23:43:31','2023-03-05 23:43:31'),(3668,1,'en','plugins/ecommerce/shipping','select_shipping_method','Select shipping method','2023-03-05 23:43:31','2023-03-05 23:43:31'),(3669,1,'en','plugins/ecommerce/shipping','cod_status','COD status','2023-03-05 23:43:31','2023-03-05 23:43:31'),(3670,1,'en','plugins/ecommerce/shipping','shipping_status','Shipping status','2023-03-05 23:43:31','2023-03-05 23:43:31'),(3671,1,'en','plugins/ecommerce/shipping','customer_information','Customer information','2023-03-05 23:43:31','2023-03-05 23:43:31'),(3672,1,'en','plugins/ecommerce/shipping','sku','SKU','2023-03-05 23:43:31','2023-03-05 23:43:31'),(3673,1,'en','plugins/ecommerce/shipping','change_status_confirm_title','Confirm <span class=\"shipment-status-label\"></span> ?','2023-03-05 23:43:31','2023-03-05 23:43:31'),(3674,1,'en','plugins/ecommerce/shipping','change_status_confirm_description','Are you sure you want to confirm <span class=\"shipment-status-label\"></span> for this shipment?','2023-03-05 23:43:31','2023-03-05 23:43:31'),(3675,1,'en','plugins/ecommerce/shipping','accept','Accept','2023-03-05 23:43:31','2023-03-05 23:43:31'),(3676,1,'en','plugins/ecommerce/shipping','weight_unit','Weight (:unit)','2023-03-05 23:43:31','2023-03-05 23:43:31'),(3677,1,'en','plugins/ecommerce/shipping','updated_at','Last Update','2023-03-05 23:43:31','2023-03-05 23:43:31'),(3678,1,'en','plugins/ecommerce/shipping','cod_amount','Cash on delivery amount (COD)','2023-03-05 23:43:31','2023-03-05 23:43:31'),(3679,1,'en','plugins/ecommerce/shipping','cancel_shipping','Cancel shipping','2023-03-05 23:43:31','2023-03-05 23:43:31'),(3680,1,'en','plugins/ecommerce/shipping','shipping_address','Shipping address','2023-03-05 23:43:31','2023-03-05 23:43:31'),(3681,1,'en','plugins/ecommerce/shipping','packages','Packages','2023-03-05 23:43:31','2023-03-05 23:43:31'),(3682,1,'en','plugins/ecommerce/shipping','edit','Edit','2023-03-05 23:43:31','2023-03-05 23:43:31'),(3683,1,'en','plugins/ecommerce/shipping','fee','Fee','2023-03-05 23:43:31','2023-03-05 23:43:31'),(3684,1,'en','plugins/ecommerce/shipping','note','Note','2023-03-05 23:43:31','2023-03-05 23:43:31'),(3685,1,'en','plugins/ecommerce/shipping','finish','Finish','2023-03-05 23:43:31','2023-03-05 23:43:31'),(3686,1,'en','plugins/ecommerce/shipping','shipping_fee_cod','Shipping fee/COD','2023-03-05 23:43:31','2023-03-05 23:43:31'),(3687,1,'en','plugins/ecommerce/shipping','send_confirmation_email_to_customer','Send confirmation email to customer','2023-03-05 23:43:31','2023-03-05 23:43:31'),(3688,1,'en','plugins/ecommerce/shipping','form_name','Name','2023-03-05 23:43:31','2023-03-05 23:43:31'),(3689,1,'en','plugins/ecommerce/shipping','changed_shipping_status','Changed status of shipping to: :status. Updated by: %user_name%','2023-03-05 23:43:31','2023-03-05 23:43:31'),(3690,1,'en','plugins/ecommerce/shipping','order_confirmed_by','Order confirmed by %user_name%','2023-03-05 23:43:31','2023-03-05 23:43:31'),(3691,1,'en','plugins/ecommerce/shipping','shipping_canceled_by','Shipping is cancelled by %user_name%','2023-03-05 23:43:31','2023-03-05 23:43:31'),(3692,1,'en','plugins/ecommerce/shipping','update_shipping_status_success','Update shipping status successfully!','2023-03-05 23:43:31','2023-03-05 23:43:31'),(3693,1,'en','plugins/ecommerce/shipping','update_cod_status_success','Updated COD status of shipping successfully!','2023-03-05 23:43:31','2023-03-05 23:43:31'),(3694,1,'en','plugins/ecommerce/shipping','updated_cod_status_by','Updated COD status to :status . Updated by: %user_name%','2023-03-05 23:43:31','2023-03-05 23:43:31'),(3695,1,'en','plugins/ecommerce/shipping','all','All','2023-03-05 23:43:31','2023-03-05 23:43:31'),(3696,1,'en','plugins/ecommerce/shipping','error_when_adding_new_region','There is an error when adding new region!','2023-03-05 23:43:31','2023-03-05 23:43:31'),(3697,1,'en','plugins/ecommerce/shipping','delivery','Delivery','2023-03-05 23:43:31','2023-03-05 23:43:31'),(3698,1,'en','plugins/ecommerce/shipping','adjustment_price_of','Adjustment price of :key','2023-03-05 23:43:31','2023-03-05 23:43:31'),(3699,1,'en','plugins/ecommerce/shipping','warehouse','Warehouse','2023-03-05 23:43:31','2023-03-05 23:43:31'),(3700,1,'en','plugins/ecommerce/shipping','delivery_note','Delivery note','2023-03-05 23:43:31','2023-03-05 23:43:31'),(3701,1,'en','plugins/ecommerce/shipping','shipments','Shipments','2023-03-05 23:43:31','2023-03-05 23:43:31'),(3702,1,'en','plugins/ecommerce/shipping','order_id','Order ID','2023-03-05 23:43:31','2023-03-05 23:43:31'),(3703,1,'en','plugins/ecommerce/shipping','not_available','Not available','2023-03-05 23:43:31','2023-03-05 23:43:31'),(3704,1,'en','plugins/ecommerce/shipping','shipping_amount','Shipping Amount','2023-03-05 23:43:31','2023-03-05 23:43:31'),(3705,1,'en','plugins/ecommerce/shipping','additional_shipment_information','Additional shipment information','2023-03-05 23:43:31','2023-03-05 23:43:31'),(3706,1,'en','plugins/ecommerce/shipping','shipping_company_name','Shipping Company Name','2023-03-05 23:43:31','2023-03-05 23:43:31'),(3707,1,'en','plugins/ecommerce/shipping','tracking_id','Tracking ID','2023-03-05 23:43:31','2023-03-05 23:43:31'),(3708,1,'en','plugins/ecommerce/shipping','tracking_link','Tracking Link','2023-03-05 23:43:31','2023-03-05 23:43:31'),(3709,1,'en','plugins/ecommerce/shipping','estimate_date_shipped','Estimate Date Shipped','2023-03-05 23:43:31','2023-03-05 23:43:31'),(3710,1,'en','plugins/ecommerce/shipping','date_shipped','Date Shipped','2023-03-05 23:43:31','2023-03-05 23:43:31'),(3711,1,'en','plugins/ecommerce/shipping','add_note','Add note...','2023-03-05 23:43:31','2023-03-05 23:43:31'),(3712,1,'en','plugins/ecommerce/shipping','view_order','View Order :order_id','2023-03-05 23:43:31','2023-03-05 23:43:31'),(3713,1,'en','plugins/ecommerce/shipping','rule.types.based_on_weight','Based on product\'s weight (:unit)','2023-03-05 23:43:31','2023-03-05 23:43:31'),(3714,1,'en','plugins/ecommerce/shipping','rule.types.based_on_price','Based on product\'s price','2023-03-05 23:43:31','2023-03-05 23:43:31'),(3715,1,'en','plugins/ecommerce/shipping','rule.types.based_on_zipcode','Based on zipcode','2023-03-05 23:43:31','2023-03-05 23:43:31'),(3716,1,'en','plugins/ecommerce/shipping','rule.types.based_on_location','Based on location','2023-03-05 23:43:31','2023-03-05 23:43:31'),(3717,1,'en','plugins/ecommerce/shipping','rule.types.unavailable','Unavailable','2023-03-05 23:43:31','2023-03-05 23:43:31'),(3718,1,'en','plugins/ecommerce/shipping','rule.item.name','Shipping Rule Items','2023-03-05 23:43:31','2023-03-05 23:43:31'),(3719,1,'en','plugins/ecommerce/shipping','rule.item.edit','Edit item','2023-03-05 23:43:31','2023-03-05 23:43:31'),(3720,1,'en','plugins/ecommerce/shipping','rule.item.create','Create new item','2023-03-05 23:43:31','2023-03-05 23:43:31'),(3721,1,'en','plugins/ecommerce/shipping','rule.item.delete','Delete shipping rule item','2023-03-05 23:43:31','2023-03-05 23:43:31'),(3722,1,'en','plugins/ecommerce/shipping','rule.item.confirmation','Are you sure you want to delete shipping rule item <strong class=\"item-label\"></strong>?','2023-03-05 23:43:31','2023-03-05 23:43:31'),(3723,1,'en','plugins/ecommerce/shipping','rule.item.load_data_table','Load data table (:total)','2023-03-05 23:43:31','2023-03-05 23:43:31'),(3724,1,'en','plugins/ecommerce/shipping','rule.item.tables.shipping_rule','Shipping rule','2023-03-05 23:43:31','2023-03-05 23:43:31'),(3725,1,'en','plugins/ecommerce/shipping','rule.item.tables.country','Country','2023-03-05 23:43:31','2023-03-05 23:43:31'),(3726,1,'en','plugins/ecommerce/shipping','rule.item.tables.state','State','2023-03-05 23:43:31','2023-03-05 23:43:31'),(3727,1,'en','plugins/ecommerce/shipping','rule.item.tables.city','City','2023-03-05 23:43:31','2023-03-05 23:43:31'),(3728,1,'en','plugins/ecommerce/shipping','rule.item.tables.zip_code','Zip code','2023-03-05 23:43:31','2023-03-05 23:43:31'),(3729,1,'en','plugins/ecommerce/shipping','rule.item.tables.adjustment_price','Adjustment price','2023-03-05 23:43:31','2023-03-05 23:43:31'),(3730,1,'en','plugins/ecommerce/shipping','rule.item.tables.is_enabled','Is enabled?','2023-03-05 23:43:31','2023-03-05 23:43:31'),(3731,1,'en','plugins/ecommerce/shipping','rule.item.forms.country','Country','2023-03-05 23:43:31','2023-03-05 23:43:31'),(3732,1,'en','plugins/ecommerce/shipping','rule.item.forms.country_placeholder','Country','2023-03-05 23:43:31','2023-03-05 23:43:31'),(3733,1,'en','plugins/ecommerce/shipping','rule.item.forms.state','State','2023-03-05 23:43:31','2023-03-05 23:43:31'),(3734,1,'en','plugins/ecommerce/shipping','rule.item.forms.state_placeholder','State','2023-03-05 23:43:31','2023-03-05 23:43:31'),(3735,1,'en','plugins/ecommerce/shipping','rule.item.forms.city','City','2023-03-05 23:43:31','2023-03-05 23:43:31'),(3736,1,'en','plugins/ecommerce/shipping','rule.item.forms.city_placeholder','City','2023-03-05 23:43:31','2023-03-05 23:43:31'),(3737,1,'en','plugins/ecommerce/shipping','rule.item.forms.zip_code','Zip code','2023-03-05 23:43:31','2023-03-05 23:43:31'),(3738,1,'en','plugins/ecommerce/shipping','rule.item.forms.zip_code_placeholder','Zip code','2023-03-05 23:43:31','2023-03-05 23:43:31'),(3739,1,'en','plugins/ecommerce/shipping','rule.item.forms.adjustment_price','Adjustment price','2023-03-05 23:43:31','2023-03-05 23:43:31'),(3740,1,'en','plugins/ecommerce/shipping','rule.item.forms.adjustment_price_placeholder','Adjustment price','2023-03-05 23:43:31','2023-03-05 23:43:31'),(3741,1,'en','plugins/ecommerce/shipping','rule.item.forms.is_enabled','Is enabled?','2023-03-05 23:43:31','2023-03-05 23:43:31'),(3742,1,'en','plugins/ecommerce/shipping','rule.item.forms.shipping_rule','Shipping rule','2023-03-05 23:43:31','2023-03-05 23:43:31'),(3743,1,'en','plugins/ecommerce/shipping','rule.item.forms.no_shipping_rule','No shipping rule','2023-03-05 23:43:31','2023-03-05 23:43:31'),(3744,1,'en','plugins/ecommerce/shipping','rule.item.bulk-import.menu','Bulk import Shipping Rule Items','2023-03-05 23:43:31','2023-03-05 23:43:31'),(3745,1,'en','plugins/ecommerce/shipping','rule.item.bulk-import.greater_than_or_equal','Only numbers or decimals are accepted and greater than or equal to :min.','2023-03-05 23:43:31','2023-03-05 23:43:31'),(3746,1,'en','plugins/ecommerce/shipping','rule.item.bulk-import.less_than_or_equal','Only numbers or decimals are accepted and less than or equal to :max.','2023-03-05 23:43:31','2023-03-05 23:43:31'),(3747,1,'en','plugins/ecommerce/shipping','rule.item.bulk-import.between','Only numbers or decimals are accepted and between :min and :max.','2023-03-05 23:43:31','2023-03-05 23:43:31'),(3748,1,'en','plugins/ecommerce/shipping','rule.item.bulk-import.overwrite','Overwrite','2023-03-05 23:43:31','2023-03-05 23:43:31'),(3749,1,'en','plugins/ecommerce/shipping','rule.item.bulk-import.add_new','Add new','2023-03-05 23:43:31','2023-03-05 23:43:31'),(3750,1,'en','plugins/ecommerce/shipping','rule.item.bulk-import.skip','Skip','2023-03-05 23:43:31','2023-03-05 23:43:31'),(3751,1,'en','plugins/ecommerce/shipping','rule.select_type','Select type','2023-03-05 23:43:31','2023-03-05 23:43:31'),(3752,1,'en','plugins/ecommerce/shipping','rule.cannot_create_rule_type_for_this_location','Cannot create rule type \":type\" on this location!','2023-03-05 23:43:31','2023-03-05 23:43:31'),(3753,1,'en','plugins/ecommerce/store-locator','name','Store locators','2023-03-05 23:43:31','2023-03-05 23:43:31'),(3754,1,'en','plugins/ecommerce/store-locator','description','This address will appear on your invoice and will be used to calculate your shipping price.','2023-03-05 23:43:31','2023-03-05 23:43:31'),(3755,1,'en','plugins/ecommerce/store-locator','shop_name','Shop name','2023-03-05 23:43:31','2023-03-05 23:43:31'),(3756,1,'en','plugins/ecommerce/store-locator','phone','Phone','2023-03-05 23:43:31','2023-03-05 23:43:31'),(3757,1,'en','plugins/ecommerce/store-locator','email','Email','2023-03-05 23:43:31','2023-03-05 23:43:31'),(3758,1,'en','plugins/ecommerce/store-locator','state','State','2023-03-05 23:43:31','2023-03-05 23:43:31'),(3759,1,'en','plugins/ecommerce/store-locator','city','City','2023-03-05 23:43:31','2023-03-05 23:43:31'),(3760,1,'en','plugins/ecommerce/store-locator','country','Country','2023-03-05 23:43:31','2023-03-05 23:43:31'),(3761,1,'en','plugins/ecommerce/store-locator','address','Address','2023-03-05 23:43:31','2023-03-05 23:43:31'),(3762,1,'en','plugins/ecommerce/store-locator','primary_store_is','Primary store is','2023-03-05 23:43:31','2023-03-05 23:43:31'),(3763,1,'en','plugins/ecommerce/store-locator','store_name','Store name','2023-03-05 23:43:31','2023-03-05 23:43:31'),(3764,1,'en','plugins/ecommerce/store-locator','select_country','Select country...','2023-03-05 23:43:31','2023-03-05 23:43:31'),(3765,1,'en','plugins/ecommerce/store-locator','default_shipping_location','Default shipping location','2023-03-05 23:43:31','2023-03-05 23:43:31'),(3766,1,'en','plugins/ecommerce/store-locator','default_store','Default store','2023-03-05 23:43:31','2023-03-05 23:43:31'),(3767,1,'en','plugins/ecommerce/store-locator','company','Company','2023-03-05 23:43:31','2023-03-05 23:43:31'),(3768,1,'en','plugins/ecommerce/store-locator','zip_code','Zip Code','2023-03-05 23:43:31','2023-03-05 23:43:31'),(3769,1,'en','plugins/ecommerce/tax','name','Taxes','2023-03-05 23:43:31','2023-03-05 23:43:31'),(3770,1,'en','plugins/ecommerce/tax','create','Create a tax','2023-03-05 23:43:31','2023-03-05 23:43:31'),(3771,1,'en','plugins/ecommerce/tax','edit','Edit tax :title','2023-03-05 23:43:31','2023-03-05 23:43:31'),(3772,1,'en','plugins/ecommerce/tax','title','Title','2023-03-05 23:43:31','2023-03-05 23:43:31'),(3773,1,'en','plugins/ecommerce/tax','percentage','Percentage %','2023-03-05 23:43:31','2023-03-05 23:43:31'),(3774,1,'en','plugins/ecommerce/tax','priority','Priority','2023-03-05 23:43:31','2023-03-05 23:43:31'),(3775,1,'en','plugins/ecommerce/tax','select_tax','-- select --','2023-03-05 23:43:31','2023-03-05 23:43:31'),(3776,1,'en','plugins/ecommerce/tax','default','Default','2023-03-05 23:43:31','2023-03-05 23:43:31'),(4395,1,'en','plugins/faq/faq-category','name','Categories','2023-03-05 23:43:35','2023-03-05 23:43:35'),(4396,1,'en','plugins/faq/faq-category','create','New category','2023-03-05 23:43:35','2023-03-05 23:43:35'),(4397,1,'en','plugins/faq/faq-category','edit','Edit category','2023-03-05 23:43:35','2023-03-05 23:43:35'),(4398,1,'en','plugins/faq/faq','name','FAQ','2023-03-05 23:43:35','2023-03-05 23:43:35'),(4399,1,'en','plugins/faq/faq','create','New faq','2023-03-05 23:43:35','2023-03-05 23:43:35'),(4400,1,'en','plugins/faq/faq','edit','Edit faq','2023-03-05 23:43:35','2023-03-05 23:43:35'),(4401,1,'en','plugins/faq/faq','question','Question','2023-03-05 23:43:35','2023-03-05 23:43:35'),(4402,1,'en','plugins/faq/faq','answer','Answer','2023-03-05 23:43:35','2023-03-05 23:43:35'),(4403,1,'en','plugins/faq/faq','category','Category','2023-03-05 23:43:35','2023-03-05 23:43:35'),(4404,1,'en','plugins/faq/faq','all','All','2023-03-05 23:43:35','2023-03-05 23:43:35'),(4405,1,'en','plugins/faq/faq','faq_schema_config','FAQ schema configuration (:link)','2023-03-05 23:43:35','2023-03-05 23:43:35'),(4406,1,'en','plugins/faq/faq','learn_more','Learn more','2023-03-05 23:43:35','2023-03-05 23:43:35'),(4407,1,'en','plugins/faq/faq','settings.title','FAQ','2023-03-05 23:43:35','2023-03-05 23:43:35'),(4408,1,'en','plugins/faq/faq','settings.description','Settings for FAQ','2023-03-05 23:43:35','2023-03-05 23:43:35'),(4409,1,'en','plugins/faq/faq','settings.enable_faq_schema','Enable FAQ Schema?','2023-03-05 23:43:35','2023-03-05 23:43:35'),(4410,1,'en','plugins/faq/faq','settings.enable_faq_schema_description','Learn more: https://developers.google.com/search/docs/data-types/faqpage','2023-03-05 23:43:35','2023-03-05 23:43:35'),(4411,1,'en','plugins/faq/faq','select_category','Select a category','2023-03-05 23:43:35','2023-03-05 23:43:35'),(4412,1,'en','plugins/faq/faq','add_item','Add item','2023-03-05 23:43:35','2023-03-05 23:43:35'),(4421,1,'en','plugins/language/language','name','Languages','2023-03-05 23:43:36','2023-03-05 23:43:36'),(4422,1,'en','plugins/language/language','choose_language','Choose a language','2023-03-05 23:43:36','2023-03-05 23:43:36'),(4423,1,'en','plugins/language/language','select_language','Select language','2023-03-05 23:43:36','2023-03-05 23:43:36'),(4424,1,'en','plugins/language/language','choose_language_helper','You can choose a language in the list or directly edit it below.','2023-03-05 23:43:36','2023-03-05 23:43:36'),(4425,1,'en','plugins/language/language','language_name','Language name','2023-03-05 23:43:36','2023-03-05 23:43:36'),(4426,1,'en','plugins/language/language','language_name_helper','The name is how it is displayed on your site (for example: English).','2023-03-05 23:43:36','2023-03-05 23:43:36'),(4427,1,'en','plugins/language/language','locale','Locale','2023-03-05 23:43:36','2023-03-05 23:43:36'),(4428,1,'en','plugins/language/language','locale_helper','Laravel Locale for the language (for example: <code>en</code>).','2023-03-05 23:43:36','2023-03-05 23:43:36'),(4429,1,'en','plugins/language/language','language_code','Language code','2023-03-05 23:43:36','2023-03-05 23:43:36'),(4430,1,'en','plugins/language/language','language_code_helper','Language code - preferably 2-letters ISO 639-1 (for example: en)','2023-03-05 23:43:36','2023-03-05 23:43:36'),(4431,1,'en','plugins/language/language','text_direction','Text direction','2023-03-05 23:43:36','2023-03-05 23:43:36'),(4432,1,'en','plugins/language/language','text_direction_helper','Choose the text direction for the language','2023-03-05 23:43:36','2023-03-05 23:43:36'),(4433,1,'en','plugins/language/language','left_to_right','Left to right','2023-03-05 23:43:36','2023-03-05 23:43:36'),(4434,1,'en','plugins/language/language','right_to_left','Right to left','2023-03-05 23:43:36','2023-03-05 23:43:36'),(4435,1,'en','plugins/language/language','flag','Flag','2023-03-05 23:43:36','2023-03-05 23:43:36'),(4436,1,'en','plugins/language/language','flag_helper','Choose a flag for the language.','2023-03-05 23:43:36','2023-03-05 23:43:36'),(4437,1,'en','plugins/language/language','order','Order','2023-03-05 23:43:36','2023-03-05 23:43:36'),(4438,1,'en','plugins/language/language','order_helper','Position of the language in the language switcher','2023-03-05 23:43:36','2023-03-05 23:43:36'),(4439,1,'en','plugins/language/language','add_new_language','Add new language','2023-03-05 23:43:36','2023-03-05 23:43:36'),(4440,1,'en','plugins/language/language','code','Code','2023-03-05 23:43:36','2023-03-05 23:43:36'),(4441,1,'en','plugins/language/language','default_language','Is default?','2023-03-05 23:43:36','2023-03-05 23:43:36'),(4442,1,'en','plugins/language/language','actions','Actions','2023-03-05 23:43:36','2023-03-05 23:43:36'),(4443,1,'en','plugins/language/language','translations','Translations','2023-03-05 23:43:36','2023-03-05 23:43:36'),(4444,1,'en','plugins/language/language','edit','Edit','2023-03-05 23:43:36','2023-03-05 23:43:36'),(4445,1,'en','plugins/language/language','edit_tooltip','Edit this language','2023-03-05 23:43:36','2023-03-05 23:43:36'),(4446,1,'en','plugins/language/language','delete','Delete','2023-03-05 23:43:36','2023-03-05 23:43:36'),(4447,1,'en','plugins/language/language','delete_tooltip','Delete this language and all its associated data','2023-03-05 23:43:36','2023-03-05 23:43:36'),(4448,1,'en','plugins/language/language','choose_default_language','Choose :language as default language','2023-03-05 23:43:36','2023-03-05 23:43:36'),(4449,1,'en','plugins/language/language','current_language','Current record\'s language','2023-03-05 23:43:36','2023-03-05 23:43:36'),(4450,1,'en','plugins/language/language','edit_related','Edit related language for this record','2023-03-05 23:43:36','2023-03-05 23:43:36'),(4451,1,'en','plugins/language/language','add_language_for_item','Add other language version for this record','2023-03-05 23:43:36','2023-03-05 23:43:36'),(4452,1,'en','plugins/language/language','settings','Settings','2023-03-05 23:43:36','2023-03-05 23:43:36'),(4453,1,'en','plugins/language/language','language_hide_default','Hide default language from URL?','2023-03-05 23:43:36','2023-03-05 23:43:36'),(4454,1,'en','plugins/language/language','language_display_flag_only','Flag only','2023-03-05 23:43:36','2023-03-05 23:43:36'),(4455,1,'en','plugins/language/language','language_display_name_only','Name only','2023-03-05 23:43:36','2023-03-05 23:43:36'),(4456,1,'en','plugins/language/language','language_display_all','Display all flag and name','2023-03-05 23:43:36','2023-03-05 23:43:36'),(4457,1,'en','plugins/language/language','language_display','Language display','2023-03-05 23:43:36','2023-03-05 23:43:36'),(4458,1,'en','plugins/language/language','switcher_display','Switcher language display','2023-03-05 23:43:36','2023-03-05 23:43:36'),(4459,1,'en','plugins/language/language','language_switcher_display_dropdown','Dropdown','2023-03-05 23:43:36','2023-03-05 23:43:36'),(4460,1,'en','plugins/language/language','language_switcher_display_list','List','2023-03-05 23:43:36','2023-03-05 23:43:36'),(4461,1,'en','plugins/language/language','current_language_edit_notification','You are editing \"<strong class=\"current_language_text\">:language</strong>\" version','2023-03-05 23:43:36','2023-03-05 23:43:36'),(4462,1,'en','plugins/language/language','confirm-change-language','Confirm change language','2023-03-05 23:43:36','2023-03-05 23:43:36'),(4463,1,'en','plugins/language/language','confirm-change-language-message','Do you really want to change language to \"<strong class=\"change_to_language_text\"></strong>\" ? This action will be override \"<strong class=\"change_to_language_text\"></strong>\" version if it\'s existed!','2023-03-05 23:43:36','2023-03-05 23:43:36'),(4464,1,'en','plugins/language/language','confirm-change-language-btn','Confirm change','2023-03-05 23:43:36','2023-03-05 23:43:36'),(4465,1,'en','plugins/language/language','hide_languages','Hide languages','2023-03-05 23:43:36','2023-03-05 23:43:36'),(4466,1,'en','plugins/language/language','hide_languages_description','You can completely hide content in specific languages from visitors and search engines, but still view it yourself. This allows reviewing translations that are in progress.','2023-03-05 23:43:36','2023-03-05 23:43:36'),(4467,1,'en','plugins/language/language','hide_languages_helper_display_hidden','{0} All languages are currently displayed.|{1} :language is currently hidden to visitors.|[2, Inf] :language are currently hidden to visitors.','2023-03-05 23:43:36','2023-03-05 23:43:36'),(4468,1,'en','plugins/language/language','show_all','Show all','2023-03-05 23:43:36','2023-03-05 23:43:36'),(4469,1,'en','plugins/language/language','change_language','Language','2023-03-05 23:43:36','2023-03-05 23:43:36'),(4470,1,'en','plugins/language/language','language_show_default_item_if_current_version_not_existed','Show item in default language if it is not existed in current language','2023-03-05 23:43:36','2023-03-05 23:43:36'),(4471,1,'en','plugins/language/language','select_flag','Select a flag...','2023-03-05 23:43:36','2023-03-05 23:43:36'),(4472,1,'en','plugins/language/language','delete_confirmation_message','Do you really want to delete this language? It also deletes all items in this language and cannot rollback!','2023-03-05 23:43:36','2023-03-05 23:43:36'),(4473,1,'en','plugins/language/language','added_already','This language was added already!','2023-03-05 23:43:36','2023-03-05 23:43:36'),(4474,1,'en','plugins/language/language','language_auto_detect_user_language','Auto detect user language?','2023-03-05 23:43:36','2023-03-05 23:43:36'),(4525,1,'en','plugins/location/bulk-import','name','Bulk Import','2023-03-05 23:43:36','2023-03-05 23:43:36'),(4526,1,'en','plugins/location/bulk-import','loading_text','Importing','2023-03-05 23:43:36','2023-03-05 23:43:36'),(4527,1,'en','plugins/location/bulk-import','imported_successfully','Imported successfully.','2023-03-05 23:43:36','2023-03-05 23:43:36'),(4528,1,'en','plugins/location/bulk-import','please_choose_the_file_mime','Please choose the file mime :types','2023-03-05 23:43:36','2023-03-05 23:43:36'),(4529,1,'en','plugins/location/bulk-import','please_choose_the_file','Please choose the file','2023-03-05 23:43:36','2023-03-05 23:43:36'),(4530,1,'en','plugins/location/bulk-import','start_import','Start Import','2023-03-05 23:43:36','2023-03-05 23:43:36'),(4531,1,'en','plugins/location/bulk-import','note','Note!','2023-03-05 23:43:36','2023-03-05 23:43:36'),(4532,1,'en','plugins/location/bulk-import','warning_before_importing','If this is your first time using this feature, please read the documentation or contact the Administrator for access to the correct functionality!','2023-03-05 23:43:36','2023-03-05 23:43:36'),(4533,1,'en','plugins/location/bulk-import','results','Result: :success successes, :failed failures','2023-03-05 23:43:36','2023-03-05 23:43:36'),(4534,1,'en','plugins/location/bulk-import','failures','Failures','2023-03-05 23:43:36','2023-03-05 23:43:36'),(4535,1,'en','plugins/location/bulk-import','tables.import','Import','2023-03-05 23:43:36','2023-03-05 23:43:36'),(4536,1,'en','plugins/location/bulk-import','template','Template','2023-03-05 23:43:36','2023-03-05 23:43:36'),(4537,1,'en','plugins/location/bulk-import','rules','Rules','2023-03-05 23:43:36','2023-03-05 23:43:36'),(4538,1,'en','plugins/location/bulk-import','choose_file_with_mime','Choose file with mime: (:types)','2023-03-05 23:43:36','2023-03-05 23:43:36'),(4539,1,'en','plugins/location/bulk-import','choose_file','Choose file','2023-03-05 23:43:36','2023-03-05 23:43:36'),(4540,1,'en','plugins/location/bulk-import','menu','Import locations','2023-03-05 23:43:36','2023-03-05 23:43:36'),(4541,1,'en','plugins/location/bulk-import','download-csv-file','Download CSV template','2023-03-05 23:43:36','2023-03-05 23:43:36'),(4542,1,'en','plugins/location/bulk-import','download-excel-file','Download Excel template','2023-03-05 23:43:36','2023-03-05 23:43:36'),(4543,1,'en','plugins/location/bulk-import','downloading','Downloading...','2023-03-05 23:43:36','2023-03-05 23:43:36'),(4544,1,'en','plugins/location/bulk-import','export.template.input_error','Input error','2023-03-05 23:43:36','2023-03-05 23:43:36'),(4545,1,'en','plugins/location/bulk-import','export.template.number_not_allowed','Number is not allowed!','2023-03-05 23:43:36','2023-03-05 23:43:36'),(4546,1,'en','plugins/location/bulk-import','export.template.allowed_input','Allowed input','2023-03-05 23:43:36','2023-03-05 23:43:36'),(4547,1,'en','plugins/location/bulk-import','export.template.prompt_decimal','Only numbers or decimals are accepted and greater than or equal to :min.','2023-03-05 23:43:36','2023-03-05 23:43:36'),(4548,1,'en','plugins/location/bulk-import','export.template.prompt_whole_number','Only numbers are accepted and greater than or equal to :min.','2023-03-05 23:43:36','2023-03-05 23:43:36'),(4549,1,'en','plugins/location/bulk-import','export.template.prompt_list','Please pick a value from the drop-down list.','2023-03-05 23:43:36','2023-03-05 23:43:36'),(4550,1,'en','plugins/location/bulk-import','export.template.pick_from_list','Pick from list','2023-03-05 23:43:36','2023-03-05 23:43:36'),(4551,1,'en','plugins/location/bulk-import','export.template.value_not_in_list','Value is not in list.','2023-03-05 23:43:36','2023-03-05 23:43:36'),(4552,1,'en','plugins/location/bulk-import','export.template.max_text_length','Max text length','2023-03-05 23:43:36','2023-03-05 23:43:36'),(4553,1,'en','plugins/location/bulk-import','export.template.prompt_max_text_length','Only accept text with length less than or equal to :max.','2023-03-05 23:43:36','2023-03-05 23:43:36'),(4554,1,'en','plugins/location/bulk-import','import_failed_description','Import failed, please check the errors below!','2023-03-05 23:43:36','2023-03-05 23:43:36'),(4555,1,'en','plugins/location/bulk-import','available_enable_multi_language','Only available when you enable \"Is Multi Language?\"','2023-03-05 23:43:36','2023-03-05 23:43:36'),(4556,1,'en','plugins/location/bulk-import','import_type_required_if','The :attribute field is required when \"Import Type\" is :value.','2023-03-05 23:43:36','2023-03-05 23:43:36'),(4557,1,'en','plugins/location/bulk-import','import_available_data','Import available data','2023-03-05 23:43:36','2023-03-05 23:43:36'),(4558,1,'en','plugins/location/bulk-import','import','Import','2023-03-05 23:43:36','2023-03-05 23:43:36'),(4559,1,'en','plugins/location/bulk-import','import_available_data_confirmation','Import available data confirmation','2023-03-05 23:43:36','2023-03-05 23:43:36'),(4560,1,'en','plugins/location/bulk-import','import_available_data_confirmation_content','Do you really want to import states/cities for this country?','2023-03-05 23:43:36','2023-03-05 23:43:36'),(4561,1,'en','plugins/location/city','name','Cities','2023-03-05 23:43:36','2023-03-05 23:43:36'),(4562,1,'en','plugins/location/city','create','New city','2023-03-05 23:43:36','2023-03-05 23:43:36'),(4563,1,'en','plugins/location/city','edit','Edit city','2023-03-05 23:43:36','2023-03-05 23:43:36'),(4564,1,'en','plugins/location/city','state','State','2023-03-05 23:43:36','2023-03-05 23:43:36'),(4565,1,'en','plugins/location/city','select_state','Select state...','2023-03-05 23:43:36','2023-03-05 23:43:36'),(4566,1,'en','plugins/location/city','select_city','Select city...','2023-03-05 23:43:36','2023-03-05 23:43:36'),(4567,1,'en','plugins/location/city','country','Country','2023-03-05 23:43:36','2023-03-05 23:43:36'),(4568,1,'en','plugins/location/city','select_country','Select country...','2023-03-05 23:43:36','2023-03-05 23:43:36'),(4569,1,'en','plugins/location/city','city','City','2023-03-05 23:43:36','2023-03-05 23:43:36'),(4570,1,'en','plugins/location/country','name','Countries','2023-03-05 23:43:36','2023-03-05 23:43:36'),(4571,1,'en','plugins/location/country','create','New country','2023-03-05 23:43:36','2023-03-05 23:43:36'),(4572,1,'en','plugins/location/country','edit','Edit country','2023-03-05 23:43:36','2023-03-05 23:43:36'),(4573,1,'en','plugins/location/country','nationality','Nationality','2023-03-05 23:43:36','2023-03-05 23:43:36'),(4574,1,'en','plugins/location/country','code','Country ISO code','2023-03-05 23:43:36','2023-03-05 23:43:36'),(4575,1,'en','plugins/location/country','code_placeholder','ISO country code, uppercase. Ex: US.','2023-03-05 23:43:36','2023-03-05 23:43:36'),(4576,1,'en','plugins/location/country','code_helper','Find country ISO code from here: https://en.wikipedia.org/wiki/List_of_ISO_3166_country_codes','2023-03-05 23:43:36','2023-03-05 23:43:36'),(4577,1,'en','plugins/location/location','name','Locations','2023-03-05 23:43:36','2023-03-05 23:43:36'),(4578,1,'en','plugins/location/location','create','New location','2023-03-05 23:43:36','2023-03-05 23:43:36'),(4579,1,'en','plugins/location/location','edit','Edit location','2023-03-05 23:43:36','2023-03-05 23:43:36'),(4580,1,'en','plugins/location/location','all_states','All states','2023-03-05 23:43:36','2023-03-05 23:43:36'),(4581,1,'en','plugins/location/location','abbreviation','Abbreviation','2023-03-05 23:43:36','2023-03-05 23:43:36'),(4582,1,'en','plugins/location/location','abbreviation_placeholder','E.g: CA','2023-03-05 23:43:36','2023-03-05 23:43:36'),(4583,1,'en','plugins/location/location','exporting','Exporting','2023-03-05 23:43:36','2023-03-05 23:43:36'),(4584,1,'en','plugins/location/location','total_country','Total countries','2023-03-05 23:43:37','2023-03-05 23:43:37'),(4585,1,'en','plugins/location/location','total_state','Total states','2023-03-05 23:43:37','2023-03-05 23:43:37'),(4586,1,'en','plugins/location/location','total_city','Total cities','2023-03-05 23:43:37','2023-03-05 23:43:37'),(4587,1,'en','plugins/location/location','export_location','Export location','2023-03-05 23:43:37','2023-03-05 23:43:37'),(4588,1,'en','plugins/location/location','start_export','Start exporting','2023-03-05 23:43:37','2023-03-05 23:43:37'),(4589,1,'en','plugins/location/state','name','States','2023-03-05 23:43:37','2023-03-05 23:43:37'),(4590,1,'en','plugins/location/state','create','New state','2023-03-05 23:43:37','2023-03-05 23:43:37'),(4591,1,'en','plugins/location/state','edit','Edit state','2023-03-05 23:43:37','2023-03-05 23:43:37'),(4592,1,'en','plugins/location/state','country','Country','2023-03-05 23:43:37','2023-03-05 23:43:37'),(4593,1,'en','plugins/location/state','select_country','Select a country...','2023-03-05 23:43:37','2023-03-05 23:43:37'),(4594,1,'en','plugins/location/state','state','State','2023-03-05 23:43:37','2023-03-05 23:43:37'),(4618,1,'en','plugins/marketplace/marketplace','name','Marketplace','2023-03-05 23:43:37','2023-03-05 23:43:37'),(4619,1,'en','plugins/marketplace/marketplace','email.store_new_order_title','Notice about new order','2023-03-05 23:43:37','2023-03-05 23:43:37'),(4620,1,'en','plugins/marketplace/marketplace','email.store_new_order_description','Send email to the store owner when an order placed','2023-03-05 23:43:37','2023-03-05 23:43:37'),(4621,1,'en','plugins/marketplace/marketplace','email.verify_vendor_title','Verify vendor','2023-03-05 23:43:37','2023-03-05 23:43:37'),(4622,1,'en','plugins/marketplace/marketplace','email.verify_vendor_description','Send email to the admin when a vendor registers','2023-03-05 23:43:37','2023-03-05 23:43:37'),(4623,1,'en','plugins/marketplace/marketplace','email.pending_product_approval_title','Pending product approval','2023-03-05 23:43:37','2023-03-05 23:43:37'),(4624,1,'en','plugins/marketplace/marketplace','email.pending_product_approval_description','Send email to the admin when a vendor post their products','2023-03-05 23:43:37','2023-03-05 23:43:37'),(4625,1,'en','plugins/marketplace/marketplace','email.vendor_account_approved_title','Vendor account approved','2023-03-05 23:43:37','2023-03-05 23:43:37'),(4626,1,'en','plugins/marketplace/marketplace','email.vendor_account_approved_description','Send email to vendor when their account approved','2023-03-05 23:43:37','2023-03-05 23:43:37'),(4627,1,'en','plugins/marketplace/marketplace','email.product_approved_title','Product approved','2023-03-05 23:43:37','2023-03-05 23:43:37'),(4628,1,'en','plugins/marketplace/marketplace','email.product_approved_description','Send email to vendor when their product approved','2023-03-05 23:43:37','2023-03-05 23:43:37'),(4629,1,'en','plugins/marketplace/marketplace','email.withdrawal_approved_title','Withdrawal approved','2023-03-05 23:43:37','2023-03-05 23:43:37'),(4630,1,'en','plugins/marketplace/marketplace','email.withdrawal_approved_description','Send email to vendor when their withdrawal request approved','2023-03-05 23:43:37','2023-03-05 23:43:37'),(4631,1,'en','plugins/marketplace/marketplace','current_balance','Current balance','2023-03-05 23:43:37','2023-03-05 23:43:37'),(4632,1,'en','plugins/marketplace/marketplace','settings.name','Settings','2023-03-05 23:43:37','2023-03-05 23:43:37'),(4633,1,'en','plugins/marketplace/marketplace','settings.title','Settings for marketplace','2023-03-05 23:43:37','2023-03-05 23:43:37'),(4634,1,'en','plugins/marketplace/marketplace','settings.description','Setup commission fee','2023-03-05 23:43:37','2023-03-05 23:43:37'),(4635,1,'en','plugins/marketplace/marketplace','settings.fee_per_order','Fee per fee (%), suggest: 2 or 3','2023-03-05 23:43:37','2023-03-05 23:43:37'),(4636,1,'en','plugins/marketplace/marketplace','settings.default_commission_fee','Default commission fee (%), suggest: 2 or 3','2023-03-05 23:43:37','2023-03-05 23:43:37'),(4637,1,'en','plugins/marketplace/marketplace','settings.enable_commission_fee_for_each_category','Enable commission fee for each category?','2023-03-05 23:43:37','2023-03-05 23:43:37'),(4638,1,'en','plugins/marketplace/marketplace','settings.categories','Categories','2023-03-05 23:43:37','2023-03-05 23:43:37'),(4639,1,'en','plugins/marketplace/marketplace','settings.select_categories','Select categories..','2023-03-05 23:43:37','2023-03-05 23:43:37'),(4640,1,'en','plugins/marketplace/marketplace','settings.commission_fee','Commission fee (%)','2023-03-05 23:43:37','2023-03-05 23:43:37'),(4641,1,'en','plugins/marketplace/marketplace','settings.commission_fee_by_category','Commission fee by category (%)','2023-03-05 23:43:37','2023-03-05 23:43:37'),(4642,1,'en','plugins/marketplace/marketplace','settings.fee_withdrawal','Fee withdrawal (Fixed amount)','2023-03-05 23:43:37','2023-03-05 23:43:37'),(4643,1,'en','plugins/marketplace/marketplace','settings.check_valid_signature','Check valid signature in vendor\'s earnings','2023-03-05 23:43:37','2023-03-05 23:43:37'),(4644,1,'en','plugins/marketplace/marketplace','settings.verify_vendor','Vendor verification (Vendor just can post their product listing after getting verified)','2023-03-05 23:43:37','2023-03-05 23:43:37'),(4645,1,'en','plugins/marketplace/marketplace','settings.enable_product_approval','Enable product approval','2023-03-05 23:43:37','2023-03-05 23:43:37'),(4646,1,'en','plugins/marketplace/marketplace','settings.hide_store_phone_number','Hide store phone number?','2023-03-05 23:43:37','2023-03-05 23:43:37'),(4647,1,'en','plugins/marketplace/marketplace','settings.hide_store_email','Hide store email?','2023-03-05 23:43:37','2023-03-05 23:43:37'),(4648,1,'en','plugins/marketplace/marketplace','settings.allow_vendor_manage_shipping','Allow vendor manage shipping?','2023-03-05 23:43:37','2023-03-05 23:43:37'),(4649,1,'en','plugins/marketplace/marketplace','settings.commission_fee_each_category_fee_name','Commission fee of commission setting :key','2023-03-05 23:43:37','2023-03-05 23:43:37'),(4650,1,'en','plugins/marketplace/marketplace','settings.commission_fee_each_category_name','Categories of commission setting :key','2023-03-05 23:43:37','2023-03-05 23:43:37'),(4651,1,'en','plugins/marketplace/marketplace','settings.add_new','Add new','2023-03-05 23:43:37','2023-03-05 23:43:37'),(4652,1,'en','plugins/marketplace/marketplace','theme_options.name','Marketplace','2023-03-05 23:43:37','2023-03-05 23:43:37'),(4653,1,'en','plugins/marketplace/marketplace','theme_options.description','Theme options for Marketplace','2023-03-05 23:43:37','2023-03-05 23:43:37'),(4654,1,'en','plugins/marketplace/marketplace','theme_options.logo_vendor_dashboard','Logo in the vendor dashboard (Default is the main logo)','2023-03-05 23:43:37','2023-03-05 23:43:37'),(4655,1,'en','plugins/marketplace/marketplace','store_name','Store name','2023-03-05 23:43:37','2023-03-05 23:43:37'),(4656,1,'en','plugins/marketplace/marketplace','store_email','Store email','2023-03-05 23:43:37','2023-03-05 23:43:37'),(4657,1,'en','plugins/marketplace/marketplace','store_phone','Store phone','2023-03-05 23:43:37','2023-03-05 23:43:37'),(4658,1,'en','plugins/marketplace/marketplace','product_name','Product name','2023-03-05 23:43:37','2023-03-05 23:43:37'),(4659,1,'en','plugins/marketplace/marketplace','product_url','Product URL','2023-03-05 23:43:37','2023-03-05 23:43:37'),(4660,1,'en','plugins/marketplace/marketplace','withdrawal_amount','Withdrawal amount','2023-03-05 23:43:37','2023-03-05 23:43:37'),(4661,1,'en','plugins/marketplace/marketplace','helpers.customer_status','If you change the status other than \":status\" this vendor\'s store will also change to \":store\"','2023-03-05 23:43:37','2023-03-05 23:43:37'),(4662,1,'en','plugins/marketplace/marketplace','helpers.store_status','If you change the status other than \":status\" this store\'s account will also change to \":customer\"','2023-03-05 23:43:37','2023-03-05 23:43:37'),(4663,1,'en','plugins/marketplace/marketplace','tables.earnings','Earnings','2023-03-05 23:43:37','2023-03-05 23:43:37'),(4664,1,'en','plugins/marketplace/marketplace','tables.products_count','Products Count','2023-03-05 23:43:37','2023-03-05 23:43:37'),(4665,1,'en','plugins/marketplace/marketplace','vendors','Vendors','2023-03-05 23:43:37','2023-03-05 23:43:37'),(4666,1,'en','plugins/marketplace/marketplace','payout_payment_methods.bank_transfer','Bank Transfer','2023-03-05 23:43:37','2023-03-05 23:43:37'),(4667,1,'en','plugins/marketplace/marketplace','payout_payment_methods.paypal','PayPal','2023-03-05 23:43:37','2023-03-05 23:43:37'),(4668,1,'en','plugins/marketplace/order','shipping_method_required','Shipping method for \":name\" store order is required.','2023-03-05 23:43:37','2023-03-05 23:43:37'),(4669,1,'en','plugins/marketplace/order','shipping_method_in','Shipping method for \":name\" store order is invalid.','2023-03-05 23:43:37','2023-03-05 23:43:37'),(4670,1,'en','plugins/marketplace/order','shipping_option_required','Shipping option for \":name\" store order is required.','2023-03-05 23:43:37','2023-03-05 23:43:37'),(4671,1,'en','plugins/marketplace/order','refund.insufficient_balance','Balance of vendor is not enough to refund order, balance: :balance','2023-03-05 23:43:37','2023-03-05 23:43:37'),(4672,1,'en','plugins/marketplace/order','refund.description','Refunded from the order #:order','2023-03-05 23:43:37','2023-03-05 23:43:37'),(4673,1,'en','plugins/marketplace/order','products_are_from_different_vendors','Cannot create order! Products are from different vendors.','2023-03-05 23:43:37','2023-03-05 23:43:37'),(4674,1,'en','plugins/marketplace/order','return.description','Returned from the order #:order','2023-03-05 23:43:37','2023-03-05 23:43:37'),(4675,1,'en','plugins/marketplace/revenue','edit','Update wallet balance','2023-03-05 23:43:37','2023-03-05 23:43:37'),(4676,1,'en','plugins/marketplace/revenue','view_store','View store \":store\"','2023-03-05 23:43:37','2023-03-05 23:43:37'),(4677,1,'en','plugins/marketplace/revenue','forms.description_placeholder','Update the exact amount with order #__ORDER_ID__ with reason: __REASON__','2023-03-05 23:43:37','2023-03-05 23:43:37'),(4678,1,'en','plugins/marketplace/revenue','forms.amount','Amount','2023-03-05 23:43:37','2023-03-05 23:43:37'),(4679,1,'en','plugins/marketplace/revenue','forms.amount_placeholder','Enter Amount','2023-03-05 23:43:37','2023-03-05 23:43:37'),(4680,1,'en','plugins/marketplace/revenue','forms.type','Type','2023-03-05 23:43:37','2023-03-05 23:43:37'),(4681,1,'en','plugins/marketplace/revenue','forms.created_by','Created By','2023-03-05 23:43:37','2023-03-05 23:43:37'),(4682,1,'en','plugins/marketplace/revenue','types.add-amount','Add Amount','2023-03-05 23:43:37','2023-03-05 23:43:37'),(4683,1,'en','plugins/marketplace/revenue','types.subtract-amount','Subtract Amount','2023-03-05 23:43:37','2023-03-05 23:43:37'),(4684,1,'en','plugins/marketplace/revenue','types.order-return','Order Return','2023-03-05 23:43:37','2023-03-05 23:43:37'),(4685,1,'en','plugins/marketplace/revenue','store_name','Store Name','2023-03-05 23:43:37','2023-03-05 23:43:37'),(4686,1,'en','plugins/marketplace/revenue','vendor_name','Vendor Name','2023-03-05 23:43:37','2023-03-05 23:43:37'),(4687,1,'en','plugins/marketplace/revenue','balance','Balance','2023-03-05 23:43:37','2023-03-05 23:43:37'),(4688,1,'en','plugins/marketplace/revenue','store_information','Store information','2023-03-05 23:43:37','2023-03-05 23:43:37'),(4689,1,'en','plugins/marketplace/revenue','update_balance','Adjust Balance','2023-03-05 23:43:37','2023-03-05 23:43:37'),(4690,1,'en','plugins/marketplace/revenue','update_balance_title','Add/Subtract amount of vendor','2023-03-05 23:43:37','2023-03-05 23:43:37'),(4691,1,'en','plugins/marketplace/revenue','statements','Statements','2023-03-05 23:43:37','2023-03-05 23:43:37'),(4692,1,'en','plugins/marketplace/revenue','products','Products','2023-03-05 23:43:37','2023-03-05 23:43:37'),(4693,1,'en','plugins/marketplace/store','name','Stores','2023-03-05 23:43:37','2023-03-05 23:43:37'),(4694,1,'en','plugins/marketplace/store','create','New store','2023-03-05 23:43:37','2023-03-05 23:43:37'),(4695,1,'en','plugins/marketplace/store','edit','Edit store','2023-03-05 23:43:37','2023-03-05 23:43:37'),(4696,1,'en','plugins/marketplace/store','view','View','2023-03-05 23:43:37','2023-03-05 23:43:37'),(4697,1,'en','plugins/marketplace/store','forms.logo','Logo','2023-03-05 23:43:37','2023-03-05 23:43:37'),(4698,1,'en','plugins/marketplace/store','forms.email','Email','2023-03-05 23:43:37','2023-03-05 23:43:37'),(4699,1,'en','plugins/marketplace/store','forms.email_placeholder','Ex: name@store.com','2023-03-05 23:43:37','2023-03-05 23:43:37'),(4700,1,'en','plugins/marketplace/store','forms.phone','Phone','2023-03-05 23:43:37','2023-03-05 23:43:37'),(4701,1,'en','plugins/marketplace/store','forms.phone_placeholder','Phone','2023-03-05 23:43:37','2023-03-05 23:43:37'),(4702,1,'en','plugins/marketplace/store','forms.address','Address','2023-03-05 23:43:37','2023-03-05 23:43:37'),(4703,1,'en','plugins/marketplace/store','forms.address_placeholder','Address','2023-03-05 23:43:37','2023-03-05 23:43:37'),(4704,1,'en','plugins/marketplace/store','forms.city','City','2023-03-05 23:43:37','2023-03-05 23:43:37'),(4705,1,'en','plugins/marketplace/store','forms.city_placeholder','City','2023-03-05 23:43:37','2023-03-05 23:43:37'),(4706,1,'en','plugins/marketplace/store','forms.state','State','2023-03-05 23:43:37','2023-03-05 23:43:37'),(4707,1,'en','plugins/marketplace/store','forms.state_placeholder','State','2023-03-05 23:43:37','2023-03-05 23:43:37'),(4708,1,'en','plugins/marketplace/store','forms.country','Country','2023-03-05 23:43:37','2023-03-05 23:43:37'),(4709,1,'en','plugins/marketplace/store','forms.country_placeholder','Country','2023-03-05 23:43:37','2023-03-05 23:43:37'),(4710,1,'en','plugins/marketplace/store','forms.store_owner','Store owner','2023-03-05 23:43:37','2023-03-05 23:43:37'),(4711,1,'en','plugins/marketplace/store','forms.select_store_owner','Select a store owner...','2023-03-05 23:43:37','2023-03-05 23:43:37'),(4712,1,'en','plugins/marketplace/store','forms.store','Store','2023-03-05 23:43:37','2023-03-05 23:43:37'),(4713,1,'en','plugins/marketplace/store','forms.select_store','Select a store...','2023-03-05 23:43:37','2023-03-05 23:43:37'),(4714,1,'en','plugins/marketplace/store','forms.is_vendor','Is vendor?','2023-03-05 23:43:37','2023-03-05 23:43:37'),(4715,1,'en','plugins/marketplace/store','forms.company','Company','2023-03-05 23:43:37','2023-03-05 23:43:37'),(4716,1,'en','plugins/marketplace/store','forms.company_placeholder','Company','2023-03-05 23:43:38','2023-03-05 23:43:38'),(4717,1,'en','plugins/marketplace/store','forms.zip_code','Zip Code','2023-03-05 23:43:38','2023-03-05 23:43:38'),(4718,1,'en','plugins/marketplace/store','forms.zip_code_placeholder','Zip Code','2023-03-05 23:43:38','2023-03-05 23:43:38'),(4719,1,'en','plugins/marketplace/store','store','Store','2023-03-05 23:43:38','2023-03-05 23:43:38'),(4720,1,'en','plugins/marketplace/store','store_name','Store name','2023-03-05 23:43:38','2023-03-05 23:43:38'),(4721,1,'en','plugins/marketplace/store','store_phone','Store phone','2023-03-05 23:43:38','2023-03-05 23:43:38'),(4722,1,'en','plugins/marketplace/store','store_link','Store link','2023-03-05 23:43:38','2023-03-05 23:43:38'),(4723,1,'en','plugins/marketplace/store','product_approval_notification','This product was created by :vendor. It needs to be approved to be shown on your website. :approve_link','2023-03-05 23:43:38','2023-03-05 23:43:38'),(4724,1,'en','plugins/marketplace/store','approve_here','Approve it here.','2023-03-05 23:43:38','2023-03-05 23:43:38'),(4725,1,'en','plugins/marketplace/store','approve_product_confirmation','Approve product confirmation','2023-03-05 23:43:38','2023-03-05 23:43:38'),(4726,1,'en','plugins/marketplace/store','approve_product_confirmation_description','Are you sure you really want to approve this product from :vendor?','2023-03-05 23:43:38','2023-03-05 23:43:38'),(4727,1,'en','plugins/marketplace/store','approve','Approve','2023-03-05 23:43:38','2023-03-05 23:43:38'),(4728,1,'en','plugins/marketplace/store','approve_product_success','Approved product successfully','2023-03-05 23:43:38','2023-03-05 23:43:38'),(4729,1,'en','plugins/marketplace/store','product_approved_notification','This product was created by :vendor. Approved by :user.','2023-03-05 23:43:38','2023-03-05 23:43:38'),(4730,1,'en','plugins/marketplace/store','information','Store information','2023-03-05 23:43:38','2023-03-05 23:43:38'),(4731,1,'en','plugins/marketplace/store','vendor_information','Vendor information','2023-03-05 23:43:38','2023-03-05 23:43:38'),(4732,1,'en','plugins/marketplace/store','vendor_name','Name','2023-03-05 23:43:38','2023-03-05 23:43:38'),(4733,1,'en','plugins/marketplace/store','withdrawal_approval_notification','This withdrawal request has been created by :vendor. Their current balance is :balance.','2023-03-05 23:43:38','2023-03-05 23:43:38'),(4734,1,'en','plugins/marketplace/unverified-vendor','name','Unverified vendors','2023-03-05 23:43:38','2023-03-05 23:43:38'),(4735,1,'en','plugins/marketplace/unverified-vendor','verify','Verify vendor \":name\"','2023-03-05 23:43:38','2023-03-05 23:43:38'),(4736,1,'en','plugins/marketplace/unverified-vendor','forms.email','Email','2023-03-05 23:43:38','2023-03-05 23:43:38'),(4737,1,'en','plugins/marketplace/unverified-vendor','forms.store_name','Store name','2023-03-05 23:43:38','2023-03-05 23:43:38'),(4738,1,'en','plugins/marketplace/unverified-vendor','forms.store_phone','Store phone','2023-03-05 23:43:38','2023-03-05 23:43:38'),(4739,1,'en','plugins/marketplace/unverified-vendor','forms.vendor_phone','Phone','2023-03-05 23:43:38','2023-03-05 23:43:38'),(4740,1,'en','plugins/marketplace/unverified-vendor','forms.verify_vendor','Verify vendor','2023-03-05 23:43:38','2023-03-05 23:43:38'),(4741,1,'en','plugins/marketplace/unverified-vendor','forms.registered_at','Registered At','2023-03-05 23:43:38','2023-03-05 23:43:38'),(4742,1,'en','plugins/marketplace/unverified-vendor','approve','Approve','2023-03-05 23:43:38','2023-03-05 23:43:38'),(4743,1,'en','plugins/marketplace/unverified-vendor','approve_vendor_confirmation','Approve vendor confirmation','2023-03-05 23:43:38','2023-03-05 23:43:38'),(4744,1,'en','plugins/marketplace/unverified-vendor','approve_vendor_confirmation_description','Are you sure you really want to approve :vendor for selling on this site?','2023-03-05 23:43:38','2023-03-05 23:43:38'),(4745,1,'en','plugins/marketplace/unverified-vendor','vendor_approval_notification','Do you want to approve this vendor for selling on this site? :approve_link','2023-03-05 23:43:38','2023-03-05 23:43:38'),(4746,1,'en','plugins/marketplace/unverified-vendor','new_vendor_notifications.new_vendor','New vendor','2023-03-05 23:43:38','2023-03-05 23:43:38'),(4747,1,'en','plugins/marketplace/unverified-vendor','new_vendor_notifications.view','View','2023-03-05 23:43:38','2023-03-05 23:43:38'),(4748,1,'en','plugins/marketplace/unverified-vendor','new_vendor_notifications.description',':customer has registered but not verified.','2023-03-05 23:43:38','2023-03-05 23:43:38'),(4749,1,'en','plugins/marketplace/withdrawal','name','Withdrawals','2023-03-05 23:43:38','2023-03-05 23:43:38'),(4750,1,'en','plugins/marketplace/withdrawal','edit','Edit withdrawal','2023-03-05 23:43:38','2023-03-05 23:43:38'),(4751,1,'en','plugins/marketplace/withdrawal','statuses.pending','Pending','2023-03-05 23:43:38','2023-03-05 23:43:38'),(4752,1,'en','plugins/marketplace/withdrawal','statuses.processing','Processing','2023-03-05 23:43:38','2023-03-05 23:43:38'),(4753,1,'en','plugins/marketplace/withdrawal','statuses.completed','Completed','2023-03-05 23:43:38','2023-03-05 23:43:38'),(4754,1,'en','plugins/marketplace/withdrawal','statuses.canceled','Canceled','2023-03-05 23:43:38','2023-03-05 23:43:38'),(4755,1,'en','plugins/marketplace/withdrawal','statuses.refused','Refused','2023-03-05 23:43:38','2023-03-05 23:43:38'),(4756,1,'en','plugins/marketplace/withdrawal','amount','Amount','2023-03-05 23:43:38','2023-03-05 23:43:38'),(4757,1,'en','plugins/marketplace/withdrawal','customer','Customer','2023-03-05 23:43:38','2023-03-05 23:43:38'),(4758,1,'en','plugins/marketplace/withdrawal','vendor','Vendor','2023-03-05 23:43:38','2023-03-05 23:43:38'),(4759,1,'en','plugins/marketplace/withdrawal','currency','Currency','2023-03-05 23:43:38','2023-03-05 23:43:38'),(4760,1,'en','plugins/marketplace/withdrawal','forms.amount','Amount','2023-03-05 23:43:38','2023-03-05 23:43:38'),(4761,1,'en','plugins/marketplace/withdrawal','forms.amount_placeholder','Amount you want to withdrawal','2023-03-05 23:43:38','2023-03-05 23:43:38'),(4762,1,'en','plugins/marketplace/withdrawal','forms.fee','Fee','2023-03-05 23:43:38','2023-03-05 23:43:38'),(4763,1,'en','plugins/marketplace/withdrawal','forms.fee_helper','You have to pay a fee when withdrawing: :fee','2023-03-05 23:43:38','2023-03-05 23:43:38'),(4764,1,'en','plugins/marketplace/withdrawal','forms.pending_status_helper','To complete withdrawal, please update status as processing then completed','2023-03-05 23:43:38','2023-03-05 23:43:38'),(4765,1,'en','plugins/marketplace/withdrawal','forms.payment_channel','Payment Channel','2023-03-05 23:43:38','2023-03-05 23:43:38'),(4766,1,'en','plugins/marketplace/withdrawal','forms.payment_channel_placeholder','Payment Channel','2023-03-05 23:43:38','2023-03-05 23:43:38'),(4767,1,'en','plugins/marketplace/withdrawal','forms.transaction_id','Transaction ID','2023-03-05 23:43:38','2023-03-05 23:43:38'),(4768,1,'en','plugins/marketplace/withdrawal','forms.transaction_id_placeholder','Transaction ID','2023-03-05 23:43:38','2023-03-05 23:43:38'),(4769,1,'en','plugins/marketplace/withdrawal','forms.amount_with_balance','Amount (balance: :balance)','2023-03-05 23:43:38','2023-03-05 23:43:38'),(4770,1,'en','plugins/marketplace/withdrawal','new_withdrawal_request_notifications.new_withdrawal_request','New withdrawal request','2023-03-05 23:43:38','2023-03-05 23:43:38'),(4771,1,'en','plugins/marketplace/withdrawal','new_withdrawal_request_notifications.view','View','2023-03-05 23:43:38','2023-03-05 23:43:38'),(4772,1,'en','plugins/marketplace/withdrawal','new_withdrawal_request_notifications.description',':customer has requested a withdrawal.','2023-03-05 23:43:38','2023-03-05 23:43:38'),(4773,1,'en','plugins/newsletter/newsletter','name','Newsletters','2023-03-05 23:43:38','2023-03-05 23:43:38'),(4774,1,'en','plugins/newsletter/newsletter','settings.email.templates.title','Newsletter','2023-03-05 23:43:38','2023-03-05 23:43:38'),(4775,1,'en','plugins/newsletter/newsletter','settings.email.templates.description','Config newsletter email templates','2023-03-05 23:43:38','2023-03-05 23:43:38'),(4776,1,'en','plugins/newsletter/newsletter','settings.email.templates.to_admin.title','Email send to admin','2023-03-05 23:43:38','2023-03-05 23:43:38'),(4777,1,'en','plugins/newsletter/newsletter','settings.email.templates.to_admin.description','Template for sending email to admin','2023-03-05 23:43:38','2023-03-05 23:43:38'),(4778,1,'en','plugins/newsletter/newsletter','settings.email.templates.to_user.title','Email send to user','2023-03-05 23:43:38','2023-03-05 23:43:38'),(4779,1,'en','plugins/newsletter/newsletter','settings.email.templates.to_user.description','Template for sending email to subscriber','2023-03-05 23:43:38','2023-03-05 23:43:38'),(4780,1,'en','plugins/newsletter/newsletter','settings.title','Newsletter','2023-03-05 23:43:38','2023-03-05 23:43:38'),(4781,1,'en','plugins/newsletter/newsletter','settings.description','Settings for newsletter (auto send newsletter email to SendGrid, Mailchimp... when someone register newsletter on website).','2023-03-05 23:43:38','2023-03-05 23:43:38'),(4782,1,'en','plugins/newsletter/newsletter','settings.mailchimp_api_key','Mailchimp API Key','2023-03-05 23:43:38','2023-03-05 23:43:38'),(4783,1,'en','plugins/newsletter/newsletter','settings.mailchimp_list_id','Mailchimp List ID','2023-03-05 23:43:38','2023-03-05 23:43:38'),(4784,1,'en','plugins/newsletter/newsletter','settings.mailchimp_list','Mailchimp List','2023-03-05 23:43:38','2023-03-05 23:43:38'),(4785,1,'en','plugins/newsletter/newsletter','settings.sendgrid_api_key','Sendgrid API Key','2023-03-05 23:43:38','2023-03-05 23:43:38'),(4786,1,'en','plugins/newsletter/newsletter','settings.sendgrid_list_id','Sendgrid List ID','2023-03-05 23:43:38','2023-03-05 23:43:38'),(4787,1,'en','plugins/newsletter/newsletter','settings.sendgrid_list','Sendgrid List','2023-03-05 23:43:38','2023-03-05 23:43:38'),(4788,1,'en','plugins/newsletter/newsletter','settings.enable_newsletter_contacts_list_api','Enable newsletter contacts list API?','2023-03-05 23:43:38','2023-03-05 23:43:38'),(4789,1,'en','plugins/newsletter/newsletter','statuses.subscribed','Subscribed','2023-03-05 23:43:38','2023-03-05 23:43:38'),(4790,1,'en','plugins/newsletter/newsletter','statuses.unsubscribed','Unsubscribed','2023-03-05 23:43:38','2023-03-05 23:43:38'),(4800,1,'en','plugins/payment/payment','payments','Payments','2023-03-05 23:43:38','2023-03-05 23:43:38'),(4801,1,'en','plugins/payment/payment','checkout_success','Checkout successfully!','2023-03-05 23:43:38','2023-03-05 23:43:38'),(4802,1,'en','plugins/payment/payment','view_payment','View payment #','2023-03-05 23:43:38','2023-03-05 23:43:38'),(4803,1,'en','plugins/payment/payment','charge_id','Charge ID','2023-03-05 23:43:38','2023-03-05 23:43:38'),(4804,1,'en','plugins/payment/payment','amount','Amount','2023-03-05 23:43:38','2023-03-05 23:43:38'),(4805,1,'en','plugins/payment/payment','currency','Currency','2023-03-05 23:43:38','2023-03-05 23:43:38'),(4806,1,'en','plugins/payment/payment','user','User','2023-03-05 23:43:38','2023-03-05 23:43:38'),(4807,1,'en','plugins/payment/payment','stripe','Stripe','2023-03-05 23:43:38','2023-03-05 23:43:38'),(4808,1,'en','plugins/payment/payment','paypal','PayPal','2023-03-05 23:43:38','2023-03-05 23:43:38'),(4809,1,'en','plugins/payment/payment','action','Action','2023-03-05 23:43:38','2023-03-05 23:43:38'),(4810,1,'en','plugins/payment/payment','payment_via_card','Payment via card','2023-03-05 23:43:38','2023-03-05 23:43:38'),(4811,1,'en','plugins/payment/payment','card_number','Card number','2023-03-05 23:43:38','2023-03-05 23:43:38'),(4812,1,'en','plugins/payment/payment','full_name','Full name','2023-03-05 23:43:38','2023-03-05 23:43:38'),(4813,1,'en','plugins/payment/payment','payment_via_paypal','Fast and safe online payment via PayPal.','2023-03-05 23:43:38','2023-03-05 23:43:38'),(4814,1,'en','plugins/payment/payment','mm_yy','MM/YY','2023-03-05 23:43:38','2023-03-05 23:43:38'),(4815,1,'en','plugins/payment/payment','cvc','CVC','2023-03-05 23:43:38','2023-03-05 23:43:38'),(4816,1,'en','plugins/payment/payment','details','Details','2023-03-05 23:43:38','2023-03-05 23:43:38'),(4817,1,'en','plugins/payment/payment','payer_name','Payer Name','2023-03-05 23:43:38','2023-03-05 23:43:38'),(4818,1,'en','plugins/payment/payment','email','Email','2023-03-05 23:43:38','2023-03-05 23:43:38'),(4819,1,'en','plugins/payment/payment','phone','Phone','2023-03-05 23:43:38','2023-03-05 23:43:38'),(4820,1,'en','plugins/payment/payment','country','Country','2023-03-05 23:43:38','2023-03-05 23:43:38'),(4821,1,'en','plugins/payment/payment','shipping_address','Shipping Address','2023-03-05 23:43:38','2023-03-05 23:43:38'),(4822,1,'en','plugins/payment/payment','payment_details','Payment Details','2023-03-05 23:43:38','2023-03-05 23:43:38'),(4823,1,'en','plugins/payment/payment','card','Card','2023-03-05 23:43:38','2023-03-05 23:43:38'),(4824,1,'en','plugins/payment/payment','address','Address','2023-03-05 23:43:38','2023-03-05 23:43:38'),(4825,1,'en','plugins/payment/payment','could_not_get_stripe_token','Could not get Stripe token to make a charge.','2023-03-05 23:43:38','2023-03-05 23:43:38'),(4826,1,'en','plugins/payment/payment','payment_id','Payment ID','2023-03-05 23:43:38','2023-03-05 23:43:38'),(4827,1,'en','plugins/payment/payment','payment_methods','Payment methods','2023-03-05 23:43:38','2023-03-05 23:43:38'),(4828,1,'en','plugins/payment/payment','transactions','Transactions','2023-03-05 23:43:38','2023-03-05 23:43:38'),(4829,1,'en','plugins/payment/payment','payment_methods_description','Setup payment methods for website','2023-03-05 23:43:38','2023-03-05 23:43:38'),(4830,1,'en','plugins/payment/payment','paypal_description','Customer can buy product and pay directly via PayPal','2023-03-05 23:43:38','2023-03-05 23:43:38'),(4831,1,'en','plugins/payment/payment','use','Use','2023-03-05 23:43:38','2023-03-05 23:43:38'),(4832,1,'en','plugins/payment/payment','stripe_description','Customer can buy product and pay directly using Visa, Credit card via Stripe','2023-03-05 23:43:38','2023-03-05 23:43:38'),(4833,1,'en','plugins/payment/payment','edit','Edit','2023-03-05 23:43:38','2023-03-05 23:43:38'),(4834,1,'en','plugins/payment/payment','settings','Settings','2023-03-05 23:43:38','2023-03-05 23:43:38'),(4835,1,'en','plugins/payment/payment','activate','Activate','2023-03-05 23:43:38','2023-03-05 23:43:38'),(4836,1,'en','plugins/payment/payment','deactivate','Deactivate','2023-03-05 23:43:38','2023-03-05 23:43:38'),(4837,1,'en','plugins/payment/payment','update','Update','2023-03-05 23:43:38','2023-03-05 23:43:38'),(4838,1,'en','plugins/payment/payment','configuration_instruction','Configuration instruction for :name','2023-03-05 23:43:38','2023-03-05 23:43:38'),(4839,1,'en','plugins/payment/payment','configuration_requirement','To use :name, you need','2023-03-05 23:43:38','2023-03-05 23:43:38'),(4840,1,'en','plugins/payment/payment','service_registration','Register with :name','2023-03-05 23:43:38','2023-03-05 23:43:38'),(4841,1,'en','plugins/payment/payment','after_service_registration_msg','After registration at :name, you will have Client ID, Client Secret','2023-03-05 23:43:38','2023-03-05 23:43:38'),(4842,1,'en','plugins/payment/payment','enter_client_id_and_secret','Enter Client ID, Secret into the box in right hand','2023-03-05 23:43:38','2023-03-05 23:43:38'),(4843,1,'en','plugins/payment/payment','method_name','Method name','2023-03-05 23:43:38','2023-03-05 23:43:38'),(4844,1,'en','plugins/payment/payment','please_provide_information','Please provide information','2023-03-05 23:43:39','2023-03-05 23:43:39'),(4845,1,'en','plugins/payment/payment','client_id','Client ID','2023-03-05 23:43:39','2023-03-05 23:43:39'),(4846,1,'en','plugins/payment/payment','client_secret','Client Secret','2023-03-05 23:43:39','2023-03-05 23:43:39'),(4847,1,'en','plugins/payment/payment','secret','Secret','2023-03-05 23:43:39','2023-03-05 23:43:39'),(4848,1,'en','plugins/payment/payment','stripe_key','Stripe Public Key','2023-03-05 23:43:39','2023-03-05 23:43:39'),(4849,1,'en','plugins/payment/payment','stripe_secret','Stripe Private Key','2023-03-05 23:43:39','2023-03-05 23:43:39'),(4850,1,'en','plugins/payment/payment','stripe_after_service_registration_msg','After registration at :name, you will have Public, Secret keys','2023-03-05 23:43:39','2023-03-05 23:43:39'),(4851,1,'en','plugins/payment/payment','stripe_enter_client_id_and_secret','Enter Public, Secret keys into the box in right hand','2023-03-05 23:43:39','2023-03-05 23:43:39'),(4852,1,'en','plugins/payment/payment','pay_online_via','Pay online via :name','2023-03-05 23:43:39','2023-03-05 23:43:39'),(4853,1,'en','plugins/payment/payment','sandbox_mode','Sandbox mode','2023-03-05 23:43:39','2023-03-05 23:43:39'),(4854,1,'en','plugins/payment/payment','deactivate_payment_method','Deactivate payment method','2023-03-05 23:43:39','2023-03-05 23:43:39'),(4855,1,'en','plugins/payment/payment','deactivate_payment_method_description','Do you really want to deactivate this payment method?','2023-03-05 23:43:39','2023-03-05 23:43:39'),(4856,1,'en','plugins/payment/payment','agree','Agree','2023-03-05 23:43:39','2023-03-05 23:43:39'),(4857,1,'en','plugins/payment/payment','name','Payments','2023-03-05 23:43:39','2023-03-05 23:43:39'),(4858,1,'en','plugins/payment/payment','create','New payment','2023-03-05 23:43:39','2023-03-05 23:43:39'),(4859,1,'en','plugins/payment/payment','go_back','Go back','2023-03-05 23:43:39','2023-03-05 23:43:39'),(4860,1,'en','plugins/payment/payment','information','Information','2023-03-05 23:43:39','2023-03-05 23:43:39'),(4861,1,'en','plugins/payment/payment','methods.paypal','PayPal','2023-03-05 23:43:39','2023-03-05 23:43:39'),(4862,1,'en','plugins/payment/payment','methods.cod','Cash on delivery (COD)','2023-03-05 23:43:39','2023-03-05 23:43:39'),(4863,1,'en','plugins/payment/payment','methods.bank_transfer','Bank transfer','2023-03-05 23:43:39','2023-03-05 23:43:39'),(4864,1,'en','plugins/payment/payment','statuses.pending','Pending','2023-03-05 23:43:39','2023-03-05 23:43:39'),(4865,1,'en','plugins/payment/payment','statuses.completed','Completed','2023-03-05 23:43:39','2023-03-05 23:43:39'),(4866,1,'en','plugins/payment/payment','statuses.refunding','Refunding','2023-03-05 23:43:39','2023-03-05 23:43:39'),(4867,1,'en','plugins/payment/payment','statuses.refunded','Refunded','2023-03-05 23:43:39','2023-03-05 23:43:39'),(4868,1,'en','plugins/payment/payment','statuses.fraud','Fraud','2023-03-05 23:43:39','2023-03-05 23:43:39'),(4869,1,'en','plugins/payment/payment','statuses.failed','Failed','2023-03-05 23:43:39','2023-03-05 23:43:39'),(4870,1,'en','plugins/payment/payment','payment_methods_instruction','Guide customers to pay directly. You can choose to pay by delivery or bank transfer','2023-03-05 23:43:39','2023-03-05 23:43:39'),(4871,1,'en','plugins/payment/payment','payment_method_description','Payment guide - (Displayed on the notice of successful purchase and payment page)','2023-03-05 23:43:39','2023-03-05 23:43:39'),(4872,1,'en','plugins/payment/payment','payment_via_cod','Cash on delivery (COD)','2023-03-05 23:43:39','2023-03-05 23:43:39'),(4873,1,'en','plugins/payment/payment','payment_via_bank_transfer','Bank transfer','2023-03-05 23:43:39','2023-03-05 23:43:39'),(4874,1,'en','plugins/payment/payment','payment_pending','Checkout successfully. Your payment is pending and will be checked by our staff.','2023-03-05 23:43:39','2023-03-05 23:43:39'),(4875,1,'en','plugins/payment/payment','created_at','Created At','2023-03-05 23:43:39','2023-03-05 23:43:39'),(4876,1,'en','plugins/payment/payment','payment_channel','Payment Channel','2023-03-05 23:43:39','2023-03-05 23:43:39'),(4877,1,'en','plugins/payment/payment','total','Total','2023-03-05 23:43:39','2023-03-05 23:43:39'),(4878,1,'en','plugins/payment/payment','status','Status','2023-03-05 23:43:39','2023-03-05 23:43:39'),(4879,1,'en','plugins/payment/payment','default_payment_method','Default payment method','2023-03-05 23:43:39','2023-03-05 23:43:39'),(4880,1,'en','plugins/payment/payment','turn_off_success','Turn off payment method successfully!','2023-03-05 23:43:39','2023-03-05 23:43:39'),(4881,1,'en','plugins/payment/payment','saved_payment_method_success','Saved payment method successfully!','2023-03-05 23:43:39','2023-03-05 23:43:39'),(4882,1,'en','plugins/payment/payment','saved_payment_settings_success','Saved payment settings successfully!','2023-03-05 23:43:39','2023-03-05 23:43:39'),(4883,1,'en','plugins/payment/payment','payment_name','Name','2023-03-05 23:43:39','2023-03-05 23:43:39'),(4884,1,'en','plugins/payment/payment','payment_not_found','Payment not found!','2023-03-05 23:43:39','2023-03-05 23:43:39'),(4885,1,'en','plugins/payment/payment','refunds.title','Refunds','2023-03-05 23:43:39','2023-03-05 23:43:39'),(4886,1,'en','plugins/payment/payment','refunds.id','ID','2023-03-05 23:43:39','2023-03-05 23:43:39'),(4887,1,'en','plugins/payment/payment','refunds.breakdowns','Breakdowns','2023-03-05 23:43:39','2023-03-05 23:43:39'),(4888,1,'en','plugins/payment/payment','refunds.gross_amount','Gross amount','2023-03-05 23:43:39','2023-03-05 23:43:39'),(4889,1,'en','plugins/payment/payment','refunds.paypal_fee','PayPal fee','2023-03-05 23:43:39','2023-03-05 23:43:39'),(4890,1,'en','plugins/payment/payment','refunds.net_amount','Net amount','2023-03-05 23:43:39','2023-03-05 23:43:39'),(4891,1,'en','plugins/payment/payment','refunds.total_refunded_amount','Total refunded amount','2023-03-05 23:43:39','2023-03-05 23:43:39'),(4892,1,'en','plugins/payment/payment','refunds.create_time','Create time','2023-03-05 23:43:39','2023-03-05 23:43:39'),(4893,1,'en','plugins/payment/payment','refunds.update_time','Update time','2023-03-05 23:43:39','2023-03-05 23:43:39'),(4894,1,'en','plugins/payment/payment','refunds.status','Status','2023-03-05 23:43:39','2023-03-05 23:43:39'),(4895,1,'en','plugins/payment/payment','refunds.description','Description','2023-03-05 23:43:39','2023-03-05 23:43:39'),(4896,1,'en','plugins/payment/payment','refunds.refunded_at','Refunded at','2023-03-05 23:43:39','2023-03-05 23:43:39'),(4897,1,'en','plugins/payment/payment','refunds.error_message','Error message','2023-03-05 23:43:39','2023-03-05 23:43:39'),(4898,1,'en','plugins/payment/payment','view_response_source','View response source','2023-03-05 23:43:39','2023-03-05 23:43:39'),(4899,1,'en','plugins/payment/payment','status_is_not_completed','Status is not COMPLETED','2023-03-05 23:43:39','2023-03-05 23:43:39'),(4900,1,'en','plugins/payment/payment','cannot_found_capture_id','Can not found capture id with payment detail','2023-03-05 23:43:39','2023-03-05 23:43:39'),(4901,1,'en','plugins/payment/payment','amount_refunded','Amount refunded','2023-03-05 23:43:39','2023-03-05 23:43:39'),(4902,1,'en','plugins/payment/payment','amount_remaining','Amount remaining','2023-03-05 23:43:39','2023-03-05 23:43:39'),(4903,1,'en','plugins/payment/payment','paid_at','Paid At','2023-03-05 23:43:39','2023-03-05 23:43:39'),(4904,1,'en','plugins/payment/payment','invalid_settings','Settings for :name are invalid!','2023-03-05 23:43:39','2023-03-05 23:43:39'),(4905,1,'en','plugins/payment/payment','view_transaction','Transaction \":charge_id\"','2023-03-05 23:43:39','2023-03-05 23:43:39'),(4906,1,'en','plugins/payment/payment','payment_description','Pay for your order #:order_id at :site_url','2023-03-05 23:43:39','2023-03-05 23:43:39'),(4987,1,'en','plugins/shippo/shippo','name','Shippo','2023-03-05 23:43:40','2023-03-05 23:43:40'),(4988,1,'en','plugins/shippo/shippo','description','All of the Carriers and Stores You Need','2023-03-05 23:43:40','2023-03-05 23:43:40'),(4989,1,'en','plugins/shippo/shippo','note_0','Before activating, please read the instructions below','2023-03-05 23:43:40','2023-03-05 23:43:40'),(4990,1,'en','plugins/shippo/shippo','note_1','Need to use cities, states, countries from Admin -> Locations, <a href=\":link\" target=\"_blank\" rel=\"noopener noreferrer\">:link</a>','2023-03-05 23:43:40','2023-03-05 23:43:40'),(4991,1,'en','plugins/shippo/shippo','note_2','Enabled \"Load countries, states, cities from plugin location?\" and \"Enable Zip Code?\" for Shippo to work correctly','2023-03-05 23:43:40','2023-03-05 23:43:40'),(4992,1,'en','plugins/shippo/shippo','note_3','Update city, state, country with location plugin data, enter and check the address and zip code in \"<a href=\":link\" target=\"_blank\">Basic information</a>\"','2023-03-05 23:43:40','2023-03-05 23:43:40'),(4993,1,'en','plugins/shippo/shippo','note_4','Vendor needs to update Company & Zip Code. Update city, state, country with location plugin data','2023-03-05 23:43:40','2023-03-05 23:43:40'),(4994,1,'en','plugins/shippo/shippo','configuration_instruction','Configuration instruction for :name','2023-03-05 23:43:40','2023-03-05 23:43:40'),(4995,1,'en','plugins/shippo/shippo','configuration_requirement','To use :name, you need','2023-03-05 23:43:40','2023-03-05 23:43:40'),(4996,1,'en','plugins/shippo/shippo','service_registration','Register with :name','2023-03-05 23:43:40','2023-03-05 23:43:40'),(4997,1,'en','plugins/shippo/shippo','after_service_registration_msg','After registration at :name, you will have API Key','2023-03-05 23:43:40','2023-03-05 23:43:40'),(4998,1,'en','plugins/shippo/shippo','enter_api_key','Enter API Key into the box in right hand','2023-03-05 23:43:40','2023-03-05 23:43:40'),(4999,1,'en','plugins/shippo/shippo','please_provide_information','Please provide information','2023-03-05 23:43:40','2023-03-05 23:43:40'),(5000,1,'en','plugins/shippo/shippo','sandbox_mode','Test mode','2023-03-05 23:43:40','2023-03-05 23:43:40'),(5001,1,'en','plugins/shippo/shippo','activate','Activate','2023-03-05 23:43:40','2023-03-05 23:43:40'),(5002,1,'en','plugins/shippo/shippo','disabled_in_demo_mode','You cannot update in demo mode!','2023-03-05 23:43:40','2023-03-05 23:43:40'),(5003,1,'en','plugins/shippo/shippo','parcel','Parcel','2023-03-05 23:43:40','2023-03-05 23:43:40'),(5004,1,'en','plugins/shippo/shippo','estimated_days','Estimated delivery in :day day(s)','2023-03-05 23:43:40','2023-03-05 23:43:40'),(5005,1,'en','plugins/shippo/shippo','from_address','From address','2023-03-05 23:43:40','2023-03-05 23:43:40'),(5006,1,'en','plugins/shippo/shippo','to_address','To address','2023-03-05 23:43:40','2023-03-05 23:43:40'),(5007,1,'en','plugins/shippo/shippo','check_validate_token','Check validate token','2023-03-05 23:43:40','2023-03-05 23:43:40'),(5008,1,'en','plugins/shippo/shippo','saved_shipping_settings_success','Saved settings successfully!','2023-03-05 23:43:40','2023-03-05 23:43:40'),(5009,1,'en','plugins/shippo/shippo','token_name_is_required',':name is required for the integration to work','2023-03-05 23:43:40','2023-03-05 23:43:40'),(5010,1,'en','plugins/shippo/shippo','token_name_is_invalid',':name is invalid','2023-03-05 23:43:40','2023-03-05 23:43:40'),(5011,1,'en','plugins/shippo/shippo','live_api_token','Live API Token','2023-03-05 23:43:40','2023-03-05 23:43:40'),(5012,1,'en','plugins/shippo/shippo','test_api_token','Test API Token','2023-03-05 23:43:40','2023-03-05 23:43:40'),(5013,1,'en','plugins/shippo/shippo','print_label','Print label','2023-03-05 23:43:40','2023-03-05 23:43:40'),(5014,1,'en','plugins/shippo/shippo','transaction.created','Created transaction #:tracking','2023-03-05 23:43:40','2023-03-05 23:43:40'),(5015,1,'en','plugins/shippo/shippo','transaction.view_and_create','View and Create transaction','2023-03-05 23:43:40','2023-03-05 23:43:40'),(5016,1,'en','plugins/shippo/shippo','transaction.create','Create transaction','2023-03-05 23:43:40','2023-03-05 23:43:40'),(5017,1,'en','plugins/shippo/shippo','transaction.created_success','Created transaction successfully!','2023-03-05 23:43:40','2023-03-05 23:43:40'),(5018,1,'en','plugins/shippo/shippo','transaction.updated','Updated transaction #:tracking','2023-03-05 23:43:40','2023-03-05 23:43:40'),(5019,1,'en','plugins/shippo/shippo','tracking.updated','Updated tracking #:tracking','2023-03-05 23:43:40','2023-03-05 23:43:40'),(5020,1,'en','plugins/shippo/shippo','tracking.statuses.pre_transit','The label is created but before the package is dropped off or picked up by the carrier.','2023-03-05 23:43:40','2023-03-05 23:43:40'),(5021,1,'en','plugins/shippo/shippo','tracking.statuses.transit','The package has been scanned by the carrier and is in transit.','2023-03-05 23:43:40','2023-03-05 23:43:40'),(5022,1,'en','plugins/shippo/shippo','tracking.statuses.delivered','The package has been successfully delivered.','2023-03-05 23:43:40','2023-03-05 23:43:40'),(5023,1,'en','plugins/shippo/shippo','tracking.statuses.returned','The package is en route to be returned to the sender, or has been returned successfully.','2023-03-05 23:43:40','2023-03-05 23:43:40'),(5024,1,'en','plugins/shippo/shippo','tracking.statuses.failure','The carrier indicated that there has been an issue with the delivery. This can happen for various reasons and depends on the carrier. This status does not indicate a technical, but a delivery issue.','2023-03-05 23:43:40','2023-03-05 23:43:40'),(5025,1,'en','plugins/shippo/shippo','tracking.statuses.unknown','The package has not been found via the carrier’s tracking system.','2023-03-05 23:43:40','2023-03-05 23:43:40'),(5026,1,'en','plugins/shippo/shippo','view_other_exchange_rates','View :count other exchange rates','2023-03-05 23:43:40','2023-03-05 23:43:40'),(5027,1,'en','plugins/shippo/shippo','carrier_could_not_be_found','The carrier for which the order was selected could not be found','2023-03-05 23:43:40','2023-03-05 23:43:40'),(5028,1,'en','plugins/shippo/shippo','update_rate','Update rate','2023-03-05 23:43:40','2023-03-05 23:43:40'),(5029,1,'en','plugins/shippo/shippo','updated_rate_success','Created rate successfully!','2023-03-05 23:43:40','2023-03-05 23:43:40'),(5030,1,'en','plugins/shippo/shippo','recheck_rate','Recheck rate','2023-03-05 23:43:40','2023-03-05 23:43:40'),(5031,1,'en','plugins/shippo/shippo','note_5','Shippo only allows to create transactions with shipment/rate within 24 hours, if more than 24 hours, please update the rate again','2023-03-05 23:43:40','2023-03-05 23:43:40'),(5032,1,'en','plugins/shippo/shippo','shipment_object_id_not_found','No matching shipping #:id information found','2023-03-05 23:43:40','2023-03-05 23:43:40'),(5033,1,'en','plugins/shippo/shippo','order_amount','Order amount','2023-03-05 23:43:40','2023-03-05 23:43:40'),(5034,1,'en','plugins/shippo/shippo','logging','Logging?','2023-03-05 23:43:40','2023-03-05 23:43:40'),(5035,1,'en','plugins/shippo/shippo','webhooks','Webhooks?','2023-03-05 23:43:40','2023-03-05 23:43:40'),(5036,1,'en','plugins/shippo/shippo','cache_response','Cache response?','2023-03-05 23:43:40','2023-03-05 23:43:40'),(5037,1,'en','plugins/shippo/shippo','note_6','COD payment method refer <a href=\":link\" target=\"_blank\" rel=\"noopener noreferrer\">here</a>','2023-03-05 23:43:40','2023-03-05 23:43:40'),(5038,1,'en','plugins/simple-slider/simple-slider','create','New slider','2023-03-05 23:43:40','2023-03-05 23:43:40'),(5039,1,'en','plugins/simple-slider/simple-slider','edit','Edit slider','2023-03-05 23:43:40','2023-03-05 23:43:40'),(5040,1,'en','plugins/simple-slider/simple-slider','menu','Simple sliders','2023-03-05 23:43:40','2023-03-05 23:43:40'),(5041,1,'en','plugins/simple-slider/simple-slider','settings.title','Simple sliders','2023-03-05 23:43:40','2023-03-05 23:43:40'),(5042,1,'en','plugins/simple-slider/simple-slider','settings.description','Settings for Simple sliders','2023-03-05 23:43:40','2023-03-05 23:43:40'),(5043,1,'en','plugins/simple-slider/simple-slider','settings.using_assets','Using default assets?','2023-03-05 23:43:40','2023-03-05 23:43:40'),(5044,1,'en','plugins/simple-slider/simple-slider','settings.using_assets_description','If using assets option is enabled then below scripts will be auto added to front site.','2023-03-05 23:43:40','2023-03-05 23:43:40'),(5045,1,'en','plugins/simple-slider/simple-slider','add_new','Add new','2023-03-05 23:43:40','2023-03-05 23:43:40'),(5046,1,'en','plugins/simple-slider/simple-slider','save_sorting','Save sorting','2023-03-05 23:43:40','2023-03-05 23:43:40'),(5047,1,'en','plugins/simple-slider/simple-slider','key','Key','2023-03-05 23:43:40','2023-03-05 23:43:40'),(5048,1,'en','plugins/simple-slider/simple-slider','slide_items','Slide Items','2023-03-05 23:43:40','2023-03-05 23:43:40'),(5049,1,'en','plugins/simple-slider/simple-slider','update_slide_position_success','Updated slide position successfully!','2023-03-05 23:43:40','2023-03-05 23:43:40'),(5050,1,'en','plugins/simple-slider/simple-slider','create_new_slide','Create a new slide','2023-03-05 23:43:40','2023-03-05 23:43:40'),(5051,1,'en','plugins/simple-slider/simple-slider','edit_slide','Edit slide #:id','2023-03-05 23:43:40','2023-03-05 23:43:40'),(5052,1,'en','plugins/simple-slider/simple-slider','simple_slider_shortcode_name','Simple Slider','2023-03-05 23:43:40','2023-03-05 23:43:40'),(5053,1,'en','plugins/simple-slider/simple-slider','simple_slider_shortcode_description','Add a simple slider','2023-03-05 23:43:40','2023-03-05 23:43:40'),(5054,1,'en','plugins/simple-slider/simple-slider','select_slider','Select a slider','2023-03-05 23:43:40','2023-03-05 23:43:40'),(5062,1,'en','plugins/social-login/social-login','settings.title','Social Login settings','2023-03-05 23:43:40','2023-03-05 23:43:40'),(5063,1,'en','plugins/social-login/social-login','settings.description','Configure social login options','2023-03-05 23:43:40','2023-03-05 23:43:40'),(5064,1,'en','plugins/social-login/social-login','settings.facebook.title','Facebook login settings','2023-03-05 23:43:40','2023-03-05 23:43:40'),(5065,1,'en','plugins/social-login/social-login','settings.facebook.description','Enable/disable & configure app credentials for Facebook login','2023-03-05 23:43:40','2023-03-05 23:43:40'),(5066,1,'en','plugins/social-login/social-login','settings.facebook.app_id','App ID','2023-03-05 23:43:40','2023-03-05 23:43:40'),(5067,1,'en','plugins/social-login/social-login','settings.facebook.app_secret','App Secret','2023-03-05 23:43:40','2023-03-05 23:43:40'),(5068,1,'en','plugins/social-login/social-login','settings.facebook.helper','Please go to https://developers.facebook.com to create new app update App ID, App Secret. Callback URL is :callback','2023-03-05 23:43:40','2023-03-05 23:43:40'),(5069,1,'en','plugins/social-login/social-login','settings.google.title','Google login settings','2023-03-05 23:43:40','2023-03-05 23:43:40'),(5070,1,'en','plugins/social-login/social-login','settings.google.description','Enable/disable & configure app credentials for Google login','2023-03-05 23:43:40','2023-03-05 23:43:40'),(5071,1,'en','plugins/social-login/social-login','settings.google.app_id','App ID','2023-03-05 23:43:40','2023-03-05 23:43:40'),(5072,1,'en','plugins/social-login/social-login','settings.google.app_secret','App Secret','2023-03-05 23:43:40','2023-03-05 23:43:40'),(5073,1,'en','plugins/social-login/social-login','settings.google.helper','Please go to https://console.developers.google.com/apis/dashboard to create new app update App ID, App Secret. Callback URL is :callback','2023-03-05 23:43:40','2023-03-05 23:43:40'),(5074,1,'en','plugins/social-login/social-login','settings.github.title','Github login settings','2023-03-05 23:43:40','2023-03-05 23:43:40'),(5075,1,'en','plugins/social-login/social-login','settings.github.description','Enable/disable & configure app credentials for Github login','2023-03-05 23:43:40','2023-03-05 23:43:40'),(5076,1,'en','plugins/social-login/social-login','settings.github.app_id','App ID','2023-03-05 23:43:40','2023-03-05 23:43:40'),(5077,1,'en','plugins/social-login/social-login','settings.github.app_secret','App Secret','2023-03-05 23:43:40','2023-03-05 23:43:40'),(5078,1,'en','plugins/social-login/social-login','settings.github.helper','Please go to https://github.com/settings/developers to create new app update App ID, App Secret. Callback URL is :callback','2023-03-05 23:43:40','2023-03-05 23:43:40'),(5079,1,'en','plugins/social-login/social-login','settings.linkedin.title','Linkedin login settings','2023-03-05 23:43:40','2023-03-05 23:43:40'),(5080,1,'en','plugins/social-login/social-login','settings.linkedin.description','Enable/disable & configure app credentials for Linkedin login','2023-03-05 23:43:40','2023-03-05 23:43:40'),(5081,1,'en','plugins/social-login/social-login','settings.linkedin.app_id','App ID','2023-03-05 23:43:40','2023-03-05 23:43:40'),(5082,1,'en','plugins/social-login/social-login','settings.linkedin.app_secret','App Secret','2023-03-05 23:43:40','2023-03-05 23:43:40'),(5083,1,'en','plugins/social-login/social-login','settings.linkedin.helper','Please go to https://www.linkedin.com/developers/apps/new to create new app update App ID, App Secret. Callback URL is :callback','2023-03-05 23:43:40','2023-03-05 23:43:40'),(5084,1,'en','plugins/social-login/social-login','settings.enable','Enable?','2023-03-05 23:43:40','2023-03-05 23:43:40'),(5085,1,'en','plugins/social-login/social-login','menu','Social Login','2023-03-05 23:43:40','2023-03-05 23:43:40'),(5110,1,'en','plugins/translation/translation','translations','Translations','2023-03-05 23:43:40','2023-03-05 23:43:40'),(5111,1,'en','plugins/translation/translation','translations_description','Translate all words in system.','2023-03-05 23:43:40','2023-03-05 23:43:40'),(5112,1,'en','plugins/translation/translation','export_warning','Warning, translations are not visible until they are exported back to the :lang_path file, using \'php artisan cms:translations:export\' command or publish button.','2023-03-05 23:43:41','2023-03-05 23:43:41'),(5113,1,'en','plugins/translation/translation','import_done','Done importing, processed :counter items! Reload this page to refresh the groups!','2023-03-05 23:43:41','2023-03-05 23:43:41'),(5114,1,'en','plugins/translation/translation','translation_manager','Translations Manager','2023-03-05 23:43:41','2023-03-05 23:43:41'),(5115,1,'en','plugins/translation/translation','done_publishing','Done publishing the translations for group','2023-03-05 23:43:41','2023-03-05 23:43:41'),(5116,1,'en','plugins/translation/translation','append_translation','Append new translations','2023-03-05 23:43:41','2023-03-05 23:43:41'),(5117,1,'en','plugins/translation/translation','replace_translation','Replace existing translations','2023-03-05 23:43:41','2023-03-05 23:43:41'),(5118,1,'en','plugins/translation/translation','import_group','Import group','2023-03-05 23:43:41','2023-03-05 23:43:41'),(5119,1,'en','plugins/translation/translation','confirm_publish_group','Are you sure you want to publish the translations group \":group\"? This will overwrite existing language files.','2023-03-05 23:43:41','2023-03-05 23:43:41'),(5120,1,'en','plugins/translation/translation','publish_translations','Publish translations','2023-03-05 23:43:41','2023-03-05 23:43:41'),(5121,1,'en','plugins/translation/translation','back','Back','2023-03-05 23:43:41','2023-03-05 23:43:41'),(5122,1,'en','plugins/translation/translation','edit_title','Enter translation','2023-03-05 23:43:41','2023-03-05 23:43:41'),(5123,1,'en','plugins/translation/translation','choose_group_msg','Choose a group to display the group translations. If no groups are visible, make sure you have imported the translations.','2023-03-05 23:43:41','2023-03-05 23:43:41'),(5124,1,'en','plugins/translation/translation','choose_a_group','Choose a group','2023-03-05 23:43:41','2023-03-05 23:43:41'),(5125,1,'en','plugins/translation/translation','locales','Locales','2023-03-05 23:43:41','2023-03-05 23:43:41'),(5126,1,'en','plugins/translation/translation','theme-translations','Theme translations','2023-03-05 23:43:41','2023-03-05 23:43:41'),(5127,1,'en','plugins/translation/translation','admin-translations','Other translations','2023-03-05 23:43:41','2023-03-05 23:43:41'),(5128,1,'en','plugins/translation/translation','translate_from','Translate from','2023-03-05 23:43:41','2023-03-05 23:43:41'),(5129,1,'en','plugins/translation/translation','to','to','2023-03-05 23:43:41','2023-03-05 23:43:41'),(5130,1,'en','plugins/translation/translation','no_other_languages','No other language to translate!','2023-03-05 23:43:41','2023-03-05 23:43:41'),(5131,1,'en','plugins/translation/translation','edit','Edit','2023-03-05 23:43:41','2023-03-05 23:43:41'),(5132,1,'en','plugins/translation/translation','locale','Locale','2023-03-05 23:43:41','2023-03-05 23:43:41'),(5133,1,'en','plugins/translation/translation','locale_placeholder','Ex: en','2023-03-05 23:43:41','2023-03-05 23:43:41'),(5134,1,'en','plugins/translation/translation','name','Name','2023-03-05 23:43:41','2023-03-05 23:43:41'),(5135,1,'en','plugins/translation/translation','default_locale','Default locale?','2023-03-05 23:43:41','2023-03-05 23:43:41'),(5136,1,'en','plugins/translation/translation','actions','Actions','2023-03-05 23:43:41','2023-03-05 23:43:41'),(5137,1,'en','plugins/translation/translation','choose_language','Choose language','2023-03-05 23:43:41','2023-03-05 23:43:41'),(5138,1,'en','plugins/translation/translation','add_new_language','Add new language','2023-03-05 23:43:41','2023-03-05 23:43:41'),(5139,1,'en','plugins/translation/translation','select_language','Select language','2023-03-05 23:43:41','2023-03-05 23:43:41'),(5140,1,'en','plugins/translation/translation','flag','Flag','2023-03-05 23:43:41','2023-03-05 23:43:41'),(5141,1,'en','plugins/translation/translation','folder_is_not_writeable','Cannot write files! Folder :lang_path is not writable. Please chmod to make it writable!','2023-03-05 23:43:41','2023-03-05 23:43:41'),(5142,1,'en','plugins/translation/translation','delete','Delete','2023-03-05 23:43:41','2023-03-05 23:43:41'),(5143,1,'en','plugins/translation/translation','confirm_delete_message','Do you really want to delete this locale? It will delete all files/folders for this local in :lang_path!','2023-03-05 23:43:41','2023-03-05 23:43:41'),(5144,1,'en','plugins/translation/translation','download','Download','2023-03-05 23:43:41','2023-03-05 23:43:41'),(5145,1,'en','plugins/translation/translation','select_locale','Select locale','2023-03-05 23:43:41','2023-03-05 23:43:41'),(5146,1,'en','plugins/translation/translation','theme_translations_instruction','Click on text to translate. Do NOT translate variables, Eg. :username, :query, :link...','2023-03-05 23:43:41','2023-03-05 23:43:41'),(5147,1,'en','plugins/translation/translation','import_available_locale','Or import available locale from our GitHub repository','2023-03-05 23:43:41','2023-03-05 23:43:41'),(5148,1,'en','plugins/translation/translation','add_new_locale','Add new locale','2023-03-05 23:43:41','2023-03-05 23:43:41'),(5149,1,'en','plugins/translation/translation','download_locale','Download locale','2023-03-05 23:43:41','2023-03-05 23:43:41'),(5150,1,'en','plugins/translation/translation','import_available_locale_confirmation','Download locale from GitHub','2023-03-05 23:43:41','2023-03-05 23:43:41'),(5151,1,'en','plugins/translation/translation','import_available_locale_confirmation_content','Are you sure you want to download this locale? It will be downloaded into :lang_path, you can delete it later if you want.','2023-03-05 23:43:41','2023-03-05 23:43:41'),(5152,1,'en','plugins/translation/translation','is_default','Is default?','2023-03-05 23:43:41','2023-03-05 23:43:41');
/*!40000 ALTER TABLE `translations` ENABLE KEYS */;
UNLOCK TABLES;

--
-- Table structure for table `user_meta`
--

DROP TABLE IF EXISTS `user_meta`;
/*!40101 SET @saved_cs_client     = @@character_set_client */;
/*!50503 SET character_set_client = utf8mb4 */;
CREATE TABLE `user_meta` (
  `id` bigint unsigned NOT NULL AUTO_INCREMENT,
  `key` varchar(191) CHARACTER SET utf8mb4 COLLATE utf8mb4_unicode_ci DEFAULT NULL,
  `value` varchar(191) CHARACTER SET utf8mb4 COLLATE utf8mb4_unicode_ci DEFAULT NULL,
  `user_id` bigint unsigned NOT NULL,
  `created_at` timestamp NULL DEFAULT NULL,
  `updated_at` timestamp NULL DEFAULT NULL,
  PRIMARY KEY (`id`),
  KEY `user_meta_user_id_index` (`user_id`)
) ENGINE=InnoDB AUTO_INCREMENT=2 DEFAULT CHARSET=utf8mb4 COLLATE=utf8mb4_unicode_ci;
/*!40101 SET character_set_client = @saved_cs_client */;

--
-- Dumping data for table `user_meta`
--

LOCK TABLES `user_meta` WRITE;
/*!40000 ALTER TABLE `user_meta` DISABLE KEYS */;
INSERT INTO `user_meta` VALUES (1,'admin-theme','darkblue',1,'2023-06-15 09:36:03','2023-06-15 09:36:13');
/*!40000 ALTER TABLE `user_meta` ENABLE KEYS */;
UNLOCK TABLES;

--
-- Table structure for table `users`
--

DROP TABLE IF EXISTS `users`;
/*!40101 SET @saved_cs_client     = @@character_set_client */;
/*!50503 SET character_set_client = utf8mb4 */;
CREATE TABLE `users` (
  `id` bigint unsigned NOT NULL AUTO_INCREMENT,
  `email` varchar(191) CHARACTER SET utf8mb4 COLLATE utf8mb4_unicode_ci NOT NULL,
  `email_verified_at` timestamp NULL DEFAULT NULL,
  `password` varchar(191) CHARACTER SET utf8mb4 COLLATE utf8mb4_unicode_ci DEFAULT NULL,
  `remember_token` varchar(100) CHARACTER SET utf8mb4 COLLATE utf8mb4_unicode_ci DEFAULT NULL,
  `created_at` timestamp NULL DEFAULT NULL,
  `updated_at` timestamp NULL DEFAULT NULL,
  `first_name` varchar(191) CHARACTER SET utf8mb4 COLLATE utf8mb4_unicode_ci DEFAULT NULL,
  `last_name` varchar(191) CHARACTER SET utf8mb4 COLLATE utf8mb4_unicode_ci DEFAULT NULL,
  `username` varchar(60) CHARACTER SET utf8mb4 COLLATE utf8mb4_unicode_ci DEFAULT NULL,
  `avatar_id` bigint unsigned DEFAULT NULL,
  `super_user` tinyint(1) NOT NULL DEFAULT '0',
  `manage_supers` tinyint(1) NOT NULL DEFAULT '0',
  `permissions` text CHARACTER SET utf8mb4 COLLATE utf8mb4_unicode_ci,
  `last_login` timestamp NULL DEFAULT NULL,
  PRIMARY KEY (`id`),
  UNIQUE KEY `users_email_unique` (`email`),
  UNIQUE KEY `users_username_unique` (`username`)
) ENGINE=InnoDB AUTO_INCREMENT=4 DEFAULT CHARSET=utf8mb4 COLLATE=utf8mb4_unicode_ci;
/*!40101 SET character_set_client = @saved_cs_client */;

--
-- Dumping data for table `users`
--

LOCK TABLES `users` WRITE;
/*!40000 ALTER TABLE `users` DISABLE KEYS */;
INSERT INTO `users` VALUES (1,'admin@botble.com',NULL,'$2y$10$20R0OzjdCbErsZ9ECF7/Aen8VnDqNsPdFjsTeADJ/OlNQ0c8ITW5C','ui72MiL7l4Xop49txm0UsiADXC9xaYKP20JO8tmtxt2L8YVx37sDkIPuozZp','2023-03-05 23:43:00','2023-06-14 23:08:50','System','Admin','botble',NULL,1,1,'{\"ads.index\":true,\"ads.create\":true,\"ads.edit\":true,\"ads.destroy\":true,\"analytics.general\":true,\"analytics.page\":true,\"analytics.browser\":true,\"analytics.referrer\":true,\"core.appearance\":true,\"menus.index\":true,\"menus.create\":true,\"menus.edit\":true,\"menus.destroy\":true,\"theme.index\":true,\"theme.activate\":true,\"theme.remove\":true,\"theme.options\":true,\"theme.custom-css\":true,\"theme.custom-js\":true,\"theme.custom-html\":true,\"widgets.index\":true,\"backups.index\":true,\"backups.create\":true,\"backups.restore\":true,\"backups.destroy\":true,\"plugins.blog\":true,\"posts.index\":true,\"posts.create\":true,\"posts.edit\":true,\"posts.destroy\":true,\"categories.index\":true,\"categories.create\":true,\"categories.edit\":true,\"categories.destroy\":true,\"tags.index\":true,\"tags.create\":true,\"tags.edit\":true,\"tags.destroy\":true,\"contacts.index\":true,\"contacts.edit\":true,\"contacts.destroy\":true,\"plugins.ecommerce\":true,\"ecommerce.settings\":true,\"ecommerce.report.index\":true,\"products.index\":true,\"products.create\":true,\"products.edit\":true,\"products.destroy\":true,\"product-categories.index\":true,\"product-categories.create\":true,\"product-categories.edit\":true,\"product-categories.destroy\":true,\"product-tag.index\":true,\"product-tag.create\":true,\"product-tag.edit\":true,\"product-tag.destroy\":true,\"brands.index\":true,\"brands.create\":true,\"brands.edit\":true,\"brands.destroy\":true,\"product-collections.index\":true,\"product-collections.create\":true,\"product-collections.edit\":true,\"product-collections.destroy\":true,\"product-attribute-sets.index\":true,\"product-attribute-sets.create\":true,\"product-attribute-sets.edit\":true,\"product-attribute-sets.destroy\":true,\"product-attributes.index\":true,\"product-attributes.create\":true,\"product-attributes.edit\":true,\"product-attributes.destroy\":true,\"tax.index\":true,\"tax.create\":true,\"tax.edit\":true,\"tax.destroy\":true,\"reviews.index\":true,\"reviews.destroy\":true,\"shipping_methods.index\":true,\"ecommerce.shipping-rule-items.index\":true,\"ecommerce.shipping-rule-items.create\":true,\"ecommerce.shipping-rule-items.edit\":true,\"ecommerce.shipping-rule-items.destroy\":true,\"ecommerce.shipping-rule-items.bulk-import\":true,\"ecommerce.shipments.index\":true,\"ecommerce.shipments.create\":true,\"ecommerce.shipments.edit\":true,\"ecommerce.shipments.destroy\":true,\"orders.index\":true,\"orders.create\":true,\"orders.edit\":true,\"orders.destroy\":true,\"discounts.index\":true,\"discounts.create\":true,\"discounts.edit\":true,\"discounts.destroy\":true,\"customers.index\":true,\"customers.create\":true,\"customers.edit\":true,\"customers.destroy\":true,\"flash-sale.index\":true,\"flash-sale.create\":true,\"flash-sale.edit\":true,\"flash-sale.destroy\":true,\"product-label.index\":true,\"product-label.create\":true,\"product-label.edit\":true,\"product-label.destroy\":true,\"ecommerce.bulk-import.index\":true,\"ecommerce.export.products.index\":true,\"order_returns.index\":true,\"order_returns.edit\":true,\"order_returns.destroy\":true,\"global-option.index\":true,\"global-option.create\":true,\"global-option.edit\":true,\"global-option.destroy\":true,\"ecommerce.invoice.index\":true,\"ecommerce.invoice.edit\":true,\"ecommerce.invoice.destroy\":true,\"ecommerce.invoice-template.index\":true,\"plugin.faq\":true,\"faq.index\":true,\"faq.create\":true,\"faq.edit\":true,\"faq.destroy\":true,\"faq_category.index\":true,\"faq_category.create\":true,\"faq_category.edit\":true,\"faq_category.destroy\":true,\"languages.index\":true,\"languages.create\":true,\"languages.edit\":true,\"languages.destroy\":true,\"plugin.location\":true,\"country.index\":true,\"country.create\":true,\"country.edit\":true,\"country.destroy\":true,\"state.index\":true,\"state.create\":true,\"state.edit\":true,\"state.destroy\":true,\"city.index\":true,\"city.create\":true,\"city.edit\":true,\"city.destroy\":true,\"location.bulk-import.index\":true,\"location.export.index\":true,\"marketplace.index\":true,\"marketplace.store.index\":true,\"marketplace.store.create\":true,\"marketplace.store.edit\":true,\"marketplace.store.destroy\":true,\"marketplace.store.view\":true,\"marketplace.store.revenue.create\":true,\"marketplace.withdrawal.index\":true,\"marketplace.withdrawal.edit\":true,\"marketplace.withdrawal.destroy\":true,\"marketplace.vendors.index\":true,\"marketplace.unverified-vendors.index\":true,\"marketplace.unverified-vendors.edit\":true,\"marketplace.settings\":true,\"media.index\":true,\"files.index\":true,\"files.create\":true,\"files.edit\":true,\"files.trash\":true,\"files.destroy\":true,\"folders.index\":true,\"folders.create\":true,\"folders.edit\":true,\"folders.trash\":true,\"folders.destroy\":true,\"newsletter.index\":true,\"newsletter.destroy\":true,\"pages.index\":true,\"pages.create\":true,\"pages.edit\":true,\"pages.destroy\":true,\"payment.index\":true,\"payments.settings\":true,\"payment.destroy\":true,\"simple-slider.index\":true,\"simple-slider.create\":true,\"simple-slider.edit\":true,\"simple-slider.destroy\":true,\"simple-slider-item.index\":true,\"simple-slider-item.create\":true,\"simple-slider-item.edit\":true,\"simple-slider-item.destroy\":true,\"social-login.settings\":true,\"core.system\":true,\"users.index\":true,\"users.create\":true,\"users.edit\":true,\"users.destroy\":true,\"roles.index\":true,\"roles.create\":true,\"roles.edit\":true,\"roles.destroy\":true,\"core.manage.license\":true,\"settings.options\":true,\"settings.email\":true,\"settings.media\":true,\"api.settings\":true,\"plugins.index\":true,\"plugins.edit\":true,\"plugins.remove\":true,\"plugins.marketplace\":true,\"audit-log.index\":true,\"audit-log.destroy\":true,\"plugins.translation\":true,\"translations.locales\":true,\"translations.theme-translations\":true,\"translations.index\":true,\"superuser\":1,\"manage_supers\":1}','2023-06-14 23:02:57'),(2,'david.lee@wilstech.com',NULL,'$2y$10$OZ4TThGFNo1kzp64tz/vy.jL20DB9.3AeCbvoDfV9RmwSiSAiuFEu',NULL,'2023-06-14 23:09:25','2023-06-15 00:20:08','David','Lee','davidleekc',NULL,1,1,'{\"ads.index\":true,\"ads.create\":true,\"ads.edit\":true,\"ads.destroy\":true,\"analytics.general\":true,\"analytics.page\":true,\"analytics.browser\":true,\"analytics.referrer\":true,\"core.appearance\":true,\"menus.index\":true,\"menus.create\":true,\"menus.edit\":true,\"menus.destroy\":true,\"theme.index\":true,\"theme.activate\":true,\"theme.remove\":true,\"theme.options\":true,\"theme.custom-css\":true,\"theme.custom-js\":true,\"theme.custom-html\":true,\"widgets.index\":true,\"backups.index\":true,\"backups.create\":true,\"backups.restore\":true,\"backups.destroy\":true,\"plugins.blog\":true,\"posts.index\":true,\"posts.create\":true,\"posts.edit\":true,\"posts.destroy\":true,\"categories.index\":true,\"categories.create\":true,\"categories.edit\":true,\"categories.destroy\":true,\"tags.index\":true,\"tags.create\":true,\"tags.edit\":true,\"tags.destroy\":true,\"contacts.index\":true,\"contacts.edit\":true,\"contacts.destroy\":true,\"plugins.ecommerce\":true,\"ecommerce.settings\":true,\"ecommerce.report.index\":true,\"products.index\":true,\"products.create\":true,\"products.edit\":true,\"products.destroy\":true,\"product-categories.index\":true,\"product-categories.create\":true,\"product-categories.edit\":true,\"product-categories.destroy\":true,\"product-tag.index\":true,\"product-tag.create\":true,\"product-tag.edit\":true,\"product-tag.destroy\":true,\"brands.index\":true,\"brands.create\":true,\"brands.edit\":true,\"brands.destroy\":true,\"product-collections.index\":true,\"product-collections.create\":true,\"product-collections.edit\":true,\"product-collections.destroy\":true,\"product-attribute-sets.index\":true,\"product-attribute-sets.create\":true,\"product-attribute-sets.edit\":true,\"product-attribute-sets.destroy\":true,\"product-attributes.index\":true,\"product-attributes.create\":true,\"product-attributes.edit\":true,\"product-attributes.destroy\":true,\"tax.index\":true,\"tax.create\":true,\"tax.edit\":true,\"tax.destroy\":true,\"reviews.index\":true,\"reviews.destroy\":true,\"shipping_methods.index\":true,\"ecommerce.shipping-rule-items.index\":true,\"ecommerce.shipping-rule-items.create\":true,\"ecommerce.shipping-rule-items.edit\":true,\"ecommerce.shipping-rule-items.destroy\":true,\"ecommerce.shipping-rule-items.bulk-import\":true,\"ecommerce.shipments.index\":true,\"ecommerce.shipments.create\":true,\"ecommerce.shipments.edit\":true,\"ecommerce.shipments.destroy\":true,\"orders.index\":true,\"orders.create\":true,\"orders.edit\":true,\"orders.destroy\":true,\"discounts.index\":true,\"discounts.create\":true,\"discounts.edit\":true,\"discounts.destroy\":true,\"customers.index\":true,\"customers.create\":true,\"customers.edit\":true,\"customers.destroy\":true,\"flash-sale.index\":true,\"flash-sale.create\":true,\"flash-sale.edit\":true,\"flash-sale.destroy\":true,\"product-label.index\":true,\"product-label.create\":true,\"product-label.edit\":true,\"product-label.destroy\":true,\"ecommerce.bulk-import.index\":true,\"ecommerce.export.products.index\":true,\"order_returns.index\":true,\"order_returns.edit\":true,\"order_returns.destroy\":true,\"global-option.index\":true,\"global-option.create\":true,\"global-option.edit\":true,\"global-option.destroy\":true,\"ecommerce.invoice.index\":true,\"ecommerce.invoice.edit\":true,\"ecommerce.invoice.destroy\":true,\"ecommerce.invoice-template.index\":true,\"plugin.faq\":true,\"faq.index\":true,\"faq.create\":true,\"faq.edit\":true,\"faq.destroy\":true,\"faq_category.index\":true,\"faq_category.create\":true,\"faq_category.edit\":true,\"faq_category.destroy\":true,\"languages.index\":true,\"languages.create\":true,\"languages.edit\":true,\"languages.destroy\":true,\"plugin.location\":true,\"country.index\":true,\"country.create\":true,\"country.edit\":true,\"country.destroy\":true,\"state.index\":true,\"state.create\":true,\"state.edit\":true,\"state.destroy\":true,\"city.index\":true,\"city.create\":true,\"city.edit\":true,\"city.destroy\":true,\"location.bulk-import.index\":true,\"location.export.index\":true,\"marketplace.index\":true,\"marketplace.store.index\":true,\"marketplace.store.create\":true,\"marketplace.store.edit\":true,\"marketplace.store.destroy\":true,\"marketplace.store.view\":true,\"marketplace.store.revenue.create\":true,\"marketplace.withdrawal.index\":true,\"marketplace.withdrawal.edit\":true,\"marketplace.withdrawal.destroy\":true,\"marketplace.vendors.index\":true,\"marketplace.unverified-vendors.index\":true,\"marketplace.unverified-vendors.edit\":true,\"marketplace.settings\":true,\"media.index\":true,\"files.index\":true,\"files.create\":true,\"files.edit\":true,\"files.trash\":true,\"files.destroy\":true,\"folders.index\":true,\"folders.create\":true,\"folders.edit\":true,\"folders.trash\":true,\"folders.destroy\":true,\"newsletter.index\":true,\"newsletter.destroy\":true,\"pages.index\":true,\"pages.create\":true,\"pages.edit\":true,\"pages.destroy\":true,\"payment.index\":true,\"payments.settings\":true,\"payment.destroy\":true,\"simple-slider.index\":true,\"simple-slider.create\":true,\"simple-slider.edit\":true,\"simple-slider.destroy\":true,\"simple-slider-item.index\":true,\"simple-slider-item.create\":true,\"simple-slider-item.edit\":true,\"simple-slider-item.destroy\":true,\"social-login.settings\":true,\"core.system\":true,\"users.index\":true,\"users.create\":true,\"users.edit\":true,\"users.destroy\":true,\"roles.index\":true,\"roles.create\":true,\"roles.edit\":true,\"roles.destroy\":true,\"core.manage.license\":true,\"settings.options\":true,\"settings.email\":true,\"settings.media\":true,\"api.settings\":true,\"plugins.index\":true,\"plugins.edit\":true,\"plugins.remove\":true,\"plugins.marketplace\":true,\"audit-log.index\":true,\"audit-log.destroy\":true,\"plugins.translation\":true,\"translations.locales\":true,\"translations.theme-translations\":true,\"translations.index\":true,\"superuser\":true,\"manage_supers\":true}',NULL),(3,'adminmoa@example.com',NULL,'$2y$10$.g1GKfkakr3i9Lr2raGmg.Nmq8k0aQVeCT1yOSIj1jAASl5w5F7EG',NULL,'2023-06-15 00:17:53','2023-06-15 00:21:09','MOA','Agriculture','adminmoa',NULL,0,0,'{\"backups.index\":true,\"backups.create\":true,\"backups.restore\":true,\"backups.destroy\":true,\"plugins.blog\":true,\"posts.index\":true,\"posts.create\":true,\"posts.edit\":true,\"posts.destroy\":true,\"categories.index\":true,\"categories.create\":true,\"categories.edit\":true,\"categories.destroy\":true,\"tags.index\":true,\"tags.create\":true,\"tags.edit\":true,\"tags.destroy\":true,\"contacts.index\":true,\"contacts.edit\":true,\"contacts.destroy\":true,\"plugins.ecommerce\":true,\"ecommerce.settings\":true,\"ecommerce.report.index\":true,\"products.index\":true,\"products.create\":true,\"products.edit\":true,\"products.destroy\":true,\"product-categories.index\":true,\"product-categories.create\":true,\"product-categories.edit\":true,\"product-categories.destroy\":true,\"product-tag.index\":true,\"product-tag.create\":true,\"product-tag.edit\":true,\"product-tag.destroy\":true,\"brands.index\":true,\"brands.create\":true,\"brands.edit\":true,\"brands.destroy\":true,\"product-collections.index\":true,\"product-collections.create\":true,\"product-collections.edit\":true,\"product-collections.destroy\":true,\"product-attribute-sets.index\":true,\"product-attribute-sets.create\":true,\"product-attribute-sets.edit\":true,\"product-attribute-sets.destroy\":true,\"product-attributes.index\":true,\"product-attributes.create\":true,\"product-attributes.edit\":true,\"product-attributes.destroy\":true,\"tax.index\":true,\"tax.create\":true,\"tax.edit\":true,\"tax.destroy\":true,\"reviews.index\":true,\"reviews.destroy\":true,\"shipping_methods.index\":true,\"ecommerce.shipping-rule-items.index\":true,\"ecommerce.shipping-rule-items.create\":true,\"ecommerce.shipping-rule-items.edit\":true,\"ecommerce.shipping-rule-items.destroy\":true,\"ecommerce.shipping-rule-items.bulk-import\":true,\"ecommerce.shipments.index\":true,\"ecommerce.shipments.create\":true,\"ecommerce.shipments.edit\":true,\"ecommerce.shipments.destroy\":true,\"orders.index\":true,\"orders.create\":true,\"orders.edit\":true,\"orders.destroy\":true,\"discounts.index\":true,\"discounts.create\":true,\"discounts.edit\":true,\"discounts.destroy\":true,\"customers.index\":true,\"customers.create\":true,\"customers.edit\":true,\"customers.destroy\":true,\"flash-sale.index\":true,\"flash-sale.create\":true,\"flash-sale.edit\":true,\"flash-sale.destroy\":true,\"product-label.index\":true,\"product-label.create\":true,\"product-label.edit\":true,\"product-label.destroy\":true,\"ecommerce.bulk-import.index\":true,\"ecommerce.export.products.index\":true,\"order_returns.index\":true,\"order_returns.edit\":true,\"order_returns.destroy\":true,\"global-option.index\":true,\"global-option.create\":true,\"global-option.edit\":true,\"global-option.destroy\":true,\"ecommerce.invoice.index\":true,\"ecommerce.invoice.edit\":true,\"ecommerce.invoice.destroy\":true,\"ecommerce.invoice-template.index\":true,\"plugin.faq\":true,\"faq.index\":true,\"faq.create\":true,\"faq.edit\":true,\"faq.destroy\":true,\"faq_category.index\":true,\"faq_category.create\":true,\"faq_category.edit\":true,\"faq_category.destroy\":true,\"languages.index\":true,\"languages.create\":true,\"languages.edit\":true,\"languages.destroy\":true,\"plugin.location\":true,\"country.index\":true,\"country.create\":true,\"country.edit\":true,\"country.destroy\":true,\"state.index\":true,\"state.create\":true,\"state.edit\":true,\"state.destroy\":true,\"city.index\":true,\"city.create\":true,\"city.edit\":true,\"city.destroy\":true,\"location.bulk-import.index\":true,\"location.export.index\":true,\"marketplace.index\":true,\"marketplace.store.index\":true,\"marketplace.store.create\":true,\"marketplace.store.edit\":true,\"marketplace.store.destroy\":true,\"marketplace.store.view\":true,\"marketplace.store.revenue.create\":true,\"marketplace.withdrawal.index\":true,\"marketplace.withdrawal.edit\":true,\"marketplace.withdrawal.destroy\":true,\"marketplace.vendors.index\":true,\"marketplace.unverified-vendors.index\":true,\"marketplace.unverified-vendors.edit\":true,\"marketplace.settings\":true,\"media.index\":true,\"files.index\":true,\"files.create\":true,\"files.edit\":true,\"files.trash\":true,\"files.destroy\":true,\"folders.index\":true,\"folders.create\":true,\"folders.edit\":true,\"folders.trash\":true,\"folders.destroy\":true,\"newsletter.index\":true,\"newsletter.destroy\":true,\"pages.index\":true,\"pages.create\":true,\"pages.edit\":true,\"pages.destroy\":true,\"simple-slider.index\":true,\"simple-slider.create\":true,\"simple-slider.edit\":true,\"simple-slider.destroy\":true,\"simple-slider-item.index\":true,\"simple-slider-item.create\":true,\"simple-slider-item.edit\":true,\"simple-slider-item.destroy\":true,\"social-login.settings\":true,\"core.system\":true,\"settings.options\":true,\"settings.email\":true,\"settings.media\":true,\"audit-log.index\":true,\"plugins.translation\":true,\"translations.locales\":true,\"translations.theme-translations\":true,\"translations.index\":true,\"superuser\":0,\"manage_supers\":0}',NULL);
/*!40000 ALTER TABLE `users` ENABLE KEYS */;
UNLOCK TABLES;

--
-- Table structure for table `widgets`
--

DROP TABLE IF EXISTS `widgets`;
/*!40101 SET @saved_cs_client     = @@character_set_client */;
/*!50503 SET character_set_client = utf8mb4 */;
CREATE TABLE `widgets` (
  `id` bigint unsigned NOT NULL AUTO_INCREMENT,
  `widget_id` varchar(120) CHARACTER SET utf8mb4 COLLATE utf8mb4_unicode_ci NOT NULL,
  `sidebar_id` varchar(120) CHARACTER SET utf8mb4 COLLATE utf8mb4_unicode_ci NOT NULL,
  `theme` varchar(120) CHARACTER SET utf8mb4 COLLATE utf8mb4_unicode_ci NOT NULL,
  `position` tinyint unsigned NOT NULL DEFAULT '0',
  `data` text CHARACTER SET utf8mb4 COLLATE utf8mb4_unicode_ci,
  `created_at` timestamp NULL DEFAULT NULL,
  `updated_at` timestamp NULL DEFAULT NULL,
  PRIMARY KEY (`id`)
) ENGINE=InnoDB AUTO_INCREMENT=31 DEFAULT CHARSET=utf8mb4 COLLATE=utf8mb4_unicode_ci;
/*!40101 SET character_set_client = @saved_cs_client */;

--
-- Dumping data for table `widgets`
--

LOCK TABLES `widgets` WRITE;
/*!40000 ALTER TABLE `widgets` DISABLE KEYS */;
INSERT INTO `widgets` VALUES (1,'SiteInfoWidget','footer_sidebar','nest',0,'{\"id\":\"SiteInfoWidget\",\"name\":\"Site information\",\"about\":\"Awesome grocery store website template\",\"phone\":\"(+91) - 540-025-124553\",\"address\":\"5171 W Campbell Ave undefined Kent, Utah 53127 United States\",\"email\":\"sale@Nest.com\",\"working_hours\":\"10:00 - 18:00, Mon - Sat\"}','2023-03-05 23:43:02','2023-03-05 23:43:02'),(2,'CustomMenuWidget','footer_sidebar','nest',1,'{\"id\":\"CustomMenuWidget\",\"name\":\"Company\",\"menu_id\":\"company\"}','2023-03-05 23:43:02','2023-03-05 23:43:02'),(4,'CustomMenuWidget','footer_sidebar','nest',3,'{\"id\":\"CustomMenuWidget\",\"name\":\"Information\",\"menu_id\":\"information\"}','2023-03-05 23:43:02','2023-03-05 23:43:02'),(5,'InstallAppWidget','footer_sidebar','nest',3,'{\"id\":\"InstallAppWidget\",\"name\":\"Install App\",\"apps_description\":\"From App Store or Google Play\",\"ios_app_url\":\"#\",\"ios_app_image\":\"general\\/app-store.jpg\",\"android_app_url\":\"#\",\"android_app_image\":\"general\\/google-play.jpg\",\"payment_gateway_description\":\"Secured Payment Gateways\",\"payment_gateway_image\":\"general\\/payment-methods.png\"}','2023-03-05 23:43:02','2023-03-05 23:43:02'),(7,'ProductCategoriesWidget','primary_sidebar','nest',1,'{\"id\":\"ProductCategoriesWidget\",\"name\":\"Categories\"}','2023-03-05 23:43:02','2023-03-05 23:43:02'),(8,'TrendingProductsWidget','primary_sidebar','nest',2,'{\"id\":\"TrendingProductsWidget\",\"name\":\"Trending Now\",\"number_display\":4}','2023-03-05 23:43:02','2023-03-05 23:43:02'),(12,'ProductCategoriesWidget','product_sidebar','nest',1,'{\"id\":\"ProductCategoriesWidget\",\"name\":\"Categories\"}','2023-03-05 23:43:02','2023-03-05 23:43:02'),(13,'PriceFilterWidget','product_sidebar','nest',2,'{\"id\":\"PriceFilterWidget\",\"name\":\"Filter by price\"}','2023-03-05 23:43:02','2023-03-05 23:43:02'),(14,'NewProductsWidget','product_sidebar','nest',3,'{\"id\":\"NewProductsWidget\",\"name\":\"New products\"}','2023-03-05 23:43:02','2023-03-05 23:43:02'),(16,'NewsletterWidget','pre_footer_sidebar','nest',0,'{\"id\":\"NewsletterWidget\",\"title\":\"Stay home & get your daily <br \\/>needs from our shop\",\"subtitle\":\"Start Your Daily Shopping with <span>Nest Mart<\\/span>\",\"image\":\"general\\/newsletter-image.png\",\"background_image\":\"general\\/newsletter-background-image.png\"}','2023-03-05 23:43:02','2023-03-05 23:43:02'),(17,'SiteFeaturesWidget','pre_footer_sidebar','nest',1,'{\"id\":\"SiteFeaturesWidget\",\"title\":\"Site Features\",\"data\":{\"1\":{\"icon\":\"general\\/icon-1.png\",\"title\":\"Best prices & offers\",\"subtitle\":\"Orders $50 or more\"},\"2\":{\"icon\":\"general\\/icon-2.png\",\"title\":\"Free delivery\",\"subtitle\":\"24\\/7 amazing services\"},\"3\":{\"icon\":\"general\\/icon-3.png\",\"title\":\"Great daily deal\",\"subtitle\":\"When you sign up\"},\"4\":{\"icon\":\"general\\/icon-4.png\",\"title\":\"Wide assortment\",\"subtitle\":\"Mega Discounts\"},\"5\":{\"icon\":\"general\\/icon-5.png\",\"title\":\"Easy returns\",\"subtitle\":\"Within 30 days\"}}}','2023-03-05 23:43:02','2023-03-05 23:43:02'),(18,'SiteInfoWidget','footer_sidebar','nest-vi',0,'{\"id\":\"SiteInfoWidget\",\"name\":\"V\\u1ec1 ch\\u00fang t\\u00f4i\",\"about\":\"M\\u1eabu trang web c\\u1eeda h\\u00e0ng t\\u1ea1p h\\u00f3a tuy\\u1ec7t v\\u1eddi\",\"phone\":\"(+91) - 540-025-124553\",\"address\":\"5171 W Campbell Ave undefined Kent, Utah 53127 United States\",\"email\":\"sale@Nest.com\",\"working_hours\":\"10:00 - 18:00, Th\\u1ee9 2 - Th\\u1ee9 7\"}','2023-03-05 23:43:02','2023-03-05 23:43:02'),(19,'CustomMenuWidget','footer_sidebar','nest-vi',1,'{\"id\":\"CustomMenuWidget\",\"name\":\"C\\u00f4ng ty\",\"menu_id\":\"cong-ty\"}','2023-03-05 23:43:02','2023-03-05 23:43:02'),(20,'CustomMenuWidget','footer_sidebar','nest-vi',2,'{\"id\":\"CustomMenuWidget\",\"name\":\"Danh m\\u1ee5c s\\u1ea3n ph\\u1ea9m\",\"menu_id\":\"danh-muc-san-pham\"}','2023-03-05 23:43:02','2023-03-05 23:43:02'),(21,'CustomMenuWidget','footer_sidebar','nest-vi',3,'{\"id\":\"CustomMenuWidget\",\"name\":\"Th\\u00f4ng tin\",\"menu_id\":\"thong-tin\"}','2023-03-05 23:43:02','2023-03-05 23:43:02'),(22,'BlogSearchWidget','primary_sidebar','nest-vi',0,'{\"id\":\"BlogSearchWidget\",\"name\":\"T\\u00ecm ki\\u1ebfm\"}','2023-03-05 23:43:02','2023-03-05 23:43:02'),(23,'BlogCategoriesWidget','primary_sidebar','nest-vi',1,'{\"id\":\"BlogCategoriesWidget\",\"name\":\"Danh m\\u1ee5c\"}','2023-03-05 23:43:02','2023-03-05 23:43:02'),(24,'RecentPostsWidget','primary_sidebar','nest-vi',2,'{\"id\":\"RecentPostsWidget\",\"name\":\"B\\u00e0i vi\\u1ebft g\\u1ea7n \\u0111\\u00e2y\"}','2023-03-05 23:43:02','2023-03-05 23:43:02'),(25,'TagsWidget','primary_sidebar','nest-vi',4,'{\"id\":\"TagsWidget\",\"name\":\"Tags ph\\u1ed5 bi\\u1ebfn\"}','2023-03-05 23:43:02','2023-03-05 23:43:02'),(26,'ProductCategoriesWidget','product_sidebar','nest-vi',1,'{\"id\":\"ProductCategoriesWidget\",\"name\":\"Danh m\\u1ee5c s\\u1ea3n ph\\u1ea9m\"}','2023-03-05 23:43:02','2023-03-05 23:43:02'),(27,'FeaturedProductsWidget','product_sidebar','nest-vi',2,'{\"id\":\"FeaturedProductsWidget\",\"name\":\"S\\u1ea3n ph\\u1ea9m n\\u1ed5i b\\u1eadt\"}','2023-03-05 23:43:02','2023-03-05 23:43:02'),(28,'FeaturedBrandsWidget','product_sidebar','nest-vi',3,'{\"id\":\"FeaturedBrandsWidget\",\"name\":\"Nh\\u00e0 cung c\\u1ea5p\"}','2023-03-05 23:43:02','2023-03-05 23:43:02'),(29,'NewsletterWidget','pre_footer_sidebar','nest-vi',0,'{\"id\":\"NewsletterWidget\",\"title\":\"\\u1ede nh\\u00e0 & \\u0111\\u00e1p \\u1ee9ng nhu c\\u1ea7u <br \\/> h\\u00e0ng ng\\u00e0y c\\u1ee7a b\\u1ea1n t\\u1eeb c\\u1eeda h\\u00e0ng c\\u1ee7a ch\\u00fang t\\u00f4i\",\"subtitle\":\"B\\u1eaft \\u0111\\u1ea7u mua s\\u1eafm v\\u1edbi <span>Nest Mart<\\/span>\",\"image\":\"general\\/newsletter-image.png\",\"background_image\":\"general\\/newsletter-background-image.png\"}','2023-03-05 23:43:02','2023-03-05 23:43:02'),(30,'SiteFeaturesWidget','pre_footer_sidebar','nest-vi',1,'{\"id\":\"SiteFeaturesWidget\",\"title\":\"Site Features\",\"data\":{\"1\":{\"icon\":\"general\\/icon-1.png\",\"title\":\"Gi\\u00e1 & \\u01b0u \\u0111\\u00e3i t\\u1ed1t nh\\u1ea5t\",\"subtitle\":\"Cho \\u0111\\u01a1n h\\u00e0ng t\\u1eeb $50\"},\"2\":{\"icon\":\"general\\/icon-2.png\",\"title\":\"Mi\\u1ec5n ph\\u00ed v\\u1eadn chuy\\u1ec3n\",\"subtitle\":\"D\\u1ecbch v\\u1ee5 tuy\\u1ec7t v\\u1eddi 24\\/7\"},\"3\":{\"icon\":\"general\\/icon-3.png\",\"title\":\"\\u01afu \\u0111\\u00e3i h\\u00e0ng ng\\u00e0y\",\"subtitle\":\"Khi b\\u1ea1n \\u0111\\u0103ng k\\u00fd\"},\"4\":{\"icon\":\"general\\/icon-4.png\",\"title\":\"Nhi\\u1ec1u m\\u1eb7t h\\u00e0ng\",\"subtitle\":\"Gi\\u1ea3m gi\\u00e1 c\\u1ef1c l\\u1edbn\"},\"5\":{\"icon\":\"general\\/icon-5.png\",\"title\":\"D\\u1ec5 d\\u00e0ng ho\\u00e0n tr\\u1ea3\",\"subtitle\":\"Trong v\\u00f2ng 30 ng\\u00e0y\"}}}','2023-03-05 23:43:02','2023-03-05 23:43:02');
/*!40000 ALTER TABLE `widgets` ENABLE KEYS */;
UNLOCK TABLES;
/*!40103 SET TIME_ZONE=@OLD_TIME_ZONE */;

/*!40101 SET SQL_MODE=@OLD_SQL_MODE */;
/*!40014 SET FOREIGN_KEY_CHECKS=@OLD_FOREIGN_KEY_CHECKS */;
/*!40014 SET UNIQUE_CHECKS=@OLD_UNIQUE_CHECKS */;
/*!40101 SET CHARACTER_SET_CLIENT=@OLD_CHARACTER_SET_CLIENT */;
/*!40101 SET CHARACTER_SET_RESULTS=@OLD_CHARACTER_SET_RESULTS */;
/*!40101 SET COLLATION_CONNECTION=@OLD_COLLATION_CONNECTION */;
/*!40111 SET SQL_NOTES=@OLD_SQL_NOTES */;

-- Dump completed on 2023-06-15 19:15:11
